parent_batch,sub_batch,review_category,asset_id,current_path,planned_canonical_path,sha256,confidence,review_required,review_approved,execution_status,paired_asset_id,relationship_policy,reason
B02,B02A,safe-first-migration,branding.logos.cams,00_book/figures/icons/logo.svg,documentation_assets/branding/logos/cams.svg,682fd9b406a46e6a2f6bf0f5e5fdfd47a16e7bc7768f1f149ea49d5b0c4424b4,high,false,not-required,planned-not-executed,,preserve-source,Explicit Phase 3.1 safe set; high confidence/no review. Future execution only.
B02,B02F,unresolved,branding.logos.ptit,00_book/figures/icons/ptit-logo.svg,documentation_assets/branding/logos/ptit.svg,93a30384e825e1b4754e1d636ecfbacfb8658bcb98456aa9d7dc0550781f4646,high,true,false,planned-not-executed,,preserve-source,Hybrid SVG wrapper embeds raster branding; verify render compatibility/provenance.
B02,B02A,safe-first-migration,diagrams.architecture.application-source-tree,00_book/figures/report/appendix/project-structure.svg,documentation_assets/diagrams/architecture/application-source-tree.svg,c94c656ab5b4666bd7270eed9491b84c6a18f276ce720977abadbfd232439443,high,false,not-required,planned-not-executed,,preserve-source,Explicit Phase 3.1 safe set; high confidence/no review. Future execution only.
B02,B02B1,safe-authored-svg,diagrams.workflow.configuration-automation,00_book/figures/report/diagrams/01_pipeline_automation.svg,documentation_assets/diagrams/workflow/configuration-automation.svg,3195c12010c7ae0d2e21ad167f97c16f92b90cc6fe9e74cff369a9ce84fa8cb8,high,true,false,planned-not-executed,,preserve-source,Standalone authored-format SVG candidate; confirm captions/semantic path/uses explicitly before transfer; author/exporter identity not established.
B02,B02A,safe-first-migration,diagrams.workflow.configuration-state-flow,00_book/figures/report/diagrams/02_state_flow.svg,documentation_assets/diagrams/workflow/configuration-state-flow.svg,bb2e39cf56422866dee5953a1bd156683bc3de3cdfa3a6150f0fa4e837f39e09,high,false,not-required,planned-not-executed,,preserve-source,Explicit Phase 3.1 safe set; high confidence/no review. Future execution only.
B02,B02B1,safe-authored-svg,diagrams.workflow.cisco-cli-modes,00_book/figures/report/diagrams/03_cli_modes.svg,documentation_assets/diagrams/workflow/cisco-cli-modes.svg,36cb622dc36176dd5ce5dbb711f6bac4a6aa923bb8aea6995b697561a090f8bb,high,true,false,planned-not-executed,,preserve-source,Standalone authored-format SVG candidate; confirm captions/semantic path/uses explicitly before transfer; author/exporter identity not established.
B02,B02B1,safe-authored-svg,diagrams.architecture.ssh-session-connection,00_book/figures/report/diagrams/04_ssh_connection.svg,documentation_assets/diagrams/architecture/ssh-session-connection.svg,a3399f73db7f12a91049884ea393af24226f90c2fb7de2745fe0594b3b365b71,high,true,false,planned-not-executed,,preserve-source,Standalone authored-format SVG candidate; confirm captions/semantic path/uses explicitly before transfer; author/exporter identity not established.
B02,B02B1,safe-authored-svg,diagrams.workflow.device-session-lifecycle,00_book/figures/report/diagrams/05_session_lifecycle.svg,documentation_assets/diagrams/workflow/device-session-lifecycle.svg,da01ad6b25b426a5c509d80dd18440069dfe5c9a6f134a6b81e832cd38173127,high,true,false,planned-not-executed,,preserve-source,Standalone authored-format SVG candidate; confirm captions/semantic path/uses explicitly before transfer; author/exporter identity not established.
B02,B02B1,safe-authored-svg,diagrams.workflow.dhcp-dora-sequence,00_book/figures/report/diagrams/06_dhcp_dora.svg,documentation_assets/diagrams/workflow/dhcp-dora-sequence.svg,dd2126790f3ea0000f4416d765e5cd0d1c94765601a4bde1ebf49e08f1a446f4,high,true,false,planned-not-executed,,preserve-source,Standalone authored-format SVG candidate; confirm captions/semantic path/uses explicitly before transfer; author/exporter identity not established.
B02,B02C,raster-vector-pair-review,diagrams.network.ospf-multi-area-backbone,00_book/figures/report/diagrams/07_ospf_area.png,documentation_assets/diagrams/network/ospf-multi-area-backbone.png,dea09ba6f077a224486145c079a7a7499f1f8115937021ff7bd4673ee7804b13,medium,true,false,planned-not-executed,diagrams.network.ospf-area-zero-router-chain,keep-independent,"Phase 2 vector audit says different-content; preserve independent sources, IDs and hashes; no inferred derivative/deduplication."
B02,B02C,raster-vector-pair-review,diagrams.network.ospf-area-zero-router-chain,00_book/figures/report/diagrams/07_ospf_area.svg,documentation_assets/diagrams/network/ospf-area-zero-router-chain.svg,f80af3b8cd4e8d1af5287f3d9f0e39116d3d6c4faf583cd517e0c07b7128dca4,medium,true,false,planned-not-executed,diagrams.network.ospf-multi-area-backbone,keep-independent,"Phase 2 vector audit says different-content; preserve independent sources, IDs and hashes; no inferred derivative/deduplication."
B02,B02C,raster-vector-pair-review,diagrams.workflow.inbound-acl-tests,00_book/figures/report/diagrams/08_acl_packet_flow.jpg,documentation_assets/diagrams/workflow/inbound-acl-tests.jpg,40a0fa5ad7b02350772deebba6cb38f630e799c083ddb58f17ba0de0836cd323,medium,true,false,planned-not-executed,diagrams.workflow.acl-rule-evaluation,keep-independent,"Phase 2 vector audit says different-content; preserve independent sources, IDs and hashes; no inferred derivative/deduplication."
B02,B02C,raster-vector-pair-review,diagrams.workflow.acl-rule-evaluation,00_book/figures/report/diagrams/08_acl_packet_flow.svg,documentation_assets/diagrams/workflow/acl-rule-evaluation.svg,4bed4ebe3db618336b4da32c3be430d5de0a281cd970c48375409b1571bf24af,medium,true,false,planned-not-executed,diagrams.workflow.inbound-acl-tests,keep-independent,"Phase 2 vector audit says different-content; preserve independent sources, IDs and hashes; no inferred derivative/deduplication."
B02,B02B2,safe-authored-svg,diagrams.network.nat-pat-internet-topology,00_book/figures/report/diagrams/09_nat_pat.svg,documentation_assets/diagrams/network/nat-pat-internet-topology.svg,cecbbe82c940626672f57e8a8344282a56cbe902743eb9028f4a5805389b580a,high,true,false,planned-not-executed,,preserve-source,Standalone authored-format SVG candidate; confirm captions/semantic path/uses explicitly before transfer; author/exporter identity not established.
B02,B02B2,safe-authored-svg,diagrams.network.fhrp-virtual-gateway,00_book/figures/report/diagrams/10_fhrp_gateway.svg,documentation_assets/diagrams/network/fhrp-virtual-gateway.svg,b48ca1d3c3b8eb0a7a0e4e6d9e10abd47aede5d9445fed505f4b33acba0ae997,high,true,false,planned-not-executed,,preserve-source,Standalone authored-format SVG candidate; confirm captions/semantic path/uses explicitly before transfer; author/exporter identity not established.
B02,B02B2,safe-authored-svg,diagrams.database.device-entity-relations,00_book/figures/report/diagrams/11_db_schema.svg,documentation_assets/diagrams/database/device-entity-relations.svg,ec321d390306fca80952cbe45b4ff676041957ba5c6918a4723867603c7cffe5,high,true,false,planned-not-executed,,preserve-source,Standalone authored-format SVG candidate; confirm captions/semantic path/uses explicitly before transfer; author/exporter identity not established.
B02,B02B2,safe-authored-svg,diagrams.architecture.netmiko-ssh-stack,00_book/figures/report/diagrams/12_netmiko_stack.svg,documentation_assets/diagrams/architecture/netmiko-ssh-stack.svg,9d7ef6efe57fe4eec73b6bd4e547a0c1d98beb20154371aae7eab9999850260a,high,true,false,planned-not-executed,,preserve-source,Standalone authored-format SVG candidate; confirm captions/semantic path/uses explicitly before transfer; author/exporter identity not established.
B02,B02B2,safe-authored-svg,diagrams.architecture.qtquick-component-tree,00_book/figures/report/diagrams/13_qtquick_tree.svg,documentation_assets/diagrams/architecture/qtquick-component-tree.svg,4f9d0f2f6c38b9b0ad69ac6e13a06ab500642be1bc1b5274a86e856340796ae8,high,true,false,planned-not-executed,,preserve-source,Standalone authored-format SVG candidate; confirm captions/semantic path/uses explicitly before transfer; author/exporter identity not established.
B02,B02B3,safe-authored-svg,diagrams.architecture.qml-python-signal-flow,00_book/figures/report/diagrams/14_qml_signal_slot.svg,documentation_assets/diagrams/architecture/qml-python-signal-flow.svg,49b008c962334736a8b04316d9153dee4fb96ab4ad3685812372b0e5dacfd10b,high,true,false,planned-not-executed,,preserve-source,Standalone authored-format SVG candidate; confirm captions/semantic path/uses explicitly before transfer; author/exporter identity not established.
B02,B02B3,safe-authored-svg,diagrams.architecture.ui-thread-worker-dispatch,00_book/figures/report/diagrams/15_ui_thread_workers.svg,documentation_assets/diagrams/architecture/ui-thread-worker-dispatch.svg,56885763ba043a60d013a532dcaace27eb90ef3cb5fff4574deb35b1f815d7b5,high,true,false,planned-not-executed,,preserve-source,Standalone authored-format SVG candidate; confirm captions/semantic path/uses explicitly before transfer; author/exporter identity not established.
B02,B02B3,safe-authored-svg,diagrams.architecture.per-host-session-lock,00_book/figures/report/diagrams/16_host_lock.svg,documentation_assets/diagrams/architecture/per-host-session-lock.svg,a064764606773503177710294dc73cc2571cf890368f60ef3b54ffccc9fa128d,high,true,false,planned-not-executed,,preserve-source,Standalone authored-format SVG candidate; confirm captions/semantic path/uses explicitly before transfer; author/exporter identity not established.
B02,B02B3,safe-authored-svg,diagrams.workflow.per-host-serial-cross-host-parallel,00_book/figures/report/diagrams/17_serialize_parallel.svg,documentation_assets/diagrams/workflow/per-host-serial-cross-host-parallel.svg,0e6d558baf42544be512c7f330d7674cf27fdeaa3afaea67a8763f8d4e016733,high,true,false,planned-not-executed,,preserve-source,Standalone authored-format SVG candidate; confirm captions/semantic path/uses explicitly before transfer; author/exporter identity not established.
B02,B02B3,safe-authored-svg,diagrams.workflow.syslog-processing-pipeline,00_book/figures/report/diagrams/18_syslog_pipeline.svg,documentation_assets/diagrams/workflow/syslog-processing-pipeline.svg,b838b6a36efb9dcf9649e981fddc7a81ac3407593c55e154d6499f8b42e05157,high,true,false,planned-not-executed,,preserve-source,Standalone authored-format SVG candidate; confirm captions/semantic path/uses explicitly before transfer; author/exporter identity not established.
B02,B02B4,safe-authored-svg,diagrams.workflow.service-repository-test,00_book/figures/report/diagrams/19_testing_flow_a.svg,documentation_assets/diagrams/workflow/service-repository-test.svg,832ad6644fb2d061ffeba2530bc896d9bde01b3e8aa94523f0fe7f0c640454f7,high,true,false,planned-not-executed,,preserve-source,Standalone authored-format SVG candidate; confirm captions/semantic path/uses explicitly before transfer; author/exporter identity not established.
B02,B02B4,safe-authored-svg,diagrams.workflow.worker-fake-connector-test,00_book/figures/report/diagrams/20_testing_flow_b.svg,documentation_assets/diagrams/workflow/worker-fake-connector-test.svg,dd0df982429289ced4144dd67d10b0e05cbca30a9cf8c634632c16541754a211,high,true,false,planned-not-executed,,preserve-source,Standalone authored-format SVG candidate; confirm captions/semantic path/uses explicitly before transfer; author/exporter identity not established.
B02,B02B4,safe-authored-svg,diagrams.workflow.network-lab-verification,00_book/figures/report/diagrams/21_lab_test_flow.svg,documentation_assets/diagrams/workflow/network-lab-verification.svg,157f7c29cecc337f5e66cc07fda35a7662ee3da69f17f005861c4e3001a825f2,high,true,false,planned-not-executed,,preserve-source,Standalone authored-format SVG candidate; confirm captions/semantic path/uses explicitly before transfer; author/exporter identity not established.
B02,B02A,safe-first-migration,diagrams.architecture.cams-layered-system,00_book/figures/report/diagrams/22_architecture_overview.svg,documentation_assets/diagrams/architecture/cams-layered-system.svg,d106f9418af8eb1cfbd4f94c49c5a1a473ab0c33191b7983db7e0bb102b3ade8,high,false,not-required,planned-not-executed,,preserve-source,Explicit Phase 3.1 safe set; high confidence/no review. Future execution only.
B02,B02E1,legacy-raster-diagram,diagrams.network.etherchannel-redundant-uplinks,00_book/figures/report/diagrams/Etherchannel.jpg,documentation_assets/diagrams/network/etherchannel-redundant-uplinks.jpg,14f22ddd7e0e43dc1ea6424974709d62308c5aca2f57bb088747475cd4f3003d,high,true,false,planned-not-executed,,preserve-source,Retain raster source bytes; review semantic role/uses/caption; no re-render/vectorization or auto orphan deletion.
B02,B02D,lab-topology-review,diagrams.lab-topology.routing-ospf.multi-area-branches-raster,00_book/figures/report/diagrams/LAB_2-report.png,documentation_assets/diagrams/lab-topology/routing-ospf/multi-area-branches-raster.png,afc05beaf1831559eea82e2289614826202267d50014adc562ba6d4c59230f9b,medium,true,false,planned-not-executed,diagrams.lab-topology.routing-ospf.multi-area-branches-vector,keep-independent,"LAB_2 raster/vector equivalence unproven; preserve independent IDs/paths and review topology, scenario and references."
B02,B02D,lab-topology-review,diagrams.lab-topology.routing-ospf.multi-area-branches-vector,00_book/figures/report/diagrams/LAB_2.svg,documentation_assets/diagrams/lab-topology/routing-ospf/multi-area-branches-vector.svg,6326172229c7292d4311e33d451c4d8742b114a42461eea014cd86651ccd86e9,medium,true,false,planned-not-executed,diagrams.lab-topology.routing-ospf.multi-area-branches-raster,keep-independent,"LAB_2 raster/vector equivalence unproven; preserve independent IDs/paths and review topology, scenario and references."
B02,B02A,safe-first-migration,diagrams.lab-topology.switching.layer-two-security,00_book/figures/report/diagrams/LAB_KICH_BAN_1.svg,documentation_assets/diagrams/lab-topology/switching/layer-two-security.svg,e1cb07210d48c59fb0c201785e4cfa06c6eefedbf6f7ad3168782dcb74dc1bb8,high,false,not-required,planned-not-executed,,preserve-source,Explicit Phase 3.1 safe set; high confidence/no review. Future execution only.
B02,B02E1,legacy-raster-diagram,diagrams.network.stp-root-port-election,00_book/figures/report/diagrams/STP.jpg,documentation_assets/diagrams/network/stp-root-port-election.jpg,3fd4b632264b567cf9f32bad3669021d5d94231fd7b79a00e8cfc9d990125a98,high,true,false,planned-not-executed,,preserve-source,Retain raster source bytes; review semantic role/uses/caption; no re-render/vectorization or auto orphan deletion.
B02,B02E1,legacy-raster-diagram,diagrams.network.vtp-server-clients,00_book/figures/report/diagrams/VTP.jpg,documentation_assets/diagrams/network/vtp-server-clients.jpg,7d0492e745c74fbf8c8aaadd6d1489430cfbcfcb533a20cd2cb58f776e9f3fbf,high,true,false,planned-not-executed,,preserve-source,Retain raster source bytes; review semantic role/uses/caption; no re-render/vectorization or auto orphan deletion.
B02,B02E2,legacy-raster-diagram,diagrams.network.dhcp-snooping-rogue-server,00_book/figures/report/diagrams/dhcp-snooping.jpg,documentation_assets/diagrams/network/dhcp-snooping-rogue-server.jpg,486f0fb4c8afc061d1855421c82cc44c3f4b73b57293e1a9a39af7a6b20f7d7f,high,true,false,planned-not-executed,,preserve-source,Retain raster source bytes; review semantic role/uses/caption; no re-render/vectorization or auto orphan deletion.
B02,B02E2,legacy-raster-diagram,diagrams.workflow.dhcp-dora-client-server-illustration,00_book/figures/report/diagrams/dhcp_dora.png,documentation_assets/diagrams/workflow/dhcp-dora-client-server-illustration.png,58934859e6675f6a5c0cad8224296397aea97588cc708a8b0f38d1fcdb53c6fa,high,true,false,planned-not-executed,,preserve-source,Retain raster source bytes; review semantic role/uses/caption; no re-render/vectorization or auto orphan deletion.
B02,B02F,unresolved,diagrams.lab-topology.multi-router-branch-routing,00_book/figures/report/diagrams/lab_4.svg,documentation_assets/diagrams/lab-topology/multi-router-branch-routing.svg,b8e138de584332e75f982909aab388cbbbe556c07bd8fd3301de2256cbf244e3,low,true,false,planned-not-executed,,preserve-source,Topology naming/scenario remains provisional; verify section/scenario before transfer.
B02,B02E2,legacy-raster-diagram,diagrams.network.vlan-trunk-segmentation,00_book/figures/report/diagrams/vlan.png,documentation_assets/diagrams/network/vlan-trunk-segmentation.png,9fa7718ceb23b369c5a2c5b14817acf3e9fb423c0feb68b2968b7922b70ee2d0,high,true,false,planned-not-executed,,preserve-source,Retain raster source bytes; review semantic role/uses/caption; no re-render/vectorization or auto orphan deletion.
B02,B02B4,safe-authored-svg,diagrams.database.core-observed-data-relationships,00_book/figures/report/diagrams/review-core-erd.svg,documentation_assets/diagrams/database/core-observed-data-relationships.svg,19c315bba2f717ac77213382bd8f4d1a6fa4aa2b9d9cc101ed47e9133ac68e1f,high,true,false,planned-not-executed,,preserve-source,Standalone authored-format SVG candidate; confirm captions/semantic path/uses explicitly before transfer; author/exporter identity not established.
B02,B02B4,safe-authored-svg,diagrams.workflow.syslog-processing-sequence,00_book/figures/report/diagrams/review-syslog-sequence.svg,documentation_assets/diagrams/workflow/syslog-processing-sequence.svg,668ab70e664a325e207e55de89549f2a4d85e63c180fdb63bb099086c02896db,high,true,false,planned-not-executed,,preserve-source,Standalone authored-format SVG candidate; confirm captions/semantic path/uses explicitly before transfer; author/exporter identity not established.
