asset_id,current_path,workflow,current_filename,reserved_default_output,planned_canonical_path,mismatch,generator_evidence,strategy,default_write_status,required_action
ui.core.workspace-overview,00_book/figures/gui/chapter-03/01-workspace-overview.png,chapter-03,01-workspace-overview.png,documentation_assets/ui/docshot/core/01-workspace-overview.png,documentation_assets/ui/docshot/core/workspace-overview.png,filename,docshots/chapter03.py + shots.py,B,blocked-until-B03-output-map,Map workflow output to this logical ID and full semantic path; validate coverage before lifting guard.
ui.core.view-menu,00_book/figures/gui/chapter-03/02-menu-bar.png,chapter-03,02-menu-bar.png,documentation_assets/ui/docshot/core/02-menu-bar.png,documentation_assets/ui/docshot/core/view-menu.png,filename,docshots/chapter03.py + shots.py,B,blocked-until-B03-output-map,Map workflow output to this logical ID and full semantic path; validate coverage before lifting guard.
ui.core.activity-bar,00_book/figures/gui/chapter-03/03-activity-bar.png,chapter-03,03-activity-bar.png,documentation_assets/ui/docshot/core/03-activity-bar.png,documentation_assets/ui/docshot/core/activity-bar.png,filename,docshots/chapter03.py + shots.py,B,blocked-until-B03-output-map,Map workflow output to this logical ID and full semantic path; validate coverage before lifting guard.
ui.devices.sidebar-status-groups,00_book/figures/gui/chapter-03/04-devices-sidebar.png,chapter-03,04-devices-sidebar.png,documentation_assets/ui/docshot/core/04-devices-sidebar.png,documentation_assets/ui/docshot/devices/sidebar-status-groups.png,filename-and-domain,docshots/chapter03.py + shots.py,B,blocked-until-B03-output-map,Map workflow output to this logical ID and full semantic path; validate coverage before lifting guard.
ui.devices.tabs-router-active,00_book/figures/gui/chapter-03/05-device-tabs.png,chapter-03,05-device-tabs.png,documentation_assets/ui/docshot/core/05-device-tabs.png,documentation_assets/ui/docshot/devices/tabs-router-active.png,filename-and-domain,docshots/chapter03.py + shots.py,B,blocked-until-B03-output-map,Map workflow output to this logical ID and full semantic path; validate coverage before lifting guard.
ui.core.feature-bar-router,00_book/figures/gui/chapter-03/06-feature-bar-router.png,chapter-03,06-feature-bar-router.png,documentation_assets/ui/docshot/core/06-feature-bar-router.png,documentation_assets/ui/docshot/core/feature-bar-router.png,filename,docshots/chapter03.py + shots.py,B,blocked-until-B03-output-map,Map workflow output to this logical ID and full semantic path; validate coverage before lifting guard.
ui.core.feature-bar-switch,00_book/figures/gui/chapter-03/07-feature-bar-switch.png,chapter-03,07-feature-bar-switch.png,documentation_assets/ui/docshot/core/07-feature-bar-switch.png,documentation_assets/ui/docshot/core/feature-bar-switch.png,filename,docshots/chapter03.py + shots.py,B,blocked-until-B03-output-map,Map workflow output to this logical ID and full semantic path; validate coverage before lifting guard.
ui.core.information-empty,00_book/figures/gui/chapter-03/08-content-area.png,chapter-03,08-content-area.png,documentation_assets/ui/docshot/core/08-content-area.png,documentation_assets/ui/docshot/core/information-empty.png,filename,docshots/chapter03.py + shots.py,B,blocked-until-B03-output-map,Map workflow output to this logical ID and full semantic path; validate coverage before lifting guard.
ui.core.status-bar,00_book/figures/gui/chapter-03/09-status-bar.png,chapter-03,09-status-bar.png,documentation_assets/ui/docshot/core/09-status-bar.png,documentation_assets/ui/docshot/core/status-bar.png,filename,docshots/chapter03.py + shots.py,B,blocked-until-B03-output-map,Map workflow output to this logical ID and full semantic path; validate coverage before lifting guard.
ui.core.status-details,00_book/figures/gui/chapter-03/09-status-details.png,chapter-03,09-status-details.png,documentation_assets/ui/docshot/core/09-status-details.png,documentation_assets/ui/docshot/core/status-details.png,filename,docshots/chapter03.py + shots.py,B,blocked-until-B03-output-map,Map workflow output to this logical ID and full semantic path; validate coverage before lifting guard.
ui.core.sidebar-collapsed,00_book/figures/gui/chapter-03/10-sidebar-collapsed.png,chapter-03,10-sidebar-collapsed.png,documentation_assets/ui/docshot/core/10-sidebar-collapsed.png,documentation_assets/ui/docshot/core/sidebar-collapsed.png,filename,docshots/chapter03.py + shots.py,B,blocked-until-B03-output-map,Map workflow output to this logical ID and full semantic path; validate coverage before lifting guard.
ui.devices.inventory-waiting,00_book/figures/gui/chapter-04/01-devices-inventory.png,chapter-04,01-devices-inventory.png,documentation_assets/ui/docshot/devices/01-devices-inventory.png,documentation_assets/ui/docshot/devices/inventory-waiting.png,filename,docshots/chapter04.py:FILENAMES,B,blocked-until-B03-output-map,Map workflow output to this logical ID and full semantic path; validate coverage before lifting guard.
ui.devices.create-empty,00_book/figures/gui/chapter-04/02-add-device-empty.png,chapter-04,02-add-device-empty.png,documentation_assets/ui/docshot/devices/02-add-device-empty.png,documentation_assets/ui/docshot/devices/create-empty.png,filename,docshots/chapter04.py:FILENAMES,B,blocked-until-B03-output-map,Map workflow output to this logical ID and full semantic path; validate coverage before lifting guard.
ui.devices.create-filled,00_book/figures/gui/chapter-04/03-add-device-filled.png,chapter-04,03-add-device-filled.png,documentation_assets/ui/docshot/devices/03-add-device-filled.png,documentation_assets/ui/docshot/devices/create-filled.png,filename,docshots/chapter04.py:FILENAMES,B,blocked-until-B03-output-map,Map workflow output to this logical ID and full semantic path; validate coverage before lifting guard.
ui.devices.created-waiting,00_book/figures/gui/chapter-04/04-device-added-waiting.png,chapter-04,04-device-added-waiting.png,documentation_assets/ui/docshot/devices/04-device-added-waiting.png,documentation_assets/ui/docshot/devices/created-waiting.png,filename,docshots/chapter04.py:FILENAMES,B,blocked-until-B03-output-map,Map workflow output to this logical ID and full semantic path; validate coverage before lifting guard.
ui.devices.ssh-compatibility,00_book/figures/gui/chapter-04/05-ssh-compatibility.png,chapter-04,05-ssh-compatibility.png,documentation_assets/ui/docshot/devices/05-ssh-compatibility.png,documentation_assets/ui/docshot/devices/ssh-compatibility.png,filename,docshots/chapter04.py:FILENAMES,B,blocked-until-B03-output-map,Map workflow output to this logical ID and full semantic path; validate coverage before lifting guard.
ui.devices.batch-create-empty,00_book/figures/gui/chapter-04/06-add-multiple-devices.png,chapter-04,06-add-multiple-devices.png,documentation_assets/ui/docshot/devices/06-add-multiple-devices.png,documentation_assets/ui/docshot/devices/batch-create-empty.png,filename,docshots/chapter04.py:FILENAMES,B,blocked-until-B03-output-map,Map workflow output to this logical ID and full semantic path; validate coverage before lifting guard.
ui.devices.batch-create-filled,00_book/figures/gui/chapter-04/07-batch-devices-filled.png,chapter-04,07-batch-devices-filled.png,documentation_assets/ui/docshot/devices/07-batch-devices-filled.png,documentation_assets/ui/docshot/devices/batch-create-filled.png,filename,docshots/chapter04.py:FILENAMES,B,blocked-until-B03-output-map,Map workflow output to this logical ID and full semantic path; validate coverage before lifting guard.
ui.devices.search-switches,00_book/figures/gui/chapter-04/08-search-filter.png,chapter-04,08-search-filter.png,documentation_assets/ui/docshot/devices/08-search-filter.png,documentation_assets/ui/docshot/devices/search-switches.png,filename,docshots/chapter04.py:FILENAMES,B,blocked-until-B03-output-map,Map workflow output to this logical ID and full semantic path; validate coverage before lifting guard.
ui.devices.context-waiting,00_book/figures/gui/chapter-04/09-device-context-waiting.png,chapter-04,09-device-context-waiting.png,documentation_assets/ui/docshot/devices/09-device-context-waiting.png,documentation_assets/ui/docshot/devices/context-waiting.png,filename,docshots/chapter04.py:FILENAMES,B,blocked-until-B03-output-map,Map workflow output to this logical ID and full semantic path; validate coverage before lifting guard.
ui.devices.connected,00_book/figures/gui/chapter-04/10-device-connected.png,chapter-04,10-device-connected.png,documentation_assets/ui/docshot/devices/10-device-connected.png,documentation_assets/ui/docshot/devices/connected.png,filename,docshots/chapter04.py:FILENAMES,B,blocked-until-B03-output-map,Map workflow output to this logical ID and full semantic path; validate coverage before lifting guard.
ui.devices.context-connected,00_book/figures/gui/chapter-04/11-device-context-connected.png,chapter-04,11-device-context-connected.png,documentation_assets/ui/docshot/devices/11-device-context-connected.png,documentation_assets/ui/docshot/devices/context-connected.png,filename,docshots/chapter04.py:FILENAMES,B,blocked-until-B03-output-map,Map workflow output to this logical ID and full semantic path; validate coverage before lifting guard.
ui.devices.context-disconnected,00_book/figures/gui/chapter-04/12-device-context-disconnected.png,chapter-04,12-device-context-disconnected.png,documentation_assets/ui/docshot/devices/12-device-context-disconnected.png,documentation_assets/ui/docshot/devices/context-disconnected.png,filename,docshots/chapter04.py:FILENAMES,B,blocked-until-B03-output-map,Map workflow output to this logical ID and full semantic path; validate coverage before lifting guard.
ui.devices.multi-select-mixed-status,00_book/figures/gui/chapter-04/13-multi-select.png,chapter-04,13-multi-select.png,documentation_assets/ui/docshot/devices/13-multi-select.png,documentation_assets/ui/docshot/devices/multi-select-mixed-status.png,filename,docshots/chapter04.py:FILENAMES,B,blocked-until-B03-output-map,Map workflow output to this logical ID and full semantic path; validate coverage before lifting guard.
ui.devices.multi-select-actions,00_book/figures/gui/chapter-04/14-multi-select-actions.png,chapter-04,14-multi-select-actions.png,documentation_assets/ui/docshot/devices/14-multi-select-actions.png,documentation_assets/ui/docshot/devices/multi-select-actions.png,filename,docshots/chapter04.py:FILENAMES,B,blocked-until-B03-output-map,Map workflow output to this logical ID and full semantic path; validate coverage before lifting guard.
ui.devices.edit,00_book/figures/gui/chapter-04/15-edit-device.png,chapter-04,15-edit-device.png,documentation_assets/ui/docshot/devices/15-edit-device.png,documentation_assets/ui/docshot/devices/edit.png,filename,docshots/chapter04.py:FILENAMES,B,blocked-until-B03-output-map,Map workflow output to this logical ID and full semantic path; validate coverage before lifting guard.
ui.devices.delete-confirmation,00_book/figures/gui/chapter-04/16-delete-device-confirmation.png,chapter-04,16-delete-device-confirmation.png,documentation_assets/ui/docshot/devices/16-delete-device-confirmation.png,documentation_assets/ui/docshot/devices/delete-confirmation.png,filename,docshots/chapter04.py:FILENAMES,B,blocked-until-B03-output-map,Map workflow output to this logical ID and full semantic path; validate coverage before lifting guard.
ui.devices.running-config-snapshot,00_book/figures/gui/chapter-04/17-running-config-result.png,chapter-04,17-running-config-result.png,documentation_assets/ui/docshot/devices/17-running-config-result.png,documentation_assets/ui/docshot/devices/running-config-snapshot.png,filename,docshots/chapter04.py:FILENAMES,B,blocked-until-B03-output-map,Map workflow output to this logical ID and full semantic path; validate coverage before lifting guard.
ui.devices.import-result,00_book/figures/gui/chapter-04/18-import-result.png,chapter-04,18-import-result.png,documentation_assets/ui/docshot/devices/18-import-result.png,documentation_assets/ui/docshot/devices/import-result.png,filename,docshots/chapter04.py:FILENAMES,B,blocked-until-B03-output-map,Map workflow output to this logical ID and full semantic path; validate coverage before lifting guard.
ui.devices.batch-host-name-detail,00_book/figures/gui/chapter-04/19-batch-table-detail.png,chapter-04,19-batch-table-detail.png,documentation_assets/ui/docshot/devices/19-batch-table-detail.png,documentation_assets/ui/docshot/devices/batch-host-name-detail.png,filename,docshots/chapter04.py:FILENAMES,B,blocked-until-B03-output-map,Map workflow output to this logical ID and full semantic path; validate coverage before lifting guard.
ui.devices.inventory-router-selected,00_book/figures/gui/devices.png,devices,devices.png,documentation_assets/ui/docshot/devices/devices.png,documentation_assets/ui/docshot/devices/inventory-router-selected.png,filename,docshots/runtime.py + shots.py,B,blocked-until-B03-output-map,Map workflow output to this logical ID and full semantic path; validate coverage before lifting guard.
ui.switching.vlan.switch-selected,00_book/figures/gui/vlan/01-select-switch.png,vlan,01-select-switch.png,documentation_assets/ui/docshot/switching/vlan/01-select-switch.png,documentation_assets/ui/docshot/switching/vlan/switch-selected.png,filename,docshots/runtime.py + shots.py,B,blocked-until-B03-output-map,Map workflow output to this logical ID and full semantic path; validate coverage before lifting guard.
ui.switching.vlan.database,00_book/figures/gui/vlan/02-open-vlan.png,vlan,02-open-vlan.png,documentation_assets/ui/docshot/switching/vlan/02-open-vlan.png,documentation_assets/ui/docshot/switching/vlan/database.png,filename,docshots/runtime.py + shots.py,B,blocked-until-B03-output-map,Map workflow output to this logical ID and full semantic path; validate coverage before lifting guard.
ui.switching.vlan.create-empty,00_book/figures/gui/vlan/03-add-vlan.png,vlan,03-add-vlan.png,documentation_assets/ui/docshot/switching/vlan/03-add-vlan.png,documentation_assets/ui/docshot/switching/vlan/create-empty.png,filename,docshots/runtime.py + shots.py,B,blocked-until-B03-output-map,Map workflow output to this logical ID and full semantic path; validate coverage before lifting guard.
ui.switching.vlan.create-id-filled,00_book/figures/gui/vlan/04-vlan-id.png,vlan,04-vlan-id.png,documentation_assets/ui/docshot/switching/vlan/04-vlan-id.png,documentation_assets/ui/docshot/switching/vlan/create-id-filled.png,filename,docshots/runtime.py + shots.py,B,blocked-until-B03-output-map,Map workflow output to this logical ID and full semantic path; validate coverage before lifting guard.
ui.switching.vlan.create-name-filled,00_book/figures/gui/vlan/05-vlan-name.png,vlan,05-vlan-name.png,documentation_assets/ui/docshot/switching/vlan/05-vlan-name.png,documentation_assets/ui/docshot/switching/vlan/create-name-filled.png,filename,docshots/runtime.py + shots.py,B,blocked-until-B03-output-map,Map workflow output to this logical ID and full semantic path; validate coverage before lifting guard.
ui.switching.vlan.create-state-selector,00_book/figures/gui/vlan/06-vlan-state.png,vlan,06-vlan-state.png,documentation_assets/ui/docshot/switching/vlan/06-vlan-state.png,documentation_assets/ui/docshot/switching/vlan/create-state-selector.png,filename,docshots/runtime.py + shots.py,B,blocked-until-B03-output-map,Map workflow output to this logical ID and full semantic path; validate coverage before lifting guard.
ui.switching.vlan.create-ready,00_book/figures/gui/vlan/07-ready-to-save.png,vlan,07-ready-to-save.png,documentation_assets/ui/docshot/switching/vlan/07-ready-to-save.png,documentation_assets/ui/docshot/switching/vlan/create-ready.png,filename,docshots/runtime.py + shots.py,B,blocked-until-B03-output-map,Map workflow output to this logical ID and full semantic path; validate coverage before lifting guard.
ui.switching.vlan.created-pending-apply,00_book/figures/gui/vlan/08-vlan-created.png,vlan,08-vlan-created.png,documentation_assets/ui/docshot/switching/vlan/08-vlan-created.png,documentation_assets/ui/docshot/switching/vlan/created-pending-apply.png,filename,docshots/runtime.py + shots.py,B,blocked-until-B03-output-map,Map workflow output to this logical ID and full semantic path; validate coverage before lifting guard.
ui.switching.vlan.view-push-guest,00_book/figures/gui/vlan/09-view-preview.png,vlan,09-view-preview.png,documentation_assets/ui/docshot/switching/vlan/09-view-preview.png,documentation_assets/ui/docshot/switching/vlan/view-push-guest.png,filename,docshots/runtime.py + shots.py,B,blocked-until-B03-output-map,Map workflow output to this logical ID and full semantic path; validate coverage before lifting guard.
ui.core.welcome-recent-projects,00_book/figures/gui/welcome.png,welcome,welcome.png,documentation_assets/ui/docshot/core/welcome.png,documentation_assets/ui/docshot/core/welcome-recent-projects.png,filename,docshots/runtime.py + shots.py,B,blocked-until-B03-output-map,Map workflow output to this logical ID and full semantic path; validate coverage before lifting guard.
ui.core.workspace-empty,00_book/figures/gui/workspace.png,workspace,workspace.png,documentation_assets/ui/docshot/project/workspace.png,documentation_assets/ui/docshot/core/workspace-empty.png,filename-and-domain,docshots/runtime.py + shots.py,B,blocked-until-B03-output-map,Map workflow output to this logical ID and full semantic path; validate coverage before lifting guard.
,,dialogs,view-push-dialog.png,documentation_assets/ui/docshot/core/dialogs/view-push-dialog.png,,no-manifest-record,docshots/shots.py:DIALOG_REGRESSION_FILENAMES,B,blocked-until-B03-output-map,Explicitly plan manifest IDs/semantic targets or keep regression renders temporary-only.
,,dialogs,snapshot-history-dialog.png,documentation_assets/ui/docshot/core/dialogs/snapshot-history-dialog.png,,no-manifest-record,docshots/shots.py:DIALOG_REGRESSION_FILENAMES,B,blocked-until-B03-output-map,Explicitly plan manifest IDs/semantic targets or keep regression renders temporary-only.
,,dialogs,create-project-dialog.png,documentation_assets/ui/docshot/core/dialogs/create-project-dialog.png,,no-manifest-record,docshots/shots.py:DIALOG_REGRESSION_FILENAMES,B,blocked-until-B03-output-map,Explicitly plan manifest IDs/semantic targets or keep regression renders temporary-only.
,,dialogs,create-project-password-dialog.png,documentation_assets/ui/docshot/core/dialogs/create-project-password-dialog.png,,no-manifest-record,docshots/shots.py:DIALOG_REGRESSION_FILENAMES,B,blocked-until-B03-output-map,Explicitly plan manifest IDs/semantic targets or keep regression renders temporary-only.
