asset_a,asset_b,asset_id_a,asset_id_b,duplicate_type,review_class,confidence,keep_both,merge_allowed,review_batch,reason,audit_metric,audit_distance,terminal_policy
00_book/figures/gui/chapter-02/04-workspace-opened.png,00_book/figures/gui/chapter-02/06-open-existing-project.png,ui.project.workspace-new-project,ui.project.workspace-open-existing,duplicate_visual_candidate,same-layout-different-state,medium,true,false,B17,Creation step/project/selected host/config fields differ; UI layout similarity does not imply same asset.,256-bit-dhash + RGB thumbnail MAE,0,nonterminal-review
00_book/figures/gui/chapter-02/04-workspace-opened.png,00_book/figures/gui/chapter-02/10-ready-workspace.png,ui.project.workspace-new-project,ui.project.workspace-ready,duplicate_visual_candidate,same-layout-different-state,medium,true,false,B17,Creation step/project/selected host/config fields differ; UI layout similarity does not imply same asset.,256-bit-dhash + RGB thumbnail MAE,0,nonterminal-review
00_book/figures/gui/chapter-02/04-workspace-opened.png,00_book/figures/gui/workspace.png,ui.project.workspace-new-project,ui.core.workspace-empty,duplicate_visual_candidate,same-layout-different-state,medium,true,false,B17,Creation step/project/selected host/config fields differ; UI layout similarity does not imply same asset.,256-bit-dhash + RGB thumbnail MAE,4,nonterminal-review
00_book/figures/gui/chapter-02/06-open-existing-project.png,00_book/figures/gui/chapter-02/10-ready-workspace.png,ui.project.workspace-open-existing,ui.project.workspace-ready,duplicate_visual_candidate,same-layout-different-state,medium,true,false,B17,Creation step/project/selected host/config fields differ; UI layout similarity does not imply same asset.,256-bit-dhash + RGB thumbnail MAE,0,nonterminal-review
00_book/figures/gui/chapter-02/06-open-existing-project.png,00_book/figures/gui/workspace.png,ui.project.workspace-open-existing,ui.core.workspace-empty,duplicate_visual_candidate,same-layout-different-state,medium,true,false,B17,Creation step/project/selected host/config fields differ; UI layout similarity does not imply same asset.,256-bit-dhash + RGB thumbnail MAE,4,nonterminal-review
00_book/figures/gui/chapter-02/10-ready-workspace.png,00_book/figures/gui/workspace.png,ui.project.workspace-ready,ui.core.workspace-empty,duplicate_visual_candidate,same-layout-different-state,medium,true,false,B17,Creation step/project/selected host/config fields differ; UI layout similarity does not imply same asset.,256-bit-dhash + RGB thumbnail MAE,4,nonterminal-review
00_book/figures/gui/chapter-05/02-edit-physical-interface.png,00_book/figures/gui/chapter-05/03-physical-interface-configured.png,ui.routing.interfaces.physical-edit,ui.routing.interfaces.physical-configured,duplicate_visual_candidate,same-layout-different-state,medium,true,false,B17,Creation step/project/selected host/config fields differ; UI layout similarity does not imply same asset.,256-bit-dhash + RGB thumbnail MAE,1,nonterminal-review
00_book/figures/gui/chapter-06/23-static-view-push.png,00_book/figures/gui/chapter-19/05-dhcp-relay-view-push.png,ui.routing.static.view-push,ui.switching.dhcp.relay-view-push,duplicate_visual_candidate,unrelated-similar-ui,high,true,false,B17,Different feature modules produce similar View & Push dialog layouts; commands differ.,256-bit-dhash + RGB thumbnail MAE,7,nonterminal-review
00_book/figures/gui/chapter-15/03-vlan-view-push.png,00_book/figures/gui/chapter-19/05-dhcp-relay-view-push.png,ui.switching.vlan.view-push-users,ui.switching.dhcp.relay-view-push,duplicate_visual_candidate,unrelated-similar-ui,high,true,false,B17,Different feature modules produce similar View & Push dialog layouts; commands differ.,256-bit-dhash + RGB thumbnail MAE,6,nonterminal-review
00_book/figures/gui/devices.png,00_book/figures/gui/vlan/01-select-switch.png,ui.devices.inventory-router-selected,ui.switching.vlan.switch-selected,duplicate_visual_candidate,same-layout-different-state,medium,true,false,B17,Creation step/project/selected host/config fields differ; UI layout similarity does not imply same asset.,256-bit-dhash + RGB thumbnail MAE,3,nonterminal-review
00_book/figures/gui/vlan/03-add-vlan.png,00_book/figures/gui/vlan/04-vlan-id.png,ui.switching.vlan.create-empty,ui.switching.vlan.create-id-filled,duplicate_visual_candidate,same-layout-different-state,medium,true,false,B17,Creation step/project/selected host/config fields differ; UI layout similarity does not imply same asset.,256-bit-dhash + RGB thumbnail MAE,0,nonterminal-review
00_book/figures/gui/vlan/03-add-vlan.png,00_book/figures/gui/vlan/05-vlan-name.png,ui.switching.vlan.create-empty,ui.switching.vlan.create-name-filled,duplicate_visual_candidate,same-layout-different-state,medium,true,false,B17,Creation step/project/selected host/config fields differ; UI layout similarity does not imply same asset.,256-bit-dhash + RGB thumbnail MAE,3,nonterminal-review
00_book/figures/gui/vlan/03-add-vlan.png,00_book/figures/gui/vlan/07-ready-to-save.png,ui.switching.vlan.create-empty,ui.switching.vlan.create-ready,duplicate_visual_candidate,same-layout-different-state,medium,true,false,B17,Creation step/project/selected host/config fields differ; UI layout similarity does not imply same asset.,256-bit-dhash + RGB thumbnail MAE,4,nonterminal-review
00_book/figures/gui/vlan/04-vlan-id.png,00_book/figures/gui/vlan/05-vlan-name.png,ui.switching.vlan.create-id-filled,ui.switching.vlan.create-name-filled,duplicate_visual_candidate,same-layout-different-state,medium,true,false,B17,Creation step/project/selected host/config fields differ; UI layout similarity does not imply same asset.,256-bit-dhash + RGB thumbnail MAE,3,nonterminal-review
00_book/figures/gui/vlan/04-vlan-id.png,00_book/figures/gui/vlan/07-ready-to-save.png,ui.switching.vlan.create-id-filled,ui.switching.vlan.create-ready,duplicate_visual_candidate,same-layout-different-state,medium,true,false,B17,Creation step/project/selected host/config fields differ; UI layout similarity does not imply same asset.,256-bit-dhash + RGB thumbnail MAE,4,nonterminal-review
00_book/figures/gui/vlan/05-vlan-name.png,00_book/figures/gui/vlan/06-vlan-state.png,ui.switching.vlan.create-name-filled,ui.switching.vlan.create-state-selector,duplicate_visual_candidate,same-layout-different-state,medium,true,false,B17,Creation step/project/selected host/config fields differ; UI layout similarity does not imply same asset.,256-bit-dhash + RGB thumbnail MAE,7,nonterminal-review
00_book/figures/gui/vlan/05-vlan-name.png,00_book/figures/gui/vlan/07-ready-to-save.png,ui.switching.vlan.create-name-filled,ui.switching.vlan.create-ready,duplicate_visual_candidate,same-layout-different-state,medium,true,false,B17,Creation step/project/selected host/config fields differ; UI layout similarity does not imply same asset.,256-bit-dhash + RGB thumbnail MAE,1,nonterminal-review
00_book/figures/gui/vlan/06-vlan-state.png,00_book/figures/gui/vlan/07-ready-to-save.png,ui.switching.vlan.create-state-selector,ui.switching.vlan.create-ready,duplicate_visual_candidate,same-layout-different-state,medium,true,false,B17,Creation step/project/selected host/config fields differ; UI layout similarity does not imply same asset.,256-bit-dhash + RGB thumbnail MAE,8,nonterminal-review
00_book/figures/report/diagrams/routing-ospf-lab/19.png,00_book/figures/report/diagrams/routing-ospf-lab/20.png,evidence.routing-ospf.r3-ospf-routing-verification,evidence.routing-ospf.r6-ospf-routing-verification,duplicate_visual_candidate,unrelated-similar-ui,high,true,false,none,Historical similarity metadata only. Terminal bytes/paths/references frozen; no pair merge/archive/rename/move/reconstruction. Different routers (R3/R6) have similar terminal layout; original outputs remain separate.,256-bit-dhash + RGB thumbnail MAE,8,frozen-no-action
00_book/figures/report/diagrams/routing-ospf-lab/2.png,00_book/figures/report/diagrams/routing-ospf-lab/3.png,evidence.routing-ospf.router-interface-editor-dark,evidence.routing-ospf.router-interface-addresses-dark,duplicate_visual_candidate,manual-review,low,true,false,B17,"Perceptual similarity only; inspect device, values, time and complete frame before content equivalence judgment.",256-bit-dhash + RGB thumbnail MAE,1,nonterminal-review
00_book/figures/report/diagrams/routing-ospf-lab/2.png,00_book/figures/report/diagrams/routing-ospf-lab/4.png,evidence.routing-ospf.router-interface-editor-dark,evidence.routing-ospf.router-interface-policy-dark,duplicate_visual_candidate,manual-review,low,true,false,B17,"Perceptual similarity only; inspect device, values, time and complete frame before content equivalence judgment.",256-bit-dhash + RGB thumbnail MAE,4,nonterminal-review
00_book/figures/report/diagrams/routing-ospf-lab/3.png,00_book/figures/report/diagrams/routing-ospf-lab/4.png,evidence.routing-ospf.router-interface-addresses-dark,evidence.routing-ospf.router-interface-policy-dark,duplicate_visual_candidate,manual-review,low,true,false,B17,"Perceptual similarity only; inspect device, values, time and complete frame before content equivalence judgment.",256-bit-dhash + RGB thumbnail MAE,3,nonterminal-review
00_book/figures/report/diagrams/routing-ospf-lab/5.png,00_book/figures/report/diagrams/routing-ospf-lab/6.png,evidence.routing-ospf.router-interfaces-inventory-dark,evidence.routing-ospf.router-interfaces-selected-dark,duplicate_visual_candidate,manual-review,low,true,false,B17,"Perceptual similarity only; inspect device, values, time and complete frame before content equivalence judgment.",256-bit-dhash + RGB thumbnail MAE,7,nonterminal-review
00_book/figures/report/diagrams/routing-ospf-lab/5.png,00_book/figures/report/diagrams/routing-ospf-lab/7.png,evidence.routing-ospf.router-interfaces-inventory-dark,evidence.routing-ospf.router-interface-edit-dark,duplicate_visual_candidate,manual-review,low,true,false,B17,"Perceptual similarity only; inspect device, values, time and complete frame before content equivalence judgment.",256-bit-dhash + RGB thumbnail MAE,7,nonterminal-review
00_book/figures/report/diagrams/routing-ospf-lab/6.png,00_book/figures/report/diagrams/routing-ospf-lab/7.png,evidence.routing-ospf.router-interfaces-selected-dark,evidence.routing-ospf.router-interface-edit-dark,duplicate_visual_candidate,manual-review,low,true,false,B17,"Perceptual similarity only; inspect device, values, time and complete frame before content equivalence judgment.",256-bit-dhash + RGB thumbnail MAE,4,nonterminal-review
00_book/figures/report/diagrams/switching-lab/1_1.png,00_book/figures/report/diagrams/switching-lab/1_18.png,evidence.switching.sw1-vlan-ten-access-assignments,evidence.switching.sw1-vlan-five-access-assignments,duplicate_visual_candidate,same-layout-different-state,medium,true,false,B17,"Lab switch/device, VLAN assignment or synchronization/capture state differs; retain both original captures.",256-bit-dhash + RGB thumbnail MAE,1,nonterminal-review
00_book/figures/report/diagrams/switching-lab/1_11.png,00_book/figures/report/diagrams/switching-lab/1_13.png,evidence.switching.sw2-trunks-synchronized,evidence.switching.sw4-trunks-synchronized,duplicate_visual_candidate,same-layout-different-state,medium,true,false,B17,"Lab switch/device, VLAN assignment or synchronization/capture state differs; retain both original captures.",256-bit-dhash + RGB thumbnail MAE,5,nonterminal-review
00_book/figures/report/diagrams/switching-lab/1_12.png,00_book/figures/report/diagrams/switching-lab/1_13.png,evidence.switching.sw3-trunks-synchronized,evidence.switching.sw4-trunks-synchronized,duplicate_visual_candidate,same-layout-different-state,medium,true,false,B17,"Lab switch/device, VLAN assignment or synchronization/capture state differs; retain both original captures.",256-bit-dhash + RGB thumbnail MAE,6,nonterminal-review
00_book/figures/report/diagrams/switching-lab/1_14.png,00_book/figures/report/diagrams/switching-lab/1_15.png,evidence.switching.sw5-trunks-synchronized,evidence.switching.sw6-trunks-synchronized,duplicate_visual_candidate,same-layout-different-state,medium,true,false,B17,"Lab switch/device, VLAN assignment or synchronization/capture state differs; retain both original captures.",256-bit-dhash + RGB thumbnail MAE,0,nonterminal-review
00_book/figures/report/diagrams/switching-lab/1_29.png,00_book/figures/report/diagrams/switching-lab/1_31.png,evidence.switching.sw2-vtp-trunk-verification,evidence.switching.sw2-vtp-trunk-alternate-capture,duplicate_visual_candidate,likely-same-content,medium,true,false,none,Historical similarity metadata only. Terminal bytes/paths/references frozen; no pair merge/archive/rename/move/reconstruction. Full images display same SW2 VTP/trunk output; byte hashes differ. Separate original records retained; second name is blocked pending provenance/state review.,256-bit-dhash + RGB thumbnail MAE,0,frozen-no-action
00_book/figures/report/diagrams/switching-lab/1_4.png,00_book/figures/report/diagrams/switching-lab/1_5.png,evidence.switching.sw3-lacp-inventory-reloaded,evidence.switching.sw1-lacp-inventory-reloaded,duplicate_visual_candidate,same-layout-different-state,medium,true,false,B17,"Lab switch/device, VLAN assignment or synchronization/capture state differs; retain both original captures.",256-bit-dhash + RGB thumbnail MAE,2,nonterminal-review
00_book/figures/report/diagrams/switching-lab/1_4.png,00_book/figures/report/diagrams/switching-lab/1_6.png,evidence.switching.sw3-lacp-inventory-reloaded,evidence.switching.sw3-lacp-later-capture,duplicate_visual_candidate,likely-same-content,medium,true,false,B17,Same SW3 LACP inventory/reloaded state; visible capture times differ. No verified semantic state distinction; second filename held.,256-bit-dhash + RGB thumbnail MAE,1,nonterminal-review
00_book/figures/report/diagrams/switching-lab/1_4.png,00_book/figures/report/diagrams/switching-lab/1_7.png,evidence.switching.sw3-lacp-inventory-reloaded,evidence.switching.sw2-pagp-synchronized,duplicate_visual_candidate,same-layout-different-state,medium,true,false,B17,"Lab switch/device, VLAN assignment or synchronization/capture state differs; retain both original captures.",256-bit-dhash + RGB thumbnail MAE,2,nonterminal-review
00_book/figures/report/diagrams/switching-lab/1_4.png,00_book/figures/report/diagrams/switching-lab/1_8.png,evidence.switching.sw3-lacp-inventory-reloaded,evidence.switching.sw4-pagp-synchronized,duplicate_visual_candidate,same-layout-different-state,medium,true,false,B17,"Lab switch/device, VLAN assignment or synchronization/capture state differs; retain both original captures.",256-bit-dhash + RGB thumbnail MAE,3,nonterminal-review
00_book/figures/report/diagrams/switching-lab/1_5.png,00_book/figures/report/diagrams/switching-lab/1_6.png,evidence.switching.sw1-lacp-inventory-reloaded,evidence.switching.sw3-lacp-later-capture,duplicate_visual_candidate,same-layout-different-state,medium,true,false,B17,"Lab switch/device, VLAN assignment or synchronization/capture state differs; retain both original captures.",256-bit-dhash + RGB thumbnail MAE,1,nonterminal-review
00_book/figures/report/diagrams/switching-lab/1_5.png,00_book/figures/report/diagrams/switching-lab/1_7.png,evidence.switching.sw1-lacp-inventory-reloaded,evidence.switching.sw2-pagp-synchronized,duplicate_visual_candidate,same-layout-different-state,medium,true,false,B17,"Lab switch/device, VLAN assignment or synchronization/capture state differs; retain both original captures.",256-bit-dhash + RGB thumbnail MAE,2,nonterminal-review
00_book/figures/report/diagrams/switching-lab/1_5.png,00_book/figures/report/diagrams/switching-lab/1_8.png,evidence.switching.sw1-lacp-inventory-reloaded,evidence.switching.sw4-pagp-synchronized,duplicate_visual_candidate,same-layout-different-state,medium,true,false,B17,"Lab switch/device, VLAN assignment or synchronization/capture state differs; retain both original captures.",256-bit-dhash + RGB thumbnail MAE,3,nonterminal-review
00_book/figures/report/diagrams/switching-lab/1_6.png,00_book/figures/report/diagrams/switching-lab/1_7.png,evidence.switching.sw3-lacp-later-capture,evidence.switching.sw2-pagp-synchronized,duplicate_visual_candidate,same-layout-different-state,medium,true,false,B17,"Lab switch/device, VLAN assignment or synchronization/capture state differs; retain both original captures.",256-bit-dhash + RGB thumbnail MAE,3,nonterminal-review
00_book/figures/report/diagrams/switching-lab/1_6.png,00_book/figures/report/diagrams/switching-lab/1_8.png,evidence.switching.sw3-lacp-later-capture,evidence.switching.sw4-pagp-synchronized,duplicate_visual_candidate,same-layout-different-state,medium,true,false,B17,"Lab switch/device, VLAN assignment or synchronization/capture state differs; retain both original captures.",256-bit-dhash + RGB thumbnail MAE,4,nonterminal-review
00_book/figures/report/diagrams/switching-lab/1_7.png,00_book/figures/report/diagrams/switching-lab/1_8.png,evidence.switching.sw2-pagp-synchronized,evidence.switching.sw4-pagp-synchronized,duplicate_visual_candidate,same-layout-different-state,medium,true,false,B17,"Lab switch/device, VLAN assignment or synchronization/capture state differs; retain both original captures.",256-bit-dhash + RGB thumbnail MAE,1,nonterminal-review
00_report/Tai_lieu_lab/LAB1/ANH_CUA_LAB/image copy 2.png,00_report/Tai_lieu_lab/LAB1/ANH_CUA_LAB/image copy.png,evidence.lab1.router-interface-editor,evidence.lab1.router-physical-interface-settings,duplicate_visual_candidate,same-layout-different-state,medium,true,false,B17,Router interface editor state differs; inspect values without merging captures.,256-bit-dhash + RGB thumbnail MAE,6,nonterminal-review
00_book/figures/report/diagrams/syslog-lab/18-email-critical.png,00_book/figures/report/diagrams/syslog-lab/lv3.png,evidence.syslog.email-error-sw1-cropped,evidence.syslog.email-error-sw1-gmail,duplicate_visual_candidate,likely-crop,medium,true,false,B17,"Current-main visual inspection: same email data/card, full Gmail frame versus cropped card. Crop/export lineage not established; preserve separate semantic paths and current hashes.","visual inspection, main delta only",,nonterminal-review
00_book/figures/report/diagrams/syslog-lab/19-email-warning.png,00_book/figures/report/diagrams/syslog-lab/lv4.png,evidence.syslog.email-warning-r1-cropped,evidence.syslog.email-warning-r1-gmail,duplicate_visual_candidate,likely-crop,medium,true,false,B17,"Current-main visual inspection: same email data/card, full Gmail frame versus cropped card. Crop/export lineage not established; preserve separate semantic paths and current hashes.","visual inspection, main delta only",,nonterminal-review
00_report/Tai_lieu_lab/LAB1/ANH_CUA_LAB/1.png,00_book/figures/report/diagrams/dhcp-snooping-lab/topo_dhcp_snooping.png,diagrams.lab-topology.lab1.router-switch-management,diagrams.dhcp-snooping-lab.dhcp-snooping-topology,duplicate_exact,exact-bytes,high,true,false,B17,"SHA-256 equality in added-main delta. Preserve both current files. Before transfer, review whether one logical canonical record can serve aliases; independent source identities/provenance not inferred. Coordinate B13/B15 and all references, no auto-deduplication.",sha256,0,nonterminal-review
00_report/Tai_lieu_lab/LAB1/ANH_CUA_LAB/image copy 12.png,00_book/figures/report/diagrams/dhcp-snooping-lab/r2_dhcp_success.png,evidence.lab1.r2-interface-status,terminal.capture.dhcp-snooping-lab.r2-dhcp-interface-status,duplicate_exact,exact-bytes,high,true,false,none,SHA-256 equality in added-main delta. Preserve both current files. Both terminal files frozen; no merge/move/rename.,sha256,0,frozen-no-action
00_report/Tai_lieu_lab/LAB1/ANH_CUA_LAB/image copy 13.png,00_book/figures/report/diagrams/dhcp-snooping-lab/cams_syslog_dhcp_assign.png,evidence.lab1.system-logs-filtered,evidence.dhcp-snooping-lab.dhcp-assignment-system-logs,duplicate_exact,exact-bytes,high,true,false,B17,"SHA-256 equality in added-main delta. Preserve both current files. Before transfer, review whether one logical canonical record can serve aliases; independent source identities/provenance not inferred. Coordinate B13/B15 and all references, no auto-deduplication.",sha256,0,nonterminal-review
00_report/Tai_lieu_lab/LAB1/ANH_CUA_LAB/image copy 14.png,00_book/figures/report/diagrams/dhcp-snooping-lab/cams_sw1_l2_push.png,evidence.lab1.l2-security-view-push-dialog,evidence.dhcp-snooping-lab.sw1-l2-security-view-push,duplicate_exact,exact-bytes,high,true,false,B17,"SHA-256 equality in added-main delta. Preserve both current files. Before transfer, review whether one logical canonical record can serve aliases; independent source identities/provenance not inferred. Coordinate B13/B15 and all references, no auto-deduplication.",sha256,0,nonterminal-review
00_report/Tai_lieu_lab/LAB1/ANH_CUA_LAB/image copy 3.png,00_book/figures/report/diagrams/dhcp-snooping-lab/cams_r1_dhcp_pool.png,evidence.lab1.dhcp-pool-editor,evidence.dhcp-snooping-lab.r1-dhcp-pool,duplicate_exact,exact-bytes,high,true,false,B17,"SHA-256 equality in added-main delta. Preserve both current files. Before transfer, review whether one logical canonical record can serve aliases; independent source identities/provenance not inferred. Coordinate B13/B15 and all references, no auto-deduplication.",sha256,0,nonterminal-review
00_report/Tai_lieu_lab/LAB1/ANH_CUA_LAB/image.png,00_book/figures/report/diagrams/dhcp-snooping-lab/cams_sw1_ports.png,evidence.lab1.switch-port-inventory,evidence.dhcp-snooping-lab.sw1-port-inventory,duplicate_exact,exact-bytes,high,true,false,B17,"SHA-256 equality in added-main delta. Preserve both current files. Before transfer, review whether one logical canonical record can serve aliases; independent source identities/provenance not inferred. Coordinate B13/B15 and all references, no auto-deduplication.",sha256,0,nonterminal-review
00_book/figures/report/diagrams/dhcp-snooping-lab/cams_sw1_trusted_uplink.png,00_report/Tai_lieu_lab/LAB1/ANH_CUA_LAB/image copy 16.png,evidence.dhcp-snooping-lab.sw1-trusted-uplink-applied,evidence.lab1.sw1-trusted-uplink-applied,duplicate_exact,exact-bytes,high,true,false,B17,"SHA-256 equality in added-main delta. Preserve both current files. Before transfer, review whether one logical canonical record can serve aliases; independent source identities/provenance not inferred. Coordinate B13/B15 and all references, no auto-deduplication.",sha256,0,nonterminal-review
