path,change,record_type,asset_id,asset_class,subject,size_bytes,width,height,image_mode,sha256,old_merge_base_sha256,migration_role,migration_action,canonical_migration,proposed_canonical_path,provenance,used_by,notes,current_main
00_book/figures/report/appendix/project-structure.svg,M,image-asset,diagrams.architecture.application-source-tree,architecture-diagram,application-source-tree,19902,,,,c94c656ab5b4666bd7270eed9491b84c6a18f276ce720977abadbfd232439443,5b2d0a620e52461c9aa6a46d43dab22e415426bcc9ca2bca2e27d5480fe85ebf,canonical,transfer-after-review,true,documentation_assets/diagrams/architecture/application-source-tree.svg,unknown,"[{""source_document"": ""00_report/appendix/appendix_a_cau_truc_du_an.typ"", ""line"": 17, ""reference"": ""/00_book/figures/report/appendix/project-structure.svg""}]","Authored SVG describes existing source format; exporter/author identity not established. Main terminology updated: terminal nhúng replaces Alacritty companion; same architecture domain/ID/path, current hash required.",e44ba4e79fb14031b89eeca68446109da3cbfb2e
00_book/figures/report/diagrams/dhcp-snooping-lab/cams_r1_dhcp_pool.png,A,image-asset,evidence.dhcp-snooping-lab.r1-dhcp-pool,ui,r1-dhcp-pool,255313,2560,1600,RGBA,7ad40a276aa7e12cfd97d526642ffb2ba37168799fa3fb88335e593b300e3d66,,original-evidence,transfer-after-review,true,documentation_assets/evidence/ui-capture/original/dhcp-snooping-lab/r1-dhcp-pool.png,current-main addition; inspected content and surrounding ACL lab/report where present; exact capture/export lineage unknown,[],"Inspected current-main delta. CAMS lab UI original, not docshot; preserve capture; new UI recreation is separate and conditional.",e44ba4e79fb14031b89eeca68446109da3cbfb2e
00_book/figures/report/diagrams/dhcp-snooping-lab/cams_sw1_l2_push.png,A,image-asset,evidence.dhcp-snooping-lab.sw1-l2-security-view-push,ui,sw1-l2-security-view-push,516415,2560,1600,RGBA,a3895e9de8a2d994816268fa1660ea080efdc9eeff685856f7a7007121d96e86,,original-evidence,transfer-after-review,true,documentation_assets/evidence/ui-capture/original/dhcp-snooping-lab/sw1-l2-security-view-push.png,current-main addition; inspected content and surrounding ACL lab/report where present; exact capture/export lineage unknown,[],"Inspected current-main delta. CAMS lab UI original, not docshot; preserve capture; new UI recreation is separate and conditional.",e44ba4e79fb14031b89eeca68446109da3cbfb2e
00_book/figures/report/diagrams/dhcp-snooping-lab/cams_sw1_ports.png,A,image-asset,evidence.dhcp-snooping-lab.sw1-port-inventory,ui,sw1-port-inventory,436331,2560,1600,RGBA,11c309a13360ee6c5b4f3661b371c8c563ca4e4c93fb42e3bc7432bbf0b2cfba,,original-evidence,transfer-after-review,true,documentation_assets/evidence/ui-capture/original/dhcp-snooping-lab/sw1-port-inventory.png,current-main addition; inspected content and surrounding ACL lab/report where present; exact capture/export lineage unknown,[],"Inspected current-main delta. CAMS lab UI original, not docshot; preserve capture; new UI recreation is separate and conditional.",e44ba4e79fb14031b89eeca68446109da3cbfb2e
00_book/figures/report/diagrams/dhcp-snooping-lab/cams_sw1_trusted_uplink.png,A,image-asset,evidence.dhcp-snooping-lab.sw1-trusted-uplink-applied,ui,sw1-trusted-uplink-applied,346655,2560,1600,RGBA,4f329352ea41114c58fdabc2041c841bdb00700c6ea7a6d681ba694dc6b0a7e5,,original-evidence,transfer-after-review,true,documentation_assets/evidence/ui-capture/original/dhcp-snooping-lab/sw1-trusted-uplink-applied.png,current-main addition; inspected content and surrounding ACL lab/report where present; exact capture/export lineage unknown,[],"Inspected current-main delta. CAMS lab UI original, not docshot; preserve capture; new UI recreation is separate and conditional.",e44ba4e79fb14031b89eeca68446109da3cbfb2e
00_book/figures/report/diagrams/dhcp-snooping-lab/cams_syslog_dhcp_assign.png,A,image-asset,evidence.dhcp-snooping-lab.dhcp-assignment-system-logs,ui,dhcp-assignment-system-logs,122997,2084,273,RGBA,a9b78706fbfb63382ea5e3320cc1adfa4ef832fbd1081ff901ea2dfcd189a7d4,,original-evidence,transfer-after-review,true,documentation_assets/evidence/ui-capture/original/dhcp-snooping-lab/dhcp-assignment-system-logs.png,current-main addition; inspected content and surrounding ACL lab/report where present; exact capture/export lineage unknown,[],"Inspected current-main delta. CAMS lab UI original, not docshot; preserve capture; new UI recreation is separate and conditional.",e44ba4e79fb14031b89eeca68446109da3cbfb2e
00_book/figures/report/diagrams/dhcp-snooping-lab/r2_dhcp_success.png,A,image-asset,terminal.capture.dhcp-snooping-lab.r2-dhcp-interface-status,terminal-evidence,r2-dhcp-interface-status,35768,1066,244,RGBA,ab8aded7672c08b97c0643bdd1791c26ed3fa64b01feb03a4ae3cc1c8a86371b,,frozen,classify-only,false,00_book/figures/report/diagrams/dhcp-snooping-lab/r2_dhcp_success.png,current-main addition; inspected content and surrounding ACL lab/report where present; exact capture/export lineage unknown,[],"Inspected current-main delta. Terminal evidence frozen, current path/bytes/reference only; no-action.",e44ba4e79fb14031b89eeca68446109da3cbfb2e
00_book/figures/report/diagrams/dhcp-snooping-lab/topo_dhcp_snooping.png,A,image-asset,diagrams.dhcp-snooping-lab.dhcp-snooping-topology,network-diagram,dhcp-snooping-topology,34570,1194,477,RGBA,74c29016a3676863772550c4667803fdc4fb9b88df30d3b52b302c9cafd7406b,,canonical,transfer-after-review,true,documentation_assets/diagrams/lab-topology/dhcp-snooping-lab/dhcp-snooping-topology.png,current-main addition; inspected content and surrounding ACL lab/report where present; exact capture/export lineage unknown,[],"Inspected current-main delta. Diagram content inspected from topology image or SVG source; independent canonical proposal, preserve current source.",e44ba4e79fb14031b89eeca68446109da3cbfb2e
00_book/figures/report/diagrams/review-core-erd.svg,A,image-asset,diagrams.database.core-observed-data-relationships,database-diagram,core-observed-data-relationships,3550,,,,19c315bba2f717ac77213382bd8f4d1a6fa4aa2b9d9cc101ed47e9133ac68e1f,,canonical,transfer-after-review,true,documentation_assets/diagrams/database/core-observed-data-relationships.svg,current-main addition; inspected content and surrounding ACL lab/report where present; exact capture/export lineage unknown,"[{""source_document"": ""00_report/contents/07_phan_tich_thiet_ke.typ"", ""line"": 163, ""reference"": ""/00_book/figures/report/diagrams/review-core-erd.svg""}]","Inspected current-main delta. Diagram content inspected from topology image or SVG source; independent canonical proposal, preserve current source.",e44ba4e79fb14031b89eeca68446109da3cbfb2e
00_book/figures/report/diagrams/review-syslog-sequence.svg,A,image-asset,diagrams.workflow.syslog-processing-sequence,workflow-diagram,syslog-processing-sequence,2700,,,,668ab70e664a325e207e55de89549f2a4d85e63c180fdb63bb099086c02896db,,canonical,transfer-after-review,true,documentation_assets/diagrams/workflow/syslog-processing-sequence.svg,current-main addition; inspected content and surrounding ACL lab/report where present; exact capture/export lineage unknown,"[{""source_document"": ""00_report/contents/07_phan_tich_thiet_ke.typ"", ""line"": 87, ""reference"": ""/00_book/figures/report/diagrams/review-syslog-sequence.svg""}]","Inspected current-main delta. Diagram content inspected from topology image or SVG source; independent canonical proposal, preserve current source.",e44ba4e79fb14031b89eeca68446109da3cbfb2e
00_book/figures/report/diagrams/syslog-lab/18-email-critical.png,M,image-asset,evidence.syslog.email-error-sw1-cropped,syslog-evidence,email-error-sw1-cropped,61294,680,750,RGB,b2e5baf00620b43f71fd2a72a508a17206754e13cd561bc0f58fb4aef420366e,cc3a1e1101ac8a1754861ad77de1262b06a51f6026b949d1dae0162b61a0ebee,original-evidence,transfer-after-review,true,documentation_assets/evidence/external-tools/original/syslog-lab/email-error-sw1-cropped.png,Current main replaced bytes with Error SW1 email card; chain of custody/crop lineage not verified,[],"Main replaced Critical bytes with Error SW1 severity 3 cropped email card. Separate from lv3 full Gmail capture; preserve both, no derivative/duplicate assumption from filenames.",e44ba4e79fb14031b89eeca68446109da3cbfb2e
00_book/figures/report/diagrams/syslog-lab/19-email-warning.png,M,image-asset,evidence.syslog.email-warning-r1-cropped,syslog-evidence,email-warning-r1-cropped,72388,680,780,RGB,f3378b357dbfa41b04fae28940becc98f7779dcc97de523d88553afad464fab6,3c508cda8b4b860271da1f5cd696ac491260658c2e21b515b8879062924c59c5,original-evidence,transfer-after-review,true,documentation_assets/evidence/external-tools/original/syslog-lab/email-warning-r1-cropped.png,Current main replaced bytes with Warning R1 email card; chain of custody/crop lineage not verified,[],"Main replaced email bytes. Separate from lv4 full Gmail screenshot; current report uses lv4, keep both without auto-merge.",e44ba4e79fb14031b89eeca68446109da3cbfb2e
00_book/figures/report/diagrams/syslog-lab/lv3.png,A,image-asset,evidence.syslog.email-error-sw1-gmail,syslog-evidence,email-error-sw1-gmail,114892,958,1046,RGBA,773a94860a6d8a4f562f84cf38ae897e816d9fde181a3335ab182d1b6203e3ea,,original-evidence,transfer-after-review,true,documentation_assets/evidence/external-tools/original/syslog-lab/email-error-sw1-gmail.png,current main email capture; exact capture lineage unknown,"[{""source_document"": ""00_report/contents/09_thu_nghiem_danh_gia.typ"", ""line"": 739, ""reference"": ""/00_book/figures/report/diagrams/syslog-lab/lv3.png""}]",Full Gmail Syslog email visually inspected and referenced in current report; preserve separately from cropped email card.,e44ba4e79fb14031b89eeca68446109da3cbfb2e
00_book/figures/report/diagrams/syslog-lab/lv4.png,A,image-asset,evidence.syslog.email-warning-r1-gmail,syslog-evidence,email-warning-r1-gmail,121610,958,1046,RGBA,4f6e5623066b51430d32e111c7d629519e1171764e6c5f402997086c58774990,,original-evidence,transfer-after-review,true,documentation_assets/evidence/external-tools/original/syslog-lab/email-warning-r1-gmail.png,current main email capture; exact capture lineage unknown,"[{""source_document"": ""00_report/contents/09_thu_nghiem_danh_gia.typ"", ""line"": 746, ""reference"": ""/00_book/figures/report/diagrams/syslog-lab/lv4.png""}]",Full Gmail Syslog email visually inspected and referenced in current report; preserve separately from cropped email card.,e44ba4e79fb14031b89eeca68446109da3cbfb2e
00_book/figures/report/terminal-generated/nat-config.png,A,image-asset,terminal.current.nat-config,terminal-evidence,nat-config,192716,2813,854,RGB,a13d450801edf31bcd155f56bd320059e0bf605aa5abb5be21a69d62171ba380,,frozen,classify-only,false,00_book/figures/report/terminal-generated/nat-config.png,main commit 8c657f3 + term2png.py + terminal_sources; exact render invocation/chain of custody not established,"[{""source_document"": ""00_report/contents/09_thu_nghiem_danh_gia.typ"", ""line"": 435, ""reference"": ""/00_book/figures/report/terminal-generated/nat-config.png""}]","Current-main rendered terminal asset introduced in 8c657f3; freeze existing rendered bytes/reference. Rendering/transcription is historical provenance, not authorization to regenerate/reconstruct.",e44ba4e79fb14031b89eeca68446109da3cbfb2e
00_book/figures/report/terminal-generated/nat-interfaces.png,A,image-asset,terminal.current.nat-interfaces,terminal-evidence,nat-interfaces,623420,2254,2973,RGB,12b43b7024fa4b6f6d3418a3cbf6c6ceba3978db7ad15d12709d93253cf1c407,,frozen,classify-only,false,00_book/figures/report/terminal-generated/nat-interfaces.png,main commit 8c657f3 + term2png.py + terminal_sources; exact render invocation/chain of custody not established,"[{""source_document"": ""00_report/contents/09_thu_nghiem_danh_gia.typ"", ""line"": 428, ""reference"": ""/00_book/figures/report/terminal-generated/nat-interfaces.png""}]","Current-main rendered terminal asset introduced in 8c657f3; freeze existing rendered bytes/reference. Rendering/transcription is historical provenance, not authorization to regenerate/reconstruct.",e44ba4e79fb14031b89eeca68446109da3cbfb2e
00_book/figures/report/terminal-generated/ospf-isp1.png,A,image-asset,terminal.current.ospf-isp1,terminal-evidence,ospf-isp1,162717,2251,932,RGB,9e9e157e803a17dc3eb36bdd17d36f896a26a144a661a1346e39955f1e4af5d3,,frozen,classify-only,false,00_book/figures/report/terminal-generated/ospf-isp1.png,main commit 8c657f3 + term2png.py + terminal_sources; exact render invocation/chain of custody not established,[],"Current-main rendered terminal asset introduced in 8c657f3; freeze existing rendered bytes/reference. Rendering/transcription is historical provenance, not authorization to regenerate/reconstruct. Six per-router OSPF panels visually correspond to the referenced composite; composition command not established, so not declared orphan or executable rebuild.",e44ba4e79fb14031b89eeca68446109da3cbfb2e
00_book/figures/report/terminal-generated/ospf-isp2.png,A,image-asset,terminal.current.ospf-isp2,terminal-evidence,ospf-isp2,167996,2263,932,RGB,1494b2197db662992c8c879178cee59d9c42523902345df410dfe6816ef59178,,frozen,classify-only,false,00_book/figures/report/terminal-generated/ospf-isp2.png,main commit 8c657f3 + term2png.py + terminal_sources; exact render invocation/chain of custody not established,[],"Current-main rendered terminal asset introduced in 8c657f3; freeze existing rendered bytes/reference. Rendering/transcription is historical provenance, not authorization to regenerate/reconstruct. Six per-router OSPF panels visually correspond to the referenced composite; composition command not established, so not declared orphan or executable rebuild.",e44ba4e79fb14031b89eeca68446109da3cbfb2e
00_book/figures/report/terminal-generated/ospf-r1.png,A,image-asset,terminal.current.ospf-r1,terminal-evidence,ospf-r1,178689,2240,1011,RGB,2c1d830c0e2ab8478dad2a180cbb36a47a9fceb25e28091c2be11c2cca2fca74,,frozen,classify-only,false,00_book/figures/report/terminal-generated/ospf-r1.png,main commit 8c657f3 + term2png.py + terminal_sources; exact render invocation/chain of custody not established,[],"Current-main rendered terminal asset introduced in 8c657f3; freeze existing rendered bytes/reference. Rendering/transcription is historical provenance, not authorization to regenerate/reconstruct. Six per-router OSPF panels visually correspond to the referenced composite; composition command not established, so not declared orphan or executable rebuild.",e44ba4e79fb14031b89eeca68446109da3cbfb2e
00_book/figures/report/terminal-generated/ospf-r2.png,A,image-asset,terminal.current.ospf-r2,terminal-evidence,ospf-r2,158760,2240,932,RGB,74202a8deac4961582963679c258ad3f7567439588183b9bdfbc0d83f2551f6f,,frozen,classify-only,false,00_book/figures/report/terminal-generated/ospf-r2.png,main commit 8c657f3 + term2png.py + terminal_sources; exact render invocation/chain of custody not established,[],"Current-main rendered terminal asset introduced in 8c657f3; freeze existing rendered bytes/reference. Rendering/transcription is historical provenance, not authorization to regenerate/reconstruct. Six per-router OSPF panels visually correspond to the referenced composite; composition command not established, so not declared orphan or executable rebuild.",e44ba4e79fb14031b89eeca68446109da3cbfb2e
00_book/figures/report/terminal-generated/ospf-r3.png,A,image-asset,terminal.current.ospf-r3,terminal-evidence,ospf-r3,164615,2240,932,RGB,69406be04fe0f5b50214ddcb39d8dde215036ef4fc3a5f779c464a7882213212,,frozen,classify-only,false,00_book/figures/report/terminal-generated/ospf-r3.png,main commit 8c657f3 + term2png.py + terminal_sources; exact render invocation/chain of custody not established,[],"Current-main rendered terminal asset introduced in 8c657f3; freeze existing rendered bytes/reference. Rendering/transcription is historical provenance, not authorization to regenerate/reconstruct. Six per-router OSPF panels visually correspond to the referenced composite; composition command not established, so not declared orphan or executable rebuild.",e44ba4e79fb14031b89eeca68446109da3cbfb2e
00_book/figures/report/terminal-generated/ospf-r6.png,A,image-asset,terminal.current.ospf-r6,terminal-evidence,ospf-r6,142834,2240,854,RGB,d0fe903fdc240b557fe79be6b09c4c2ee28587f7dac05a90bc973cdd3ff43a0f,,frozen,classify-only,false,00_book/figures/report/terminal-generated/ospf-r6.png,main commit 8c657f3 + term2png.py + terminal_sources; exact render invocation/chain of custody not established,[],"Current-main rendered terminal asset introduced in 8c657f3; freeze existing rendered bytes/reference. Rendering/transcription is historical provenance, not authorization to regenerate/reconstruct. Six per-router OSPF panels visually correspond to the referenced composite; composition command not established, so not declared orphan or executable rebuild.",e44ba4e79fb14031b89eeca68446109da3cbfb2e
00_book/figures/report/terminal-generated/ospf-six-routers.png,A,image-asset,terminal.current.ospf-six-routers,terminal-evidence,ospf-six-routers,878428,4551,2947,RGB,42fb3867b4f214c92b82e19a51df9324f350b9993928f3618fb2ede4b7b0741b,,frozen,classify-only,false,00_book/figures/report/terminal-generated/ospf-six-routers.png,main commit 8c657f3 + term2png.py + terminal_sources; exact render invocation/chain of custody not established,"[{""source_document"": ""00_report/contents/09_thu_nghiem_danh_gia.typ"", ""line"": 276, ""reference"": ""/00_book/figures/report/terminal-generated/ospf-six-routers.png""}]","Current-main rendered terminal asset introduced in 8c657f3; freeze existing rendered bytes/reference. Rendering/transcription is historical provenance, not authorization to regenerate/reconstruct.",e44ba4e79fb14031b89eeca68446109da3cbfb2e
00_book/figures/report/terminal-generated/pc1-dhcp-trace.png,A,image-asset,terminal.current.pc1-dhcp-trace,terminal-evidence,pc1-dhcp-trace,381631,3173,2031,RGB,57fc4eb2497c0fcd984985b64080393c2743b4a29a959bbd9bcea2f058516dd0,,frozen,classify-only,false,00_book/figures/report/terminal-generated/pc1-dhcp-trace.png,main commit 8c657f3 + term2png.py + terminal_sources; exact render invocation/chain of custody not established,"[{""source_document"": ""00_report/contents/09_thu_nghiem_danh_gia.typ"", ""line"": 510, ""reference"": ""/00_book/figures/report/terminal-generated/pc1-dhcp-trace.png""}]","Current-main rendered terminal asset introduced in 8c657f3; freeze existing rendered bytes/reference. Rendering/transcription is historical provenance, not authorization to regenerate/reconstruct.",e44ba4e79fb14031b89eeca68446109da3cbfb2e
00_book/figures/report/terminal-generated/r1-dhcp-glbp.png,A,image-asset,terminal.current.r1-dhcp-glbp,terminal-evidence,r1-dhcp-glbp,468604,2489,2267,RGB,275b42dedb6fc9ef37f87afb2da413b87c8f532f93f24de7ecd8b211c05eefec,,frozen,classify-only,false,00_book/figures/report/terminal-generated/r1-dhcp-glbp.png,main commit 8c657f3 + term2png.py + terminal_sources; exact render invocation/chain of custody not established,"[{""source_document"": ""00_report/contents/09_thu_nghiem_danh_gia.typ"", ""line"": 494, ""reference"": ""/00_book/figures/report/terminal-generated/r1-dhcp-glbp.png""}]","Current-main rendered terminal asset introduced in 8c657f3; freeze existing rendered bytes/reference. Rendering/transcription is historical provenance, not authorization to regenerate/reconstruct.",e44ba4e79fb14031b89eeca68446109da3cbfb2e
00_book/figures/report/terminal-generated/r1-ospf-routes.png,A,image-asset,terminal.current.r1-ospf-routes,terminal-evidence,r1-ospf-routes,1652514,2957,3915,RGB,90e7a3f6abe6f839dcff3ff1eb31f971caafc16393f9b302765373e68df0c90f,,frozen,classify-only,false,00_book/figures/report/terminal-generated/r1-ospf-routes.png,main commit 8c657f3 + term2png.py + terminal_sources; exact render invocation/chain of custody not established,"[{""source_document"": ""00_report/contents/09_thu_nghiem_danh_gia.typ"", ""line"": 286, ""reference"": ""/00_book/figures/report/terminal-generated/r1-ospf-routes.png""}]","Current-main rendered terminal asset introduced in 8c657f3; freeze existing rendered bytes/reference. Rendering/transcription is historical provenance, not authorization to regenerate/reconstruct.",e44ba4e79fb14031b89eeca68446109da3cbfb2e
00_book/figures/report/terminal-generated/r2-glbp.png,A,image-asset,terminal.current.r2-glbp,terminal-evidence,r2-glbp,238774,2240,1246,RGB,d05c8699071a0c38a2268c60bae7329c5d1690ebbed6ea1182a75a7c071172a0,,frozen,classify-only,false,00_book/figures/report/terminal-generated/r2-glbp.png,main commit 8c657f3 + term2png.py + terminal_sources; exact render invocation/chain of custody not established,"[{""source_document"": ""00_report/contents/09_thu_nghiem_danh_gia.typ"", ""line"": 501, ""reference"": ""/00_book/figures/report/terminal-generated/r2-glbp.png""}]","Current-main rendered terminal asset introduced in 8c657f3; freeze existing rendered bytes/reference. Rendering/transcription is historical provenance, not authorization to regenerate/reconstruct.",e44ba4e79fb14031b89eeca68446109da3cbfb2e
00_book/figures/report/terminal-generated/sw3-vlan-vtp.png,A,image-asset,terminal.current.sw3-vlan-vtp,terminal-evidence,sw3-vlan-vtp,651238,2993,2659,RGB,71bd38a834bafec6943fa851dc47f89dc26f024348fcde61f6b262d40b43a81c,,frozen,classify-only,false,00_book/figures/report/terminal-generated/sw3-vlan-vtp.png,main commit 8c657f3 + term2png.py + terminal_sources; exact render invocation/chain of custody not established,"[{""source_document"": ""00_report/contents/09_thu_nghiem_danh_gia.typ"", ""line"": 118, ""reference"": ""/00_book/figures/report/terminal-generated/sw3-vlan-vtp.png""}]","Current-main rendered terminal asset introduced in 8c657f3; freeze existing rendered bytes/reference. Rendering/transcription is historical provenance, not authorization to regenerate/reconstruct.",e44ba4e79fb14031b89eeca68446109da3cbfb2e
00_book/figures/report/terminal-generated/vpc11-ping.png,A,image-asset,terminal.current.vpc11-ping,terminal-evidence,vpc11-ping,323040,2306,1089,RGB,1dc5fb1ebed6c02cbcb26670704a0fa9cf645b2bc04993110958e36e3571a57d,,frozen,classify-only,false,00_book/figures/report/terminal-generated/vpc11-ping.png,main commit 8c657f3 + term2png.py + terminal_sources; exact render invocation/chain of custody not established,"[{""source_document"": ""00_report/contents/09_thu_nghiem_danh_gia.typ"", ""line"": 302, ""reference"": ""/00_book/figures/report/terminal-generated/vpc11-ping.png""}]","Current-main rendered terminal asset introduced in 8c657f3; freeze existing rendered bytes/reference. Rendering/transcription is historical provenance, not authorization to regenerate/reconstruct.",e44ba4e79fb14031b89eeca68446109da3cbfb2e
00_report/.vscode/settings.json,M,main-nonasset-change,,,,48,,,,f56eb903b91f359883211861145341cf72441a3333530b1e2172bbbb306511b0,c57cb70ff7991806d232a77b10a9473158fd374dc4e147232cbe674671f97701,out-of-scope,no-action,false,,main-delta e44ba4e79fb14031b89eeca68446109da3cbfb2e,[],Preserve synced main file; metadata only; no execution action.,e44ba4e79fb14031b89eeca68446109da3cbfb2e
00_report/Tai_lieu_lab/LAB1/ANH_CUA_LAB/image copy 15.png,A,image-asset,evidence.lab1.sw1-trusted-uplink-editing,ui,sw1-trusted-uplink-editing,305471,2560,1600,RGBA,25995d6fd4fd5b09dcae538213f486a343836e6087251b0aec744cc49faa50b6,,original-evidence,transfer-after-review,true,documentation_assets/evidence/ui-capture/original/lab1/sw1-trusted-uplink-editing.png,current-main addition; inspected content and surrounding ACL lab/report where present; exact capture/export lineage unknown,[],"Inspected current-main delta. CAMS lab UI original, not docshot; preserve capture; new UI recreation is separate and conditional.",e44ba4e79fb14031b89eeca68446109da3cbfb2e
00_report/Tai_lieu_lab/LAB1/ANH_CUA_LAB/image copy 16.png,A,image-asset,evidence.lab1.sw1-trusted-uplink-applied,ui,sw1-trusted-uplink-applied,346655,2560,1600,RGBA,4f329352ea41114c58fdabc2041c841bdb00700c6ea7a6d681ba694dc6b0a7e5,,original-evidence,transfer-after-review,true,documentation_assets/evidence/ui-capture/original/lab1/sw1-trusted-uplink-applied.png,current-main addition; inspected content and surrounding ACL lab/report where present; exact capture/export lineage unknown,[],"Inspected current-main delta. CAMS lab UI original, not docshot; preserve capture; new UI recreation is separate and conditional.",e44ba4e79fb14031b89eeca68446109da3cbfb2e
00_report/Tai_lieu_lab/LAB5/ANH_CUA_LAB/1.png,A,image-asset,terminal.capture.lab5.r1-acl-applied-verification,terminal-evidence,r1-acl-applied-verification,125511,1545,908,RGBA,d50a6b64f3b38501fe5080e3e29d2f9bf736cc3c91ebf6e9150b32b534865746,,frozen,classify-only,false,00_report/Tai_lieu_lab/LAB5/ANH_CUA_LAB/1.png,current-main addition; inspected content and surrounding ACL lab/report where present; exact capture/export lineage unknown,"[{""source_document"": ""00_report/contents/09_kich_ban_5_acl.typ"", ""line"": 60, ""reference"": ""/00_report/Tai_lieu_lab/LAB5/ANH_CUA_LAB/1.png""}, {""source_document"": ""00_report/contents/09_thu_nghiem_danh_gia.typ"", ""line"": 814, ""reference"": ""/00_report/Tai_lieu_lab/LAB5/ANH_CUA_LAB/1.png""}]","Inspected current-main delta. Terminal evidence frozen, current path/bytes/reference only; no-action.",e44ba4e79fb14031b89eeca68446109da3cbfb2e
00_report/Tai_lieu_lab/LAB5/ANH_CUA_LAB/10.png,A,image-asset,terminal.capture.lab5.vpc8-icmp-permitted,terminal-evidence,vpc8-icmp-permitted,64193,1413,364,RGBA,4cf6bd4b6ba0652860a334afdb86a80086a01fa874d3616f52a3e2d386b18d41,,frozen,classify-only,false,00_report/Tai_lieu_lab/LAB5/ANH_CUA_LAB/10.png,current-main addition; inspected content and surrounding ACL lab/report where present; exact capture/export lineage unknown,[],"Inspected current-main delta. Terminal evidence frozen, current path/bytes/reference only; no-action.",e44ba4e79fb14031b89eeca68446109da3cbfb2e
00_report/Tai_lieu_lab/LAB5/ANH_CUA_LAB/11.png,A,image-asset,terminal.capture.lab5.vpc9-http-permitted,terminal-evidence,vpc9-http-permitted,115472,1416,596,RGBA,c0626558fd6a7a3093439411674db515d2ae2f753ed86724446610df70fe7929,,frozen,classify-only,false,00_report/Tai_lieu_lab/LAB5/ANH_CUA_LAB/11.png,current-main addition; inspected content and surrounding ACL lab/report where present; exact capture/export lineage unknown,[],"Inspected current-main delta. Terminal evidence frozen, current path/bytes/reference only; no-action.",e44ba4e79fb14031b89eeca68446109da3cbfb2e
00_report/Tai_lieu_lab/LAB5/ANH_CUA_LAB/12.png,A,image-asset,evidence.lab5.acl-system-logs-full,ui,acl-system-logs-full,765404,2560,1549,RGBA,f0696ea0ccee57a28706bf9e2010846d20552f094c0f304c9a22982d40e5e9a9,,original-evidence,transfer-after-review,true,documentation_assets/evidence/ui-capture/original/lab5/acl-system-logs-full.png,current-main addition; inspected content and surrounding ACL lab/report where present; exact capture/export lineage unknown,"[{""source_document"": ""00_report/contents/09_kich_ban_5_acl.typ"", ""line"": 107, ""reference"": ""/00_report/Tai_lieu_lab/LAB5/ANH_CUA_LAB/12.png""}, {""source_document"": ""00_report/contents/09_thu_nghiem_danh_gia.typ"", ""line"": 861, ""reference"": ""/00_report/Tai_lieu_lab/LAB5/ANH_CUA_LAB/12.png""}]","Inspected current-main delta. CAMS lab UI original, not docshot; preserve capture; new UI recreation is separate and conditional.",e44ba4e79fb14031b89eeca68446109da3cbfb2e
00_report/Tai_lieu_lab/LAB5/ANH_CUA_LAB/13.png,A,image-asset,evidence.lab5.acl-system-logs-filtered,ui,acl-system-logs-filtered,355199,2560,793,RGBA,a132e386d5519ba72457b87403fff7e6cae680093a0b0d0e5840c61531ab9bb8,,original-evidence,transfer-after-review,true,documentation_assets/evidence/ui-capture/original/lab5/acl-system-logs-filtered.png,current-main addition; inspected content and surrounding ACL lab/report where present; exact capture/export lineage unknown,[],"Inspected current-main delta. CAMS lab UI original, not docshot; preserve capture; new UI recreation is separate and conditional.",e44ba4e79fb14031b89eeca68446109da3cbfb2e
00_report/Tai_lieu_lab/LAB5/ANH_CUA_LAB/14.png,A,image-asset,evidence.lab5.acl-permitted-tcp-message-detail,ui,acl-permitted-tcp-message-detail,107023,1050,738,RGBA,96fca2e96dca3c3cf525be926016f5d13197b3c3e8735eae93527bd79d2342bf,,original-evidence,transfer-after-review,true,documentation_assets/evidence/ui-capture/original/lab5/acl-permitted-tcp-message-detail.png,current-main addition; inspected content and surrounding ACL lab/report where present; exact capture/export lineage unknown,[],"Inspected current-main delta. CAMS lab UI original, not docshot; preserve capture; new UI recreation is separate and conditional.",e44ba4e79fb14031b89eeca68446109da3cbfb2e
00_report/Tai_lieu_lab/LAB5/ANH_CUA_LAB/2.png,A,image-asset,evidence.lab5.r1-acl-telnet-deny-editor,ui,r1-acl-telnet-deny-editor,301313,2560,1176,RGBA,7790338693047189cb5b59c12b251d8f2a6d4f6676b416f0ae4be6521feeab7a,,original-evidence,transfer-after-review,true,documentation_assets/evidence/ui-capture/original/lab5/r1-acl-telnet-deny-editor.png,current-main addition; inspected content and surrounding ACL lab/report where present; exact capture/export lineage unknown,[],"Inspected current-main delta. CAMS lab UI original, not docshot; preserve capture; new UI recreation is separate and conditional.",e44ba4e79fb14031b89eeca68446109da3cbfb2e
00_report/Tai_lieu_lab/LAB5/ANH_CUA_LAB/3.png,A,image-asset,terminal.capture.lab5.vpc7-icmp-positive-control,terminal-evidence,vpc7-icmp-positive-control,63117,817,498,RGBA,09e0dc4b339d66a9aa2ac5e320810ba87b0a7099bde57eff385b3f9e72dc3a08,,frozen,classify-only,false,00_report/Tai_lieu_lab/LAB5/ANH_CUA_LAB/3.png,current-main addition; inspected content and surrounding ACL lab/report where present; exact capture/export lineage unknown,"[{""source_document"": ""00_report/contents/09_kich_ban_5_acl.typ"", ""line"": 72, ""reference"": ""/00_report/Tai_lieu_lab/LAB5/ANH_CUA_LAB/3.png""}, {""source_document"": ""00_report/contents/09_thu_nghiem_danh_gia.typ"", ""line"": 826, ""reference"": ""/00_report/Tai_lieu_lab/LAB5/ANH_CUA_LAB/3.png""}]","Inspected current-main delta. Terminal evidence frozen, current path/bytes/reference only; no-action.",e44ba4e79fb14031b89eeca68446109da3cbfb2e
00_report/Tai_lieu_lab/LAB5/ANH_CUA_LAB/4.png,A,image-asset,terminal.capture.lab5.vpc7-http-positive-control,terminal-evidence,vpc7-http-positive-control,103718,804,648,RGBA,cb4e00364e00c1e99a73466ece0db0c8fb3d407d24639eb013b48d5fc554cd86,,frozen,classify-only,false,00_report/Tai_lieu_lab/LAB5/ANH_CUA_LAB/4.png,current-main addition; inspected content and surrounding ACL lab/report where present; exact capture/export lineage unknown,"[{""source_document"": ""00_report/contents/09_kich_ban_5_acl.typ"", ""line"": 73, ""reference"": ""/00_report/Tai_lieu_lab/LAB5/ANH_CUA_LAB/4.png""}, {""source_document"": ""00_report/contents/09_thu_nghiem_danh_gia.typ"", ""line"": 827, ""reference"": ""/00_report/Tai_lieu_lab/LAB5/ANH_CUA_LAB/4.png""}]","Inspected current-main delta. Terminal evidence frozen, current path/bytes/reference only; no-action.",e44ba4e79fb14031b89eeca68446109da3cbfb2e
00_report/Tai_lieu_lab/LAB5/ANH_CUA_LAB/5.png,A,image-asset,terminal.capture.lab5.vpc7-telnet-denied,terminal-evidence,vpc7-telnet-denied,60262,1405,341,RGBA,70a2318309ed4689a02270c4e74e3b58fce7426cea8cd65569a9b784edbaa09e,,frozen,classify-only,false,00_report/Tai_lieu_lab/LAB5/ANH_CUA_LAB/5.png,current-main addition; inspected content and surrounding ACL lab/report where present; exact capture/export lineage unknown,"[{""source_document"": ""00_report/contents/09_kich_ban_5_acl.typ"", ""line"": 84, ""reference"": ""/00_report/Tai_lieu_lab/LAB5/ANH_CUA_LAB/5.png""}, {""source_document"": ""00_report/contents/09_thu_nghiem_danh_gia.typ"", ""line"": 838, ""reference"": ""/00_report/Tai_lieu_lab/LAB5/ANH_CUA_LAB/5.png""}]","Inspected current-main delta. Terminal evidence frozen, current path/bytes/reference only; no-action.",e44ba4e79fb14031b89eeca68446109da3cbfb2e
00_report/Tai_lieu_lab/LAB5/ANH_CUA_LAB/6.png,A,image-asset,terminal.capture.lab5.vpc8-http-denied,terminal-evidence,vpc8-http-denied,59355,1409,265,RGBA,98ba94ce8a2883ca019cd9d718bc7d94183553cd99939fe77b612d9dbe922532,,frozen,classify-only,false,00_report/Tai_lieu_lab/LAB5/ANH_CUA_LAB/6.png,current-main addition; inspected content and surrounding ACL lab/report where present; exact capture/export lineage unknown,"[{""source_document"": ""00_report/contents/09_kich_ban_5_acl.typ"", ""line"": 85, ""reference"": ""/00_report/Tai_lieu_lab/LAB5/ANH_CUA_LAB/6.png""}, {""source_document"": ""00_report/contents/09_thu_nghiem_danh_gia.typ"", ""line"": 839, ""reference"": ""/00_report/Tai_lieu_lab/LAB5/ANH_CUA_LAB/6.png""}]","Inspected current-main delta. Terminal evidence frozen, current path/bytes/reference only; no-action.",e44ba4e79fb14031b89eeca68446109da3cbfb2e
00_report/Tai_lieu_lab/LAB5/ANH_CUA_LAB/7.png,A,image-asset,terminal.capture.lab5.vpc9-icmp-denied,terminal-evidence,vpc9-icmp-denied,84718,1413,448,RGBA,ade7928fcaec2e1a212cffcaf522cd16c4f9069775f93c0baa495a7592b7482f,,frozen,classify-only,false,00_report/Tai_lieu_lab/LAB5/ANH_CUA_LAB/7.png,current-main addition; inspected content and surrounding ACL lab/report where present; exact capture/export lineage unknown,"[{""source_document"": ""00_report/contents/09_kich_ban_5_acl.typ"", ""line"": 91, ""reference"": ""/00_report/Tai_lieu_lab/LAB5/ANH_CUA_LAB/7.png""}, {""source_document"": ""00_report/contents/09_thu_nghiem_danh_gia.typ"", ""line"": 845, ""reference"": ""/00_report/Tai_lieu_lab/LAB5/ANH_CUA_LAB/7.png""}]","Inspected current-main delta. Terminal evidence frozen, current path/bytes/reference only; no-action.",e44ba4e79fb14031b89eeca68446109da3cbfb2e
00_report/Tai_lieu_lab/LAB5/ANH_CUA_LAB/8.png,A,image-asset,terminal.capture.lab5.vpc8-telnet-permitted,terminal-evidence,vpc8-telnet-permitted,97375,1406,521,RGBA,9c00d35eb5b27a6b1c612ae13037c946a878fe72826520e4eb43a7ac0934fade,,frozen,classify-only,false,00_report/Tai_lieu_lab/LAB5/ANH_CUA_LAB/8.png,current-main addition; inspected content and surrounding ACL lab/report where present; exact capture/export lineage unknown,[],"Inspected current-main delta. Terminal evidence frozen, current path/bytes/reference only; no-action.",e44ba4e79fb14031b89eeca68446109da3cbfb2e
00_report/Tai_lieu_lab/LAB5/ANH_CUA_LAB/9.png,A,image-asset,terminal.capture.lab5.vpc9-telnet-permitted,terminal-evidence,vpc9-telnet-permitted,114898,1402,629,RGBA,1f54d3fa9c74a6b8e3c0075a3a30e33a61b28b945e86d691aa7243ab1685e5b0,,frozen,classify-only,false,00_report/Tai_lieu_lab/LAB5/ANH_CUA_LAB/9.png,current-main addition; inspected content and surrounding ACL lab/report where present; exact capture/export lineage unknown,[],"Inspected current-main delta. Terminal evidence frozen, current path/bytes/reference only; no-action.",e44ba4e79fb14031b89eeca68446109da3cbfb2e
00_report/Tai_lieu_lab/LAB5/ANH_CUA_LAB/so_do.png,A,image-asset,diagrams.lab5.acl-lab-topology,network-diagram,acl-lab-topology,142027,1244,778,RGBA,4a5f574546f1e5c5b55e66924c82791bf695d1aa04711333972d212c3a7cd6f9,,canonical,transfer-after-review,true,documentation_assets/diagrams/lab-topology/lab5/acl-lab-topology.png,current-main addition; inspected content and surrounding ACL lab/report where present; exact capture/export lineage unknown,"[{""source_document"": ""00_report/contents/09_kich_ban_5_acl.typ"", ""line"": 16, ""reference"": ""/00_report/Tai_lieu_lab/LAB5/ANH_CUA_LAB/so_do.png""}, {""source_document"": ""00_report/contents/09_thu_nghiem_danh_gia.typ"", ""line"": 770, ""reference"": ""/00_report/Tai_lieu_lab/LAB5/ANH_CUA_LAB/so_do.png""}]","Inspected current-main delta. Diagram content inspected from topology image or SVG source; independent canonical proposal, preserve current source.",e44ba4e79fb14031b89eeca68446109da3cbfb2e
00_report/Tai_lieu_lab/LAB5/KICH_BAN_KIEM_THU_ACL.md,A,main-nonasset-change,,,,9875,,,,144086d0bfe12f278699160ff76f977ce38b31429e4ad764209c17271151b2e8,,out-of-scope,no-action,false,,main-delta e44ba4e79fb14031b89eeca68446109da3cbfb2e,[],Preserve synced main file; metadata only; no execution action.,e44ba4e79fb14031b89eeca68446109da3cbfb2e
00_report/Tai_lieu_lab/LAB5/image copy 2.png,A,image-asset,source-material.lab5.switching-trunk-verification-page,misc,switching-trunk-verification-page,526573,1185,1309,RGBA,32544f06a02021f69057ea985d09b0a882262f49071c39d37b13f4ab1790a4f8,,source-material,transfer-after-review,true,documentation_assets/evidence/source-material/lab5/switching-trunk-verification-page.png,current-main addition; inspected content and surrounding ACL lab/report where present; exact capture/export lineage unknown,[],"Inspected current-main delta. Photographed/scanned source document page, including embedded command excerpts; raw page context retained, not a terminal screenshot or reconstruction. Heading/source order require review.",e44ba4e79fb14031b89eeca68446109da3cbfb2e
00_report/Tai_lieu_lab/LAB5/image copy 3.png,A,image-asset,source-material.lab5.vtp-vlan-verification-page,misc,vtp-vlan-verification-page,489567,1185,1309,RGBA,9698cf490db1a5da52b26344084d2e797aace058d499a43fa5c01f6fc8f7f290,,source-material,transfer-after-review,true,documentation_assets/evidence/source-material/lab5/vtp-vlan-verification-page.png,current-main addition; inspected content and surrounding ACL lab/report where present; exact capture/export lineage unknown,[],"Inspected current-main delta. Photographed/scanned source document page, including embedded command excerpts; raw page context retained, not a terminal screenshot or reconstruction. Heading/source order require review.",e44ba4e79fb14031b89eeca68446109da3cbfb2e
00_report/Tai_lieu_lab/LAB5/image copy 4.png,A,image-asset,source-material.lab5.vlan-stp-verification-page,misc,vlan-stp-verification-page,467050,1185,1309,RGBA,34db361222da31ab84588f60e53e778e6d0ce2e7aaa843f0e543bc0982499651,,source-material,transfer-after-review,true,documentation_assets/evidence/source-material/lab5/vlan-stp-verification-page.png,current-main addition; inspected content and surrounding ACL lab/report where present; exact capture/export lineage unknown,[],"Inspected current-main delta. Photographed/scanned source document page, including embedded command excerpts; raw page context retained, not a terminal screenshot or reconstruction. Heading/source order require review.",e44ba4e79fb14031b89eeca68446109da3cbfb2e
00_report/Tai_lieu_lab/LAB5/image copy 5.png,A,image-asset,source-material.lab5.stp-dhcp-verification-page,misc,stp-dhcp-verification-page,446698,1185,1309,RGBA,73fcb67b01da45f441a8db4a3c59f58a1674ddc3ec509a7fd5e657b84556d4be,,source-material,transfer-after-review,true,documentation_assets/evidence/source-material/lab5/stp-dhcp-verification-page.png,current-main addition; inspected content and surrounding ACL lab/report where present; exact capture/export lineage unknown,[],"Inspected current-main delta. Photographed/scanned source document page, including embedded command excerpts; raw page context retained, not a terminal screenshot or reconstruction. Heading/source order require review.",e44ba4e79fb14031b89eeca68446109da3cbfb2e
00_report/Tai_lieu_lab/LAB5/image copy 6.png,A,image-asset,source-material.lab5.nat-acl-verification-page,misc,nat-acl-verification-page,527385,1185,1309,RGBA,5c46886167f74a936c77e6284510a8e4db3af2052212c25bd2cb2fc09392c73d,,source-material,transfer-after-review,true,documentation_assets/evidence/source-material/lab5/nat-acl-verification-page.png,current-main addition; inspected content and surrounding ACL lab/report where present; exact capture/export lineage unknown,[],"Inspected current-main delta. Photographed/scanned source document page, including embedded command excerpts; raw page context retained, not a terminal screenshot or reconstruction. Heading/source order require review.",e44ba4e79fb14031b89eeca68446109da3cbfb2e
00_report/Tai_lieu_lab/LAB5/image copy 7.png,A,image-asset,source-material.lab5.acl-traffic-verification-page,misc,acl-traffic-verification-page,525340,1185,1309,RGBA,9af0a5222eb7de3a36955065659126a593346071803cd343c466a5ac67f46cf1,,source-material,transfer-after-review,true,documentation_assets/evidence/source-material/lab5/acl-traffic-verification-page.png,current-main addition; inspected content and surrounding ACL lab/report where present; exact capture/export lineage unknown,[],"Inspected current-main delta. Photographed/scanned source document page, including embedded command excerpts; raw page context retained, not a terminal screenshot or reconstruction. Heading/source order require review.",e44ba4e79fb14031b89eeca68446109da3cbfb2e
00_report/Tai_lieu_lab/LAB5/image copy.png,A,image-asset,source-material.lab5.requirements-procedure-page,misc,requirements-procedure-page,544135,1185,1309,RGBA,a48a060f92b6780f794019ce81233a0addbc4ca9fa4144a29d6ac400a9030064,,source-material,transfer-after-review,true,documentation_assets/evidence/source-material/lab5/requirements-procedure-page.png,current-main addition; inspected content and surrounding ACL lab/report where present; exact capture/export lineage unknown,[],"Inspected current-main delta. Photographed/scanned source document page, including embedded command excerpts; raw page context retained, not a terminal screenshot or reconstruction. Heading/source order require review.",e44ba4e79fb14031b89eeca68446109da3cbfb2e
00_report/Tai_lieu_lab/LAB5/image.png,A,image-asset,source-material.lab5.topology-address-plan-page,misc,topology-address-plan-page,635070,1185,1309,RGBA,8bf8fe447b790e7c6b387f3458f482886c8a326f38cce092afb2797848972c91,,source-material,transfer-after-review,true,documentation_assets/evidence/source-material/lab5/topology-address-plan-page.png,current-main addition; inspected content and surrounding ACL lab/report where present; exact capture/export lineage unknown,[],"Inspected current-main delta. Photographed/scanned source document page, including embedded command excerpts; raw page context retained, not a terminal screenshot or reconstruction. Heading/source order require review.",e44ba4e79fb14031b89eeca68446109da3cbfb2e
00_report/bibliography/networktools_references.bib,M,main-nonasset-change,,,,13719,,,,bffe4cb5e875da0ce8d6eb02c8e40af8d1bdeb7e4967efca98db096c1d6e90d8,fe89f63cefcf1c54c12cb27dc4ea1f4810619408fe41606e595625e565d48b24,out-of-scope,no-action,false,,main-delta e44ba4e79fb14031b89eeca68446109da3cbfb2e,[],Preserve synced main file; metadata only; no execution action.,e44ba4e79fb14031b89eeca68446109da3cbfb2e
00_report/config/settings.typ,M,document-reference-source,,,,6671,,,,2932b396342588636511a07cfbe2ea732557faddde5144404ae88a2ba2d42aa6,64d74d492e873e1aa9385d462a5d7f80efd0bbdc1caa28b37a0598108dc39b21,out-of-scope,no-action,false,,main-delta e44ba4e79fb14031b89eeca68446109da3cbfb2e,[],Preserve synced main file; metadata only; no execution action.,e44ba4e79fb14031b89eeca68446109da3cbfb2e
00_report/contents/01_loi_cam_doan.typ,M,document-reference-source,,,,2348,,,,181a1202220bdaef3258024e37739f757e23758bc62cda42ac485db11b277d40,768a9b9f9d8aba45762bd3faf7d1379b93e575cbb777290280abc5d24852f18b,out-of-scope,no-action,false,,main-delta e44ba4e79fb14031b89eeca68446109da3cbfb2e,[],Preserve synced main file; metadata only; no execution action.,e44ba4e79fb14031b89eeca68446109da3cbfb2e
00_report/contents/03_tom_tat.typ,M,document-reference-source,,,,2002,,,,043cc6766773c7f27fdcae25273c97643324329e69edab62d1314c4202dd021c,67438569c266c1f21242c4e057efa23f8947e26d8f6a2436406b6609b4ad2c83,out-of-scope,no-action,false,,main-delta e44ba4e79fb14031b89eeca68446109da3cbfb2e,[],Preserve synced main file; metadata only; no execution action.,e44ba4e79fb14031b89eeca68446109da3cbfb2e
00_report/contents/04_danh_muc_tu_viet_tat.typ,M,document-reference-source,,,,6420,,,,c40c1b17a9d430680e8eb9a1eb1049b346e1ce146f177a60da1c5b84ff3f027f,86a96efb29b9129faf5cfe269da13d9dbdf935dcb0de1a381c25fa14b088ad86,out-of-scope,no-action,false,,main-delta e44ba4e79fb14031b89eeca68446109da3cbfb2e,[],Preserve synced main file; metadata only; no execution action.,e44ba4e79fb14031b89eeca68446109da3cbfb2e
00_report/contents/05_tong_quan.typ,M,document-reference-source,,,,9916,,,,040707bdc2803183a6109ae6c00018efcc07e424327ef31aca2ba8bef2f2c7cb,d240c5f4b2df49aa0dde3c8aadb77ee3410386b8591c7d78b66b5be72a9e7921,out-of-scope,no-action,false,,main-delta e44ba4e79fb14031b89eeca68446109da3cbfb2e,[],Preserve synced main file; metadata only; no execution action.,e44ba4e79fb14031b89eeca68446109da3cbfb2e
00_report/contents/06_co_so_ly_thuyet.typ,M,document-reference-source,,,,37517,,,,6c20ab888c39bbbf9421b4ca40dd428621e22410b96924c7473b8c5a1d782698,81089130e0d501a50b06cf11a4270a41a73bdb08129faf52eb46b273aa1dbe3f,out-of-scope,no-action,false,,main-delta e44ba4e79fb14031b89eeca68446109da3cbfb2e,[],Preserve synced main file; metadata only; no execution action.,e44ba4e79fb14031b89eeca68446109da3cbfb2e
00_report/contents/06_ket_luan_huong_phat_trien.typ,D,document-reference-source,,,,,,,,,f6012ae11ccf26cdc2d19b224278261c00e6e860763c381fa1393f7e3bf95986,out-of-scope,no-action,false,,main-delta e44ba4e79fb14031b89eeca68446109da3cbfb2e,[],"Deleted/renamed upstream on main, absence preserved; no deletion performed by reconciliation.",e44ba4e79fb14031b89eeca68446109da3cbfb2e
00_report/contents/06_ket_luan_huong_phat_trien.typ.bak,A,main-nonasset-change,,,,9733,,,,0b9e034c3191cbb8b2d8f507ba991a9deff0425afdf1e78e89ef87eb71140734,,out-of-scope,no-action,false,,main-delta e44ba4e79fb14031b89eeca68446109da3cbfb2e,[],Preserve synced main file; metadata only; no execution action.,e44ba4e79fb14031b89eeca68446109da3cbfb2e
00_report/contents/07_phan_tich_thiet_ke.typ,M,document-reference-source,,,,18800,,,,d651945a1e9ba246535121f166f4faca9309041d6fa3a0fd8916ba4b4bcd8e9a,cb4a640ef003bf5483c57f61cc137106ad140498b8c652f0185d6afbd1166ca2,out-of-scope,no-action,false,,main-delta e44ba4e79fb14031b89eeca68446109da3cbfb2e,[],Preserve synced main file; metadata only; no execution action.,e44ba4e79fb14031b89eeca68446109da3cbfb2e
00_report/contents/08_xay_dung_phan_mem.typ,M,document-reference-source,,,,15587,,,,97969db4fa7698e390c295c4422b6055f92de33bd0ff2f3b209e578e39a63e83,1faa1c85faecdacee91b30e1ce1e59fedd7c567db1febe1ded12f430154b3782,out-of-scope,no-action,false,,main-delta e44ba4e79fb14031b89eeca68446109da3cbfb2e,[],Preserve synced main file; metadata only; no execution action.,e44ba4e79fb14031b89eeca68446109da3cbfb2e
00_report/contents/09_kich_ban_5_acl.typ,A,document-reference-source,,,,11184,,,,a7ba9fd5e2bdd11e9370fd696ca13c9fd182453405e6a1069333779cae629354,,out-of-scope,no-action,false,,main-delta e44ba4e79fb14031b89eeca68446109da3cbfb2e,[],Preserve synced main file; metadata only; no execution action.,e44ba4e79fb14031b89eeca68446109da3cbfb2e
00_report/contents/09_thu_nghiem_danh_gia.typ,M,document-reference-source,,,,64358,,,,b721dd32d949fa403f2a6d76c3df1ae3ec1bbf08036519aa48acdfd23fb94ca6,2e25aa63eee5b9a0c9e424c5c3d635525d622ea6a707a36c4d47c14f2c655e80,out-of-scope,no-action,false,,main-delta e44ba4e79fb14031b89eeca68446109da3cbfb2e,[],Preserve synced main file; metadata only; no execution action.,e44ba4e79fb14031b89eeca68446109da3cbfb2e
00_report/contents/10_ket_luan_huong_phat_trien.typ,M,document-reference-source,,,,7011,,,,01ad0b5c3520abceb65c4163df6e3389a62363f41d7f2ff00c54153b2cdce698,132455927194b963accfdb110796385ea86e8973d23cb4b4448e5ef2b55d0de7,out-of-scope,no-action,false,,main-delta e44ba4e79fb14031b89eeca68446109da3cbfb2e,[],Preserve synced main file; metadata only; no execution action.,e44ba4e79fb14031b89eeca68446109da3cbfb2e
00_report/cover/cover.typ,M,document-reference-source,,,,1292,,,,eceb87ca6a993a863cd7e9bf137cf22c3b6b76b25b4f117ddcfed9064b4fe27c,ca9e1fa101c24fc19f8c6c17b54b674feff77e5409c386d322f66625fe966981,out-of-scope,no-action,false,,main-delta e44ba4e79fb14031b89eeca68446109da3cbfb2e,[],Preserve synced main file; metadata only; no execution action.,e44ba4e79fb14031b89eeca68446109da3cbfb2e
00_report/main.pdf,M,main-nonasset-change,,,,13100581,,,,79d60da58429a54ee00c1ec9259ee40fe615231aa66ff23e4b17f6f94e2cc084,609473598ec3bb8c652e90bb1c1503a6997da64946686d6c0fbbfcc9b8ff2881,out-of-scope,no-action,false,,main-delta e44ba4e79fb14031b89eeca68446109da3cbfb2e,[],Preserve synced main file; metadata only; no execution action.,e44ba4e79fb14031b89eeca68446109da3cbfb2e
00_report/main.typ,M,document-reference-source,,,,2382,,,,eb971a23e3e2ab474fbdabd43814c20036b3cd143139d962e659042ee3147169,ff719eb17f2b9301e4699d1c301c717fdae61ea7b0ed403878108f8a99c171fc,out-of-scope,no-action,false,,main-delta e44ba4e79fb14031b89eeca68446109da3cbfb2e,[],Preserve synced main file; metadata only; no execution action.,e44ba4e79fb14031b89eeca68446109da3cbfb2e
00_report/patch_settings.py,D,main-nonasset-change,,,,,,,,,ee81d60ca6b346283e5c01fc7bdcbbd5e426d1fcb15d16445212f4b7dc7f43bb,out-of-scope,no-action,false,,main-delta e44ba4e79fb14031b89eeca68446109da3cbfb2e,[],"Deleted/renamed upstream on main, absence preserved; no deletion performed by reconciliation.",e44ba4e79fb14031b89eeca68446109da3cbfb2e
00_report/patch_tables.py,D,main-nonasset-change,,,,,,,,,f734b1baec810436407c54fdc2f203d9c9661daff8968756329c1ae58bce3c1d,out-of-scope,no-action,false,,main-delta e44ba4e79fb14031b89eeca68446109da3cbfb2e,[],"Deleted/renamed upstream on main, absence preserved; no deletion performed by reconciliation.",e44ba4e79fb14031b89eeca68446109da3cbfb2e
00_report/terminal_sources/nat-config.txt,A,terminal-text-source,,,,251,,,,3b1677d920775d84f710cc0a0f7d43325844e69a5144af5a12e9b0b7590abb90,,frozen-supporting-source,no-action,false,,main-delta e44ba4e79fb14031b89eeca68446109da3cbfb2e,[],Preserve synced main file; metadata only; no execution action.,e44ba4e79fb14031b89eeca68446109da3cbfb2e
00_report/terminal_sources/nat-interfaces.txt,A,terminal-text-source,,,,729,,,,9621343a31317f8cd6dc4ad4e36b87197b30b806b0892c5b7969a8670dea5ac0,,frozen-supporting-source,no-action,false,,main-delta e44ba4e79fb14031b89eeca68446109da3cbfb2e,[],Preserve synced main file; metadata only; no execution action.,e44ba4e79fb14031b89eeca68446109da3cbfb2e
00_report/terminal_sources/ospf-isp1.txt,A,terminal-text-source,,,,183,,,,5f27b9a3c943b7bba226db35b65a5308340398d1be140a959d0e1b6c996d9967,,frozen-supporting-source,no-action,false,,main-delta e44ba4e79fb14031b89eeca68446109da3cbfb2e,[],Preserve synced main file; metadata only; no execution action.,e44ba4e79fb14031b89eeca68446109da3cbfb2e
00_report/terminal_sources/ospf-isp2.txt,A,terminal-text-source,,,,183,,,,fba2fefacf76139bde69af948033348e42350ea6952a2cc2742a3005734c40ac,,frozen-supporting-source,no-action,false,,main-delta e44ba4e79fb14031b89eeca68446109da3cbfb2e,[],Preserve synced main file; metadata only; no execution action.,e44ba4e79fb14031b89eeca68446109da3cbfb2e
00_report/terminal_sources/ospf-r1.txt,A,terminal-text-source,,,,216,,,,049c56fe83dc42cd3ef4d291e8665a1262073dee0d59305a361f94e5c602d4f7,,frozen-supporting-source,no-action,false,,main-delta e44ba4e79fb14031b89eeca68446109da3cbfb2e,[],Preserve synced main file; metadata only; no execution action.,e44ba4e79fb14031b89eeca68446109da3cbfb2e
00_report/terminal_sources/ospf-r2.txt,A,terminal-text-source,,,,181,,,,df03d9a97d800faa35bb883cf1c2260009d2b06319458e917f500dec715190be,,frozen-supporting-source,no-action,false,,main-delta e44ba4e79fb14031b89eeca68446109da3cbfb2e,[],Preserve synced main file; metadata only; no execution action.,e44ba4e79fb14031b89eeca68446109da3cbfb2e
00_report/terminal_sources/ospf-r3.txt,A,terminal-text-source,,,,181,,,,ab80e005438def0e6301089a0a0ad5bda1c1e90aca1330ed6696fab1d6e8198d,,frozen-supporting-source,no-action,false,,main-delta e44ba4e79fb14031b89eeca68446109da3cbfb2e,[],Preserve synced main file; metadata only; no execution action.,e44ba4e79fb14031b89eeca68446109da3cbfb2e
00_report/terminal_sources/ospf-r6.txt,A,terminal-text-source,,,,144,,,,4373371107820205ae2c0ad2ce9972520b98af7bf6b07b7bf63616c83fd9ab96,,frozen-supporting-source,no-action,false,,main-delta e44ba4e79fb14031b89eeca68446109da3cbfb2e,[],Preserve synced main file; metadata only; no execution action.,e44ba4e79fb14031b89eeca68446109da3cbfb2e
00_report/terminal_sources/pc1-dhcp-trace.txt,A,terminal-text-source,,,,513,,,,32c9630e922e12dce483ba6eefa8197b9dd3db89ce64f6348ffa0df70a823ec9,,frozen-supporting-source,no-action,false,,main-delta e44ba4e79fb14031b89eeca68446109da3cbfb2e,[],Preserve synced main file; metadata only; no execution action.,e44ba4e79fb14031b89eeca68446109da3cbfb2e
00_report/terminal_sources/r1-dhcp-glbp.txt,A,terminal-text-source,,,,650,,,,2decbd22f174d07519065358f9c28bc1dcb4dcea682ea8f9de5375013ba4b7a4,,frozen-supporting-source,no-action,false,,main-delta e44ba4e79fb14031b89eeca68446109da3cbfb2e,[],Preserve synced main file; metadata only; no execution action.,e44ba4e79fb14031b89eeca68446109da3cbfb2e
00_report/terminal_sources/r1-ospf-routes.txt,A,terminal-text-source,,,,2619,,,,11d8fad48f4d9e40b53bfc4f670ac82be28738263d6304d81091ec62ac7ec935,,frozen-supporting-source,no-action,false,,main-delta e44ba4e79fb14031b89eeca68446109da3cbfb2e,[],Preserve synced main file; metadata only; no execution action.,e44ba4e79fb14031b89eeca68446109da3cbfb2e
00_report/terminal_sources/r2-glbp.txt,A,terminal-text-source,,,,242,,,,dd840b0ac3b67eb0c4b6efc5d747426640f2915a4604282605cc002be1375681,,frozen-supporting-source,no-action,false,,main-delta e44ba4e79fb14031b89eeca68446109da3cbfb2e,[],Preserve synced main file; metadata only; no execution action.,e44ba4e79fb14031b89eeca68446109da3cbfb2e
00_report/terminal_sources/sw3-vlan-vtp.txt,A,terminal-text-source,,,,1147,,,,4d03eb4806733f8dca8f776c47ac91814a55b048c5875db25d7bb956ff1db5b3,,frozen-supporting-source,no-action,false,,main-delta e44ba4e79fb14031b89eeca68446109da3cbfb2e,[],Preserve synced main file; metadata only; no execution action.,e44ba4e79fb14031b89eeca68446109da3cbfb2e
00_report/terminal_sources/vpc11-ping.txt,A,terminal-text-source,,,,335,,,,e9c310801cf439455fe4a392a0519135f43bb81dd6c4f2161a2215079c9e27d8,,frozen-supporting-source,no-action,false,,main-delta e44ba4e79fb14031b89eeca68446109da3cbfb2e,[],Preserve synced main file; metadata only; no execution action.,e44ba4e79fb14031b89eeca68446109da3cbfb2e
UI/qml/features/acl/AclView.qml,M,main-nonasset-change,,,,6418,,,,21675f6003e5ce5a3b8d7cecdbd029f4e95569910cee925b3d2b136ae5788111,d6a05129009eb8f12084b6c62101fff9651d59e4e1e626ce3d906b70cd4ff22f,out-of-scope,no-action,false,,main-delta e44ba4e79fb14031b89eeca68446109da3cbfb2e,[],Preserve synced main file; metadata only; no execution action.,e44ba4e79fb14031b89eeca68446109da3cbfb2e
UI/qml/features/switching/interfaces/InterfaceInspector.qml,M,main-nonasset-change,,,,23883,,,,a166b849c7da0cc932ac8b46eef962db3e5f6c02ede77834495a22cc50ed5316,fadeb6f30ea2ff73bffaf0353804839817e3c462d6d5fcee2792e6ca2b0ff73e,out-of-scope,no-action,false,,main-delta e44ba4e79fb14031b89eeca68446109da3cbfb2e,[],Preserve synced main file; metadata only; no execution action.,e44ba4e79fb14031b89eeca68446109da3cbfb2e
UI/qml/features/switching/security/L2SecurityPage.qml,M,main-nonasset-change,,,,41526,,,,707245c194e69d1d2986d11630e4a13b62d217758024c02b4020fd64f1d06456,61c2751ba449b4c96ff26c2c901676250c073b2ba6145add98a127249b5efe14,out-of-scope,no-action,false,,main-delta e44ba4e79fb14031b89eeca68446109da3cbfb2e,[],Preserve synced main file; metadata only; no execution action.,e44ba4e79fb14031b89eeca68446109da3cbfb2e
UI/qml/features/switching/switching/VlanPage.qml,M,main-nonasset-change,,,,20281,,,,4c2774a3def50eea9751280af156f4ac28cd18773c1f7d14dfa9375f150aa560,87d056fb45c127f7f6c2aaad3a24681771bfe96d86bc1dcaac01c6912e2485cf,out-of-scope,no-action,false,,main-delta e44ba4e79fb14031b89eeca68446109da3cbfb2e,[],Preserve synced main file; metadata only; no execution action.,e44ba4e79fb14031b89eeca68446109da3cbfb2e
UI/qml/features/switching/switching/VtpPage.qml,M,main-nonasset-change,,,,38062,,,,2826498f8497643ec5e422821e3343b9857532862e05ed5c83c67e98f7e0f165,adae243fb7af93c92ad5139bb1910ea68b6d773e5eecf97aaa13123b9419de97,out-of-scope,no-action,false,,main-delta e44ba4e79fb14031b89eeca68446109da3cbfb2e,[],Preserve synced main file; metadata only; no execution action.,e44ba4e79fb14031b89eeca68446109da3cbfb2e
UI/qml/features/syslog/SyslogDeviceConfigPage.qml,M,main-nonasset-change,,,,26074,,,,e7ed9311c34c611911115342e488ead66096e7f8e62c841d38455512eb99af1c,261aefcaaefa4bdb81a0c03b1eca4155e27f921a3a810607d7593e5ee7bd961b,out-of-scope,no-action,false,,main-delta e44ba4e79fb14031b89eeca68446109da3cbfb2e,[],Preserve synced main file; metadata only; no execution action.,e44ba4e79fb14031b89eeca68446109da3cbfb2e
UI/qml/features/syslog/SyslogFilterBar.qml,M,main-nonasset-change,,,,13326,,,,ed088480db63d1ebd300639fceb3f3a52298eb66cc68abdc29a3d9147c261957,3bd980edba9c57ecdf57175a8681f52dd698711021eeed014582292874d32f99,out-of-scope,no-action,false,,main-delta e44ba4e79fb14031b89eeca68446109da3cbfb2e,[],Preserve synced main file; metadata only; no execution action.,e44ba4e79fb14031b89eeca68446109da3cbfb2e
UI/qml/features/syslog/SyslogGroupDialog.qml,M,main-nonasset-change,,,,19576,,,,1628a1c36566ba22148900c624e601ac8914c50cdaf83d8e8f67dfeb16d5f647,745f669b020164e2d98a9a972e1ce69b3c3e1c92148a3f539bd251912d316c16,out-of-scope,no-action,false,,main-delta e44ba4e79fb14031b89eeca68446109da3cbfb2e,[],Preserve synced main file; metadata only; no execution action.,e44ba4e79fb14031b89eeca68446109da3cbfb2e
UI/qml/features/syslog/SyslogLogRow.qml,M,main-nonasset-change,,,,4053,,,,a93b5b485027a15476d4b07f469c8c054a2c0fe6441d26968ce8d4cd66008f95,edc0910dbf4d36a531f2f36dc87fdccec53b621dfc30d8e07b19f90e906fc2d7,out-of-scope,no-action,false,,main-delta e44ba4e79fb14031b89eeca68446109da3cbfb2e,[],Preserve synced main file; metadata only; no execution action.,e44ba4e79fb14031b89eeca68446109da3cbfb2e
UI/qml/features/syslog/SyslogMessageDetails.qml,M,main-nonasset-change,,,,6520,,,,c632d0f48155d7f48e3bb27b9515b6d3dfd24d12c6a420a1db13263596e8d6e0,0ae4cc4550d8ee5da14c5a301bba47b53061a99be737055b8492979db9878b5b,out-of-scope,no-action,false,,main-delta e44ba4e79fb14031b89eeca68446109da3cbfb2e,[],Preserve synced main file; metadata only; no execution action.,e44ba4e79fb14031b89eeca68446109da3cbfb2e
UI/qml/features/syslog/SyslogSmartFilterBuilder.qml,M,main-nonasset-change,,,,13137,,,,7b8e77011be8c1d10b2eaa10af20817386a6b757e6da4037071bffd1c9cb56ac,dbcb2ec1f0d40f899c70af34d04abb8ee3705343897711ecdfd8a48d5c6f4e89,out-of-scope,no-action,false,,main-delta e44ba4e79fb14031b89eeca68446109da3cbfb2e,[],Preserve synced main file; metadata only; no execution action.,e44ba4e79fb14031b89eeca68446109da3cbfb2e
UI/qml/features/syslog/SyslogSmartFilterHelp.qml,M,main-nonasset-change,,,,4061,,,,21a1e1dffe275f6b7ca726ba40b5f88ac78b719b4e73e0744475498eb448c4b5,47ff50fc1374904637aaec0e13217b21fe51f572dd2495214b9cb80eb3f9401b,out-of-scope,no-action,false,,main-delta e44ba4e79fb14031b89eeca68446109da3cbfb2e,[],Preserve synced main file; metadata only; no execution action.,e44ba4e79fb14031b89eeca68446109da3cbfb2e
UI/qml/features/syslog/SyslogWorkspace.qml,M,main-nonasset-change,,,,12332,,,,6303a4bc04be534f921b5de032e3f7155a827b7fb6c2f1780658ea89f736ae39,09f3b96395eead1485a39f8df7bf2da45ca572fd6fafaa08610817e83eead297,out-of-scope,no-action,false,,main-delta e44ba4e79fb14031b89eeca68446109da3cbfb2e,[],Preserve synced main file; metadata only; no execution action.,e44ba4e79fb14031b89eeca68446109da3cbfb2e
core/database/view_push_slots.py,M,main-nonasset-change,,,,24011,,,,82e89aefa4ea7e2e2b5d995d7991f7780e9d46fc71f863d85bd49c5bbbefd8d0,f3cb3e4c2a664064c8c80d0be3003dc5c389048c42af50f64ba5ec9b5de507b9,out-of-scope,no-action,false,,main-delta e44ba4e79fb14031b89eeca68446109da3cbfb2e,[],Preserve synced main file; metadata only; no execution action.,e44ba4e79fb14031b89eeca68446109da3cbfb2e
demo_send_mail/main.py,M,main-nonasset-change,,,,8430,,,,5c5a27eea7fc37d50b472d69b0d0346135477ba072d803f57224ae41a9504cbe,a0e8638e0ad717d81aefd060c87bac9238edcf13838b0207c40827c4c2512ece,out-of-scope,no-action,false,,main-delta e44ba4e79fb14031b89eeca68446109da3cbfb2e,[],Preserve synced main file; metadata only; no execution action.,e44ba4e79fb14031b89eeca68446109da3cbfb2e
docs/SECURITY_MONITORING.md,A,main-nonasset-change,,,,4658,,,,3ca983a302451a86e067e2af834fa96757a3bf182bec08444640c39e5bb0e735,,out-of-scope,no-action,false,,main-delta e44ba4e79fb14031b89eeca68446109da3cbfb2e,[],Preserve synced main file; metadata only; no execution action.,e44ba4e79fb14031b89eeca68446109da3cbfb2e
docs/VTP_GROUP.md,A,main-nonasset-change,,,,2777,,,,bed334a1af5a6ce644d47b653b61db76d1e6aa475db395dad86c672d17ba9c68,,out-of-scope,no-action,false,,main-delta e44ba4e79fb14031b89eeca68446109da3cbfb2e,[],Preserve synced main file; metadata only; no execution action.,e44ba4e79fb14031b89eeca68446109da3cbfb2e
features/acl/templates/cisco_ios/extended.j2,M,main-nonasset-change,,,,1667,,,,49ae21eff387d05ebd19851ebd7371091ac71449e7ec84052f7c5456fae91295,0c327d4b7479e9659b18782b45613adf4860ecdca69c8fba56f4051fd400eafb,out-of-scope,no-action,false,,main-delta e44ba4e79fb14031b89eeca68446109da3cbfb2e,[],Preserve synced main file; metadata only; no execution action.,e44ba4e79fb14031b89eeca68446109da3cbfb2e
features/acl/templates/cisco_ios/standard.j2,M,main-nonasset-change,,,,449,,,,640141f02449eef7ae2ebcaeeee03cdd753fd2f5cecd28f49b5bb6b2f61cfdbb,87981180151539c4a78823332e7693a2fe8c367db4743c2ba09e36bdca6c0162,out-of-scope,no-action,false,,main-delta e44ba4e79fb14031b89eeca68446109da3cbfb2e,[],Preserve synced main file; metadata only; no execution action.,e44ba4e79fb14031b89eeca68446109da3cbfb2e
features/switching/README.md,M,main-nonasset-change,,,,5452,,,,f4ca218562f2a9c9f06a65afa7137de1abfd95fda812c542adfb72f3e1745878,3e68db5ab4a42bde397546742dfe0655a7eda532384fe2c180cf03daccf288e4,out-of-scope,no-action,false,,main-delta e44ba4e79fb14031b89eeca68446109da3cbfb2e,[],Preserve synced main file; metadata only; no execution action.,e44ba4e79fb14031b89eeca68446109da3cbfb2e
features/switching/cli_validation.py,M,main-nonasset-change,,,,1666,,,,bdda936b444f58e895c5fe0f23957e4b5a2d55a1fbddc10d6b5d2867595bcdb0,09add9fb71c82b384f0c7a3e5a2da6a1272bb745022aa3e788b6721315737e17,out-of-scope,no-action,false,,main-delta e44ba4e79fb14031b89eeca68446109da3cbfb2e,[],Preserve synced main file; metadata only; no execution action.,e44ba4e79fb14031b89eeca68446109da3cbfb2e
features/switching/commands.py,M,main-nonasset-change,,,,8883,,,,280e7ea743174b89f10aaefe88ca76f6a66e92b384725fe5d57a00e22c6b21a3,3680eee086d49ad73c995a16a85db353ef5301fb629b4d00467b69fa8e0fe7d5,out-of-scope,no-action,false,,main-delta e44ba4e79fb14031b89eeca68446109da3cbfb2e,[],Preserve synced main file; metadata only; no execution action.,e44ba4e79fb14031b89eeca68446109da3cbfb2e
features/switching/interface_repository.py,M,main-nonasset-change,,,,13636,,,,722966677998c32d15cb987d8359d3bbe409e5853951de295a68e91d85051b27,04c7f6105cdf87b24e65e3f889563af172acbe9988da9ba35e10e5d11307b01d,out-of-scope,no-action,false,,main-delta e44ba4e79fb14031b89eeca68446109da3cbfb2e,[],Preserve synced main file; metadata only; no execution action.,e44ba4e79fb14031b89eeca68446109da3cbfb2e
features/switching/peewee_models.py,M,main-nonasset-change,,,,4276,,,,a7008fe5a21618ebfa7e5e8eff3dd5c5f8bc05465b3130dce03b058e58cc61f0,20913ebd6a069e09801cc00889331754965d1f164e3a201623e6f8ca62110485,out-of-scope,no-action,false,,main-delta e44ba4e79fb14031b89eeca68446109da3cbfb2e,[],Preserve synced main file; metadata only; no execution action.,e44ba4e79fb14031b89eeca68446109da3cbfb2e
features/switching/policy_task_builder.py,M,main-nonasset-change,,,,9009,,,,74f9650287613988408a0f76a0e31e81ba274941f92370830bff39ef1a9584c8,70bf7ab229353f9095b8a0b1701f1bc964fcff2ceea4c111e8a47701c7bf467e,out-of-scope,no-action,false,,main-delta e44ba4e79fb14031b89eeca68446109da3cbfb2e,[],Preserve synced main file; metadata only; no execution action.,e44ba4e79fb14031b89eeca68446109da3cbfb2e
features/switching/security_repository.py,M,main-nonasset-change,,,,12912,,,,c99f92377ec51e3f9bd8c15949bf66ececa7649c41edae9fd803436702fcd469,07191e098517b6672b91d24f63624562f9cc432b4a354713828625e273f0e23a,out-of-scope,no-action,false,,main-delta e44ba4e79fb14031b89eeca68446109da3cbfb2e,[],Preserve synced main file; metadata only; no execution action.,e44ba4e79fb14031b89eeca68446109da3cbfb2e
features/switching/success_repository.py,M,main-nonasset-change,,,,3887,,,,32a689088976ba62821734d88a724b9a3beb9abeecb3e17288c1f91647d7f1aa,3ae96f2e47cc2f88506c71ebd67bb0dc5807b2b94fb7e39a056acca3c0ab8bc8,out-of-scope,no-action,false,,main-delta e44ba4e79fb14031b89eeca68446109da3cbfb2e,[],Preserve synced main file; metadata only; no execution action.,e44ba4e79fb14031b89eeca68446109da3cbfb2e
features/switching/sync.py,M,main-nonasset-change,,,,25133,,,,a04212330115833600bfd7e343dca467d12e63cd0d9b3111034b785b9f12bce6,f13b0f45befbe6961926a63b47f46c8315089fdf13ff414862cae99db9231c10,out-of-scope,no-action,false,,main-delta e44ba4e79fb14031b89eeca68446109da3cbfb2e,[],Preserve synced main file; metadata only; no execution action.,e44ba4e79fb14031b89eeca68446109da3cbfb2e
features/switching/view_push.py,M,main-nonasset-change,,,,26505,,,,e9a72d58f37c66df6d811261b596053dfd28004efc5ab5b4aa7c69883444c7dc,1c3287af2aad0dc7129e16ba7b4eb6db45861914cc7de2260bd087fd43308841,out-of-scope,no-action,false,,main-delta e44ba4e79fb14031b89eeca68446109da3cbfb2e,[],Preserve synced main file; metadata only; no execution action.,e44ba4e79fb14031b89eeca68446109da3cbfb2e
features/switching/vtp_group.py,M,main-nonasset-change,,,,19129,,,,c49dc055f3167f55b8d7ab7d92efdfe23b5da03309cd25ee748ec757fc8d1269,ec769f1c713865191a0b5378a1c52da1e1e2240b1f55a87d1ff4825be36ae60f,out-of-scope,no-action,false,,main-delta e44ba4e79fb14031b89eeca68446109da3cbfb2e,[],Preserve synced main file; metadata only; no execution action.,e44ba4e79fb14031b89eeca68446109da3cbfb2e
features/switching/vtp_membership.py,M,main-nonasset-change,,,,2806,,,,e7c768f471801d5c5bfea91b11041db581842d0b43a7a24f3ad67fbfd6723a75,a4eeb436f8ffcbd3beebbc005a07715f641d27c79716fb3493bb7b3490fa4851,out-of-scope,no-action,false,,main-delta e44ba4e79fb14031b89eeca68446109da3cbfb2e,[],Preserve synced main file; metadata only; no execution action.,e44ba4e79fb14031b89eeca68446109da3cbfb2e
features/syslog/README.md,M,main-nonasset-change,,,,5282,,,,90c37daaf377bd201bc2004144ad4e4c9a36d9efde37dcb34e2c3ff5fa0136f3,273326ebf9af1dd04068a6b724eb070669f505cf06c67e074dd4b32098aa5725,out-of-scope,no-action,false,,main-delta e44ba4e79fb14031b89eeca68446109da3cbfb2e,[],Preserve synced main file; metadata only; no execution action.,e44ba4e79fb14031b89eeca68446109da3cbfb2e
features/syslog/application/security_events.py,M,main-nonasset-change,,,,13790,,,,6052647d6c04cc663b4532194a0115c663deaa83f2ca6a348e790ae5ff8a4842,74ff2879dd4c33409d31b562617871dbeac3307471a8b9b1bb9ab18064952e32,out-of-scope,no-action,false,,main-delta e44ba4e79fb14031b89eeca68446109da3cbfb2e,[],Preserve synced main file; metadata only; no execution action.,e44ba4e79fb14031b89eeca68446109da3cbfb2e
features/syslog/device_config/commands.py,M,main-nonasset-change,,,,2030,,,,cd928b692f3c10e58c2903d77ed67d53ed16daf7709d7f622e0c114fd1961547,509890437f1e96b0dcc0af846c3aee19b73da7bf148b61f56c236610b3c822a1,out-of-scope,no-action,false,,main-delta e44ba4e79fb14031b89eeca68446109da3cbfb2e,[],Preserve synced main file; metadata only; no execution action.,e44ba4e79fb14031b89eeca68446109da3cbfb2e
features/syslog/export.py,M,main-nonasset-change,,,,16127,,,,688c1a337405fa075b5f5136a69e1d0f7edbb5e5ea0e42e099a966d06dbe0680,9f8362a3a4405d1580ca5491c58e8f0dbe2145dab10b30fc4ca2c4a0fe0f11d4,out-of-scope,no-action,false,,main-delta e44ba4e79fb14031b89eeca68446109da3cbfb2e,[],Preserve synced main file; metadata only; no execution action.,e44ba4e79fb14031b89eeca68446109da3cbfb2e
features/syslog/persistence/device_lookup_repository.py,M,main-nonasset-change,,,,3028,,,,2ee15b4ad4dcc020dfb0384db3e45da932258fea3d3c3a8bba0ea9d51671fc72,f00377cab5b28b339e49e9920b8d3f469aef8a3928d24ccc5d5f8b79def9cffe,out-of-scope,no-action,false,,main-delta e44ba4e79fb14031b89eeca68446109da3cbfb2e,[],Preserve synced main file; metadata only; no execution action.,e44ba4e79fb14031b89eeca68446109da3cbfb2e
features/syslog/persistence/message_repository.py,M,main-nonasset-change,,,,11626,,,,5e74cf3f73b489a8ebd4d8ed3f00fd3147b40cc5999d1b5efad87bb76c5c5510,0ef2e4a64b31f4dd6166e3f71c6a578fae7ce5d856b6748d7803651086ac029d,out-of-scope,no-action,false,,main-delta e44ba4e79fb14031b89eeca68446109da3cbfb2e,[],Preserve synced main file; metadata only; no execution action.,e44ba4e79fb14031b89eeca68446109da3cbfb2e
features/syslog/qt/manager.py,M,main-nonasset-change,,,,19118,,,,e4d593850a783af3d4906c30e45720bedad25ade5744440aa4fd9008a8db502b,039a9452fd9c00c411d9ab43072793c1038c3142effc0de74c136748cf12b296,out-of-scope,no-action,false,,main-delta e44ba4e79fb14031b89eeca68446109da3cbfb2e,[],Preserve synced main file; metadata only; no execution action.,e44ba4e79fb14031b89eeca68446109da3cbfb2e
features/syslog/security.py,A,main-nonasset-change,,,,3521,,,,08127034a0a109ef7215bcd26c5b8fbbfdd00750b4983e9a238d0e868d53b175,,out-of-scope,no-action,false,,main-delta e44ba4e79fb14031b89eeca68446109da3cbfb2e,[],Preserve synced main file; metadata only; no execution action.,e44ba4e79fb14031b89eeca68446109da3cbfb2e
features/syslog/smart_filter.py,M,main-nonasset-change,,,,8893,,,,ba9c75efeacca811003d1ae184feee71d150c06faae702071b731313229816c3,7ab579552f151781b6996eec60a64a83a2db21f2221df12249d083b9be09d145,out-of-scope,no-action,false,,main-delta e44ba4e79fb14031b89eeca68446109da3cbfb2e,[],Preserve synced main file; metadata only; no execution action.,e44ba4e79fb14031b89eeca68446109da3cbfb2e
features/syslog/view_push.py,M,main-nonasset-change,,,,9420,,,,ca7f31d8e6de97abb4198dfad07f8c3b3f8b7905d51b46a634bd85bb0cb036e1,b561ed89ec1bb3f84fc5589267d95769b5c22855da817c068edcac52347f32f7,out-of-scope,no-action,false,,main-delta e44ba4e79fb14031b89eeca68446109da3cbfb2e,[],Preserve synced main file; metadata only; no execution action.,e44ba4e79fb14031b89eeca68446109da3cbfb2e
native/syslog_collector/main.cpp,M,main-nonasset-change,,,,22340,,,,8445c449dae8bfb83918bd163a732d87479432fb155be2063e82c1adda07fa96,a1b3b75decc299776826466bd0117cde0a6ebdf0c8c4f000fc57db8950f4f37c,out-of-scope,no-action,false,,main-delta e44ba4e79fb14031b89eeca68446109da3cbfb2e,[],Preserve synced main file; metadata only; no execution action.,e44ba4e79fb14031b89eeca68446109da3cbfb2e
output/pdf/bao_cao_CAMS_da_chinh_sua.pdf,M,main-nonasset-change,,,,11311347,,,,234dca83464ed9032c9c035106ead0d53da277cc4496794c52728d450e162ed6,e470f702dcd11ae287fda98ec9a91fedd02cb703d93290f560c3173ef8f35f93,out-of-scope,no-action,false,,main-delta e44ba4e79fb14031b89eeca68446109da3cbfb2e,[],Preserve synced main file; metadata only; no execution action.,e44ba4e79fb14031b89eeca68446109da3cbfb2e
scratch/fix_repo.py,A,main-nonasset-change,,,,932,,,,ba10bd3a1dd815aaa561a7f6e67588cdbfb7f3429730de8873608e6664d391d0,,out-of-scope,no-action,false,,main-delta e44ba4e79fb14031b89eeca68446109da3cbfb2e,[],Preserve synced main file; metadata only; no execution action.,e44ba4e79fb14031b89eeca68446109da3cbfb2e
term2png.py,A,renderer-provenance,,,,14977,,,,9b88e17938faf6e7b4e9504a52a4b7169f6b743e91d17ba10f529fbc23b3920c,,frozen-supporting-source,no-action,false,,main-delta e44ba4e79fb14031b89eeca68446109da3cbfb2e,[],Preserve synced main file; metadata only; no execution action.,e44ba4e79fb14031b89eeca68446109da3cbfb2e
tests/syslog/test_native_collector.py,M,main-nonasset-change,,,,9449,,,,fa9c06309f38346e27b91f84736497be62dac7bae7af7920b64994310b647acd,29148453eca9d99d106a08e1aeca0c9e43703907bfa889a3e10b087571c38f27,out-of-scope,no-action,false,,main-delta e44ba4e79fb14031b89eeca68446109da3cbfb2e,[],Preserve synced main file; metadata only; no execution action.,e44ba4e79fb14031b89eeca68446109da3cbfb2e
tests/syslog/test_qml_syslog.py,M,main-nonasset-change,,,,15732,,,,7671b3548644a7a8675130a65ae1a21be28e92d370d603a0781bd2c60b2d0a43,65e47ee9a578a395621b9d62d4dc42cb7ca92a59fcb1f4bc64f7ed0e47aea525,out-of-scope,no-action,false,,main-delta e44ba4e79fb14031b89eeca68446109da3cbfb2e,[],Preserve synced main file; metadata only; no execution action.,e44ba4e79fb14031b89eeca68446109da3cbfb2e
tests/syslog/test_security_monitoring.py,A,main-nonasset-change,,,,6681,,,,c6c39334588d715bc58ec44fe16e9e377610f97fb55e5788d9f7f122e5a694fc,,out-of-scope,no-action,false,,main-delta e44ba4e79fb14031b89eeca68446109da3cbfb2e,[],Preserve synced main file; metadata only; no execution action.,e44ba4e79fb14031b89eeca68446109da3cbfb2e
tests/test_acl_view_push.py,M,main-nonasset-change,,,,10574,,,,565cc1dada701e7da26ca687114c685e2d64be8bdebdf9b8eccfc02b923e3566,0fda2c880c9b9646a665978e275f9d16625a96dcb2458c21658b2a2ee7957452,out-of-scope,no-action,false,,main-delta e44ba4e79fb14031b89eeca68446109da3cbfb2e,[],Preserve synced main file; metadata only; no execution action.,e44ba4e79fb14031b89eeca68446109da3cbfb2e
tests/test_switching_view_push.py,M,main-nonasset-change,,,,41553,,,,35bff111c24a0109fd8725b4d0d9e5ad271e69c726d69864e4f0e930939b6f80,998798c919e48fa6654bfbd54d6a5176280c95277979c6aba97b98f3a6c7c131,out-of-scope,no-action,false,,main-delta e44ba4e79fb14031b89eeca68446109da3cbfb2e,[],Preserve synced main file; metadata only; no execution action.,e44ba4e79fb14031b89eeca68446109da3cbfb2e
tests/test_switching_workspace.py,M,main-nonasset-change,,,,59074,,,,3b41005198a11a8ea526e17614ea28120745bd1948fc0ac796c0cdfd292c04b3,037aa0de6185a89a336f82ec0c87b7566c7a4e23dd5bf5cf602cf40f2af9cbab,out-of-scope,no-action,false,,main-delta e44ba4e79fb14031b89eeca68446109da3cbfb2e,[],Preserve synced main file; metadata only; no execution action.,e44ba4e79fb14031b89eeca68446109da3cbfb2e
tests/test_view_push_async.py,M,main-nonasset-change,,,,5678,,,,75c39cc6cbd3daaee76c2eccbd08c33ac030099efbabe74e0d76a253737fc911,bf357ce422c8d53fe253b57ddf08273575d495dfd7aea56d81b0d880ca016e6f,out-of-scope,no-action,false,,main-delta e44ba4e79fb14031b89eeca68446109da3cbfb2e,[],Preserve synced main file; metadata only; no execution action.,e44ba4e79fb14031b89eeca68446109da3cbfb2e
tests/test_vtp_ui_refresh.py,A,main-nonasset-change,,,,2855,,,,f810ed507d45e70df3170fdbea158a069456124a546f22ca83a51d21f545b4e1,,out-of-scope,no-action,false,,main-delta e44ba4e79fb14031b89eeca68446109da3cbfb2e,[],Preserve synced main file; metadata only; no execution action.,e44ba4e79fb14031b89eeca68446109da3cbfb2e
