batch_id,title,scope,estimated_asset_count,input_paths,target_categories,prerequisites,expected_changes,validation,risk,blocked_by,notes,phase,asset_ids,review_record_count
B01,Infrastructure foundation,manifest/schema+canonical destination+staging+CI+transitional book helper,0,[],[],[],Implement foundation contracts without moving images,"Static path/ID/unique/hash checks; staging sync + mkdocs build --strict; typst compile --root . book/report; unavailable must be reported, not passed; legacy baseline exceptions tracked individually",high,"[""Phase 2 design only; future execution authorization/scope""]",No existing asset transfer. Bootstrap 356 manifest records with legacy_path/current pending state and planned canonical_path; require original evidence metadata before transfer. Do not require all canonical files before first batch.,Phase 3,[],0
B02,Branding and diagrams,branding and standalone diagram/vector sources,37,"[""00_book/figures/icons/logo.svg"", ""00_book/figures/icons/ptit-logo.svg"", ""00_book/figures/report/appendix/project-structure.svg"", ""00_book/figures/report/diagrams/01_pipeline_automation.svg"", ""00_book/figures/report/diagrams/02_state_flow.svg"", ""00_book/figures/report/diagrams/03_cli_modes.svg"", ""00_book/figures/report/diagrams/04_ssh_connection.svg"", ""00_book/figures/report/diagrams/05_session_lifecycle.svg"", ""00_book/figures/report/diagrams/06_dhcp_dora.svg"", ""00_book/figures/report/diagrams/07_ospf_area.png"", ""00_book/figures/report/diagrams/07_ospf_area.svg"", ""00_book/figures/report/diagrams/08_acl_packet_flow.jpg"", ""00_book/figures/report/diagrams/08_acl_packet_flow.svg"", ""00_book/figures/report/diagrams/09_nat_pat.svg"", ""00_book/figures/report/diagrams/10_fhrp_gateway.svg"", ""00_book/figures/report/diagrams/11_db_schema.svg"", ""00_book/figures/report/diagrams/12_netmiko_stack.svg"", ""00_book/figures/report/diagrams/13_qtquick_tree.svg"", ""00_book/figures/report/diagrams/14_qml_signal_slot.svg"", ""00_book/figures/report/diagrams/15_ui_thread_workers.svg"", ""00_book/figures/report/diagrams/16_host_lock.svg"", ""00_book/figures/report/diagrams/17_serialize_parallel.svg"", ""00_book/figures/report/diagrams/18_syslog_pipeline.svg"", ""00_book/figures/report/diagrams/19_testing_flow_a.svg"", ""00_book/figures/report/diagrams/20_testing_flow_b.svg"", ""00_book/figures/report/diagrams/21_lab_test_flow.svg"", ""00_book/figures/report/diagrams/22_architecture_overview.svg"", ""00_book/figures/report/diagrams/Etherchannel.jpg"", ""00_book/figures/report/diagrams/LAB_2-report.png"", ""00_book/figures/report/diagrams/LAB_2.svg"", ""00_book/figures/report/diagrams/LAB_KICH_BAN_1.svg"", ""00_book/figures/report/diagrams/STP.jpg"", ""00_book/figures/report/diagrams/VTP.jpg"", ""00_book/figures/report/diagrams/dhcp-snooping.jpg"", ""00_book/figures/report/diagrams/dhcp_dora.png"", ""00_book/figures/report/diagrams/lab_4.svg"", ""00_book/figures/report/diagrams/vlan.png""]","[""branding/logos"", ""diagrams/architecture"", ""diagrams/database"", ""diagrams/lab-topology"", ""diagrams/lab-topology/routing-ospf"", ""diagrams/lab-topology/switching"", ""diagrams/network"", ""diagrams/workflow""]","[""B01""]","Move/copy-preserve 37 assets, rewrite every linked reference atomically, update manifest and stage entries; no content regeneration","Static path/ID/unique/hash checks; staging sync + mkdocs build --strict; typst compile --root . book/report; unavailable must be reported, not passed; legacy baseline exceptions tracked individually",medium,"[""manifest/staging/helper/CI contract not implemented"", ""approve review-required rows before transfer; resolve only affected rows""]",Atomic: bytes preserved + every reference + manifest + staging map + validation in same change. Maximum transfer count 37.,Phase 4,"[""branding.logos.cams"", ""branding.logos.ptit"", ""diagrams.architecture.application-source-tree"", ""diagrams.workflow.configuration-automation"", ""diagrams.workflow.configuration-state-flow"", ""diagrams.workflow.cisco-cli-modes"", ""diagrams.architecture.ssh-session-connection"", ""diagrams.workflow.device-session-lifecycle"", ""diagrams.workflow.dhcp-dora-sequence"", ""diagrams.network.ospf-multi-area-backbone"", ""diagrams.network.ospf-area-zero-router-chain"", ""diagrams.workflow.inbound-acl-tests"", ""diagrams.workflow.acl-rule-evaluation"", ""diagrams.network.nat-pat-internet-topology"", ""diagrams.network.fhrp-virtual-gateway"", ""diagrams.database.device-entity-relations"", ""diagrams.architecture.netmiko-ssh-stack"", ""diagrams.architecture.qtquick-component-tree"", ""diagrams.architecture.qml-python-signal-flow"", ""diagrams.architecture.ui-thread-worker-dispatch"", ""diagrams.architecture.per-host-session-lock"", ""diagrams.workflow.per-host-serial-cross-host-parallel"", ""diagrams.workflow.syslog-processing-pipeline"", ""diagrams.workflow.service-repository-test"", ""diagrams.workflow.worker-fake-connector-test"", ""diagrams.workflow.network-lab-verification"", ""diagrams.architecture.cams-layered-system"", ""diagrams.network.etherchannel-redundant-uplinks"", ""diagrams.lab-topology.routing-ospf.multi-area-branches-raster"", ""diagrams.lab-topology.routing-ospf.multi-area-branches-vector"", ""diagrams.lab-topology.switching.layer-two-security"", ""diagrams.network.stp-root-port-election"", ""diagrams.network.vtp-server-clients"", ""diagrams.network.dhcp-snooping-rogue-server"", ""diagrams.workflow.dhcp-dora-client-server-illustration"", ""diagrams.lab-topology.multi-router-branch-routing"", ""diagrams.network.vlan-trunk-segmentation""]",32
B03,Confirmed docshot UI,navigation 11 + devices 19 + VLAN 9 + generic 3,42,"[""00_book/figures/gui/chapter-03/01-workspace-overview.png"", ""00_book/figures/gui/chapter-03/02-menu-bar.png"", ""00_book/figures/gui/chapter-03/03-activity-bar.png"", ""00_book/figures/gui/chapter-03/04-devices-sidebar.png"", ""00_book/figures/gui/chapter-03/05-device-tabs.png"", ""00_book/figures/gui/chapter-03/06-feature-bar-router.png"", ""00_book/figures/gui/chapter-03/07-feature-bar-switch.png"", ""00_book/figures/gui/chapter-03/08-content-area.png"", ""00_book/figures/gui/chapter-03/09-status-bar.png"", ""00_book/figures/gui/chapter-03/09-status-details.png"", ""00_book/figures/gui/chapter-03/10-sidebar-collapsed.png"", ""00_book/figures/gui/chapter-04/01-devices-inventory.png"", ""00_book/figures/gui/chapter-04/02-add-device-empty.png"", ""00_book/figures/gui/chapter-04/03-add-device-filled.png"", ""00_book/figures/gui/chapter-04/04-device-added-waiting.png"", ""00_book/figures/gui/chapter-04/05-ssh-compatibility.png"", ""00_book/figures/gui/chapter-04/06-add-multiple-devices.png"", ""00_book/figures/gui/chapter-04/07-batch-devices-filled.png"", ""00_book/figures/gui/chapter-04/08-search-filter.png"", ""00_book/figures/gui/chapter-04/09-device-context-waiting.png"", ""00_book/figures/gui/chapter-04/10-device-connected.png"", ""00_book/figures/gui/chapter-04/11-device-context-connected.png"", ""00_book/figures/gui/chapter-04/12-device-context-disconnected.png"", ""00_book/figures/gui/chapter-04/13-multi-select.png"", ""00_book/figures/gui/chapter-04/14-multi-select-actions.png"", ""00_book/figures/gui/chapter-04/15-edit-device.png"", ""00_book/figures/gui/chapter-04/16-delete-device-confirmation.png"", ""00_book/figures/gui/chapter-04/17-running-config-result.png"", ""00_book/figures/gui/chapter-04/18-import-result.png"", ""00_book/figures/gui/chapter-04/19-batch-table-detail.png"", ""00_book/figures/gui/devices.png"", ""00_book/figures/gui/vlan/01-select-switch.png"", ""00_book/figures/gui/vlan/02-open-vlan.png"", ""00_book/figures/gui/vlan/03-add-vlan.png"", ""00_book/figures/gui/vlan/04-vlan-id.png"", ""00_book/figures/gui/vlan/05-vlan-name.png"", ""00_book/figures/gui/vlan/06-vlan-state.png"", ""00_book/figures/gui/vlan/07-ready-to-save.png"", ""00_book/figures/gui/vlan/08-vlan-created.png"", ""00_book/figures/gui/vlan/09-view-preview.png"", ""00_book/figures/gui/welcome.png"", ""00_book/figures/gui/workspace.png""]","[""ui/docshot/core"", ""ui/docshot/devices"", ""ui/docshot/switching/vlan""]","[""B01"", ""B02""]","Move/copy-preserve 42 assets, rewrite every linked reference atomically, update manifest and stage entries; no content regeneration","Static path/ID/unique/hash checks; staging sync + mkdocs build --strict; typst compile --root . book/report; unavailable must be reported, not passed; legacy baseline exceptions tracked individually",medium,"[""manifest/staging/helper/CI contract not implemented"", ""approve review-required rows before transfer; resolve only affected rows""]","Atomic: bytes preserved + every reference + manifest + staging map + validation in same change. Maximum transfer count 42. First transfer existing PNG bytes; generator old-to-new output-map preserves rendering logic. Regeneration is separately reviewed, never part of evidence migration.",Phase 5,"[""ui.core.workspace-overview"", ""ui.core.view-menu"", ""ui.core.activity-bar"", ""ui.devices.sidebar-status-groups"", ""ui.devices.tabs-router-active"", ""ui.core.feature-bar-router"", ""ui.core.feature-bar-switch"", ""ui.core.information-empty"", ""ui.core.status-bar"", ""ui.core.status-details"", ""ui.core.sidebar-collapsed"", ""ui.devices.inventory-waiting"", ""ui.devices.create-empty"", ""ui.devices.create-filled"", ""ui.devices.created-waiting"", ""ui.devices.ssh-compatibility"", ""ui.devices.batch-create-empty"", ""ui.devices.batch-create-filled"", ""ui.devices.search-switches"", ""ui.devices.context-waiting"", ""ui.devices.connected"", ""ui.devices.context-connected"", ""ui.devices.context-disconnected"", ""ui.devices.multi-select-mixed-status"", ""ui.devices.multi-select-actions"", ""ui.devices.edit"", ""ui.devices.delete-confirmation"", ""ui.devices.running-config-snapshot"", ""ui.devices.import-result"", ""ui.devices.batch-host-name-detail"", ""ui.devices.inventory-router-selected"", ""ui.switching.vlan.switch-selected"", ""ui.switching.vlan.database"", ""ui.switching.vlan.create-empty"", ""ui.switching.vlan.create-id-filled"", ""ui.switching.vlan.create-name-filled"", ""ui.switching.vlan.create-state-selector"", ""ui.switching.vlan.create-ready"", ""ui.switching.vlan.created-pending-apply"", ""ui.switching.vlan.view-push-guest"", ""ui.core.welcome-recent-projects"", ""ui.core.workspace-empty""]",2
B04,Legacy project/core UI,project lifecycle and core Welcome,10,"[""00_book/figures/gui/chapter-02/01-welcome-window.png"", ""00_book/figures/gui/chapter-02/02-create-project.png"", ""00_book/figures/gui/chapter-02/03-project-details.png"", ""00_book/figures/gui/chapter-02/04-workspace-opened.png"", ""00_book/figures/gui/chapter-02/05-open-project-choice.png"", ""00_book/figures/gui/chapter-02/06-open-existing-project.png"", ""00_book/figures/gui/chapter-02/07-recent-projects.png"", ""00_book/figures/gui/chapter-02/08-save-project.png"", ""00_book/figures/gui/chapter-02/09-snapshot-history.png"", ""00_book/figures/gui/chapter-02/10-ready-workspace.png""]","[""ui/legacy/core"", ""ui/legacy/project""]","[""B01""]","Move/copy-preserve 10 assets, rewrite every linked reference atomically, update manifest and stage entries; no content regeneration","Static path/ID/unique/hash checks; staging sync + mkdocs build --strict; typst compile --root . book/report; unavailable must be reported, not passed; legacy baseline exceptions tracked individually",medium,"[""manifest/staging/helper/CI contract not implemented""]",Atomic: bytes preserved + every reference + manifest + staging map + validation in same change. Maximum transfer count 10.,Phase 6,"[""ui.core.welcome-no-recent-projects"", ""ui.project.create-empty"", ""ui.project.create-ready"", ""ui.project.workspace-new-project"", ""ui.project.open-project-choice"", ""ui.project.workspace-open-existing"", ""ui.project.recent-projects"", ""ui.project.save-menu"", ""ui.project.snapshot-history"", ""ui.project.workspace-ready""]",0
B05,Legacy interface and routing UI,"router interfaces, static, OSPF, EIGRP",33,"[""00_book/figures/gui/chapter-05/01-router-interface-overview.png"", ""00_book/figures/gui/chapter-05/02-edit-physical-interface.png"", ""00_book/figures/gui/chapter-05/03-physical-interface-configured.png"", ""00_book/figures/gui/chapter-05/04-loopback-interface.png"", ""00_book/figures/gui/chapter-05/05-tunnel-interface.png"", ""00_book/figures/gui/chapter-05/06-subinterface.png"", ""00_book/figures/gui/chapter-05/07-view-push-preview.png"", ""00_book/figures/gui/chapter-06/01-static-routes.png"", ""00_book/figures/gui/chapter-06/02-default-routes.png"", ""00_book/figures/gui/chapter-06/03-ospf-process.png"", ""00_book/figures/gui/chapter-06/04-ospf-networks.png"", ""00_book/figures/gui/chapter-06/05-ospf-areas.png"", ""00_book/figures/gui/chapter-06/06-ospf-distance.png"", ""00_book/figures/gui/chapter-06/07-ospf-redistribute.png"", ""00_book/figures/gui/chapter-06/08-ospf-interfaces.png"", ""00_book/figures/gui/chapter-06/09-ospf-passive-interface.png"", ""00_book/figures/gui/chapter-06/10-ospf-tuning.png"", ""00_book/figures/gui/chapter-06/11-eigrp-process.png"", ""00_book/figures/gui/chapter-06/12-eigrp-networks.png"", ""00_book/figures/gui/chapter-06/13-eigrp-interfaces.png"", ""00_book/figures/gui/chapter-06/14-eigrp-passive-interface.png"", ""00_book/figures/gui/chapter-06/15-eigrp-redistribute.png"", ""00_book/figures/gui/chapter-06/16-eigrp-distribute-list.png"", ""00_book/figures/gui/chapter-06/17-eigrp-offset-list.png"", ""00_book/figures/gui/chapter-06/18-eigrp-key-chains.png"", ""00_book/figures/gui/chapter-06/19-routing-group-hosts.png"", ""00_book/figures/gui/chapter-06/20-routing-group-identity.png"", ""00_book/figures/gui/chapter-06/21-routing-group-common.png"", ""00_book/figures/gui/chapter-06/22-routing-group-networks.png"", ""00_book/figures/gui/chapter-06/23-static-view-push.png"", ""00_book/figures/gui/chapter-06/24-ospf-view-push.png"", ""00_book/figures/gui/chapter-06/25-eigrp-view-push.png"", ""00_book/figures/gui/chapter-06/26-routing-group-view-push.png""]","[""ui/legacy/routing/eigrp"", ""ui/legacy/routing/interfaces"", ""ui/legacy/routing/ospf"", ""ui/legacy/routing/static""]","[""B01""]","Move/copy-preserve 33 assets, rewrite every linked reference atomically, update manifest and stage entries; no content regeneration","Static path/ID/unique/hash checks; staging sync + mkdocs build --strict; typst compile --root . book/report; unavailable must be reported, not passed; legacy baseline exceptions tracked individually",medium,"[""manifest/staging/helper/CI contract not implemented""]",Atomic: bytes preserved + every reference + manifest + staging map + validation in same change. Maximum transfer count 33.,Phase 6,"[""ui.routing.interfaces.physical-overview"", ""ui.routing.interfaces.physical-edit"", ""ui.routing.interfaces.physical-configured"", ""ui.routing.interfaces.loopback"", ""ui.routing.interfaces.tunnel"", ""ui.routing.interfaces.subinterface"", ""ui.routing.interfaces.view-push"", ""ui.routing.static.routes"", ""ui.routing.static.default-routes"", ""ui.routing.ospf.process"", ""ui.routing.ospf.networks"", ""ui.routing.ospf.areas"", ""ui.routing.ospf.distance"", ""ui.routing.ospf.redistribute"", ""ui.routing.ospf.interfaces"", ""ui.routing.ospf.passive-interfaces"", ""ui.routing.ospf.tuning"", ""ui.routing.eigrp.process"", ""ui.routing.eigrp.networks"", ""ui.routing.eigrp.interfaces"", ""ui.routing.eigrp.passive-interfaces"", ""ui.routing.eigrp.redistribute"", ""ui.routing.eigrp.distribute-list"", ""ui.routing.eigrp.offset-list"", ""ui.routing.eigrp.key-chains"", ""ui.routing.ospf.routing-group-hosts"", ""ui.routing.ospf.routing-group-identity"", ""ui.routing.ospf.routing-group-common"", ""ui.routing.ospf.routing-group-networks"", ""ui.routing.static.view-push"", ""ui.routing.ospf.view-push"", ""ui.routing.eigrp.view-push"", ""ui.routing.ospf.routing-group-view-push""]",0
B06,Legacy DHCP ACL FHRP NAT UI,router DHCP/ACL/FHRP/NAT,39,"[""00_book/figures/gui/chapter-07/01-dhcp-pools.png"", ""00_book/figures/gui/chapter-07/02-dhcp-excluded-addresses.png"", ""00_book/figures/gui/chapter-07/03-dhcp-helper-addresses.png"", ""00_book/figures/gui/chapter-07/04-dhcp-view-push.png"", ""00_book/figures/gui/chapter-08/01-acl-standard.png"", ""00_book/figures/gui/chapter-08/02-acl-extended.png"", ""00_book/figures/gui/chapter-08/03-acl-dynamic.png"", ""00_book/figures/gui/chapter-08/04-acl-reflexive.png"", ""00_book/figures/gui/chapter-08/05-acl-mac.png"", ""00_book/figures/gui/chapter-08/06-acl-bindings.png"", ""00_book/figures/gui/chapter-08/07-acl-view-push.png"", ""00_book/figures/gui/chapter-09/01-hsrp-gateway-members.png"", ""00_book/figures/gui/chapter-09/02-hsrp-authentication-timers.png"", ""00_book/figures/gui/chapter-09/03-hsrp-member-policy.png"", ""00_book/figures/gui/chapter-09/04-vrrp-configuration.png"", ""00_book/figures/gui/chapter-09/05-glbp-configuration.png"", ""00_book/figures/gui/chapter-09/06-hsrp-view-push.png"", ""00_book/figures/gui/chapter-09/07-vrrp-view-push.png"", ""00_book/figures/gui/chapter-09/08-glbp-view-push.png"", ""00_book/figures/gui/chapter-09/09-hsrp-gateway-form-zoom.png"", ""00_book/figures/gui/chapter-09/11-hsrp-primary-member-zoom.png"", ""00_book/figures/gui/chapter-09/12-hsrp-secondary-member-zoom.png"", ""00_book/figures/gui/chapter-09/13-vrrp-options-member-zoom.png"", ""00_book/figures/gui/chapter-09/14-glbp-weighting-zoom.png"", ""00_book/figures/gui/chapter-09/15-hsrp-auth-protocol-detail.png"", ""00_book/figures/gui/chapter-11/01-quick-pat-setup.png"", ""00_book/figures/gui/chapter-11/02-interfaces-form-zoom.png"", ""00_book/figures/gui/chapter-11/03-interfaces-overview.png"", ""00_book/figures/gui/chapter-11/04-acl-form-zoom.png"", ""00_book/figures/gui/chapter-11/05-acl-overview.png"", ""00_book/figures/gui/chapter-11/06-static-form-zoom.png"", ""00_book/figures/gui/chapter-11/07-static-overview.png"", ""00_book/figures/gui/chapter-11/08-dynamic-form-zoom.png"", ""00_book/figures/gui/chapter-11/09-dynamic-overview.png"", ""00_book/figures/gui/chapter-11/10-pat-form-zoom.png"", ""00_book/figures/gui/chapter-11/11-pat-overview.png"", ""00_book/figures/gui/chapter-11/12-route-map-form-zoom.png"", ""00_book/figures/gui/chapter-11/13-route-map-overview.png"", ""00_book/figures/gui/chapter-11/14-nat-view-push.png""]","[""ui/legacy/routing/acl"", ""ui/legacy/routing/dhcp"", ""ui/legacy/routing/fhrp"", ""ui/legacy/routing/nat""]","[""B01""]","Move/copy-preserve 39 assets, rewrite every linked reference atomically, update manifest and stage entries; no content regeneration","Static path/ID/unique/hash checks; staging sync + mkdocs build --strict; typst compile --root . book/report; unavailable must be reported, not passed; legacy baseline exceptions tracked individually",medium,"[""manifest/staging/helper/CI contract not implemented"", ""approve review-required rows before transfer; resolve only affected rows""]",Atomic: bytes preserved + every reference + manifest + staging map + validation in same change. Maximum transfer count 39.,Phase 6,"[""ui.routing.dhcp.pools"", ""ui.routing.dhcp.excluded-addresses"", ""ui.routing.dhcp.helper-addresses"", ""ui.routing.dhcp.view-push"", ""ui.routing.acl.standard"", ""ui.routing.acl.extended"", ""ui.routing.acl.dynamic"", ""ui.routing.acl.reflexive"", ""ui.routing.acl.mac"", ""ui.routing.acl.bindings"", ""ui.routing.acl.view-push"", ""ui.routing.fhrp.hsrp-gateway-members"", ""ui.routing.fhrp.hsrp-authentication-timers"", ""ui.routing.fhrp.hsrp-member-policy"", ""ui.routing.fhrp.vrrp-configuration"", ""ui.routing.fhrp.glbp-configuration"", ""ui.routing.fhrp.hsrp-view-push"", ""ui.routing.fhrp.vrrp-view-push"", ""ui.routing.fhrp.glbp-view-push"", ""ui.routing.fhrp.hsrp-gateway-form-detail"", ""ui.routing.fhrp.hsrp-primary-member-detail"", ""ui.routing.fhrp.hsrp-secondary-member-detail"", ""ui.routing.fhrp.vrrp-options-member-detail"", ""ui.routing.fhrp.glbp-weighting-detail"", ""ui.routing.fhrp.hsrp-auth-protocol-detail"", ""ui.routing.nat.quick-pat-setup"", ""ui.routing.nat.interfaces-form-detail"", ""ui.routing.nat.interfaces-overview"", ""ui.routing.nat.acl-form-detail"", ""ui.routing.nat.acl-overview"", ""ui.routing.nat.static-form-detail"", ""ui.routing.nat.static-overview"", ""ui.routing.nat.dynamic-form-detail"", ""ui.routing.nat.dynamic-overview"", ""ui.routing.nat.pat-form-detail"", ""ui.routing.nat.pat-overview"", ""ui.routing.nat.route-map-form-detail"", ""ui.routing.nat.route-map-overview"", ""ui.routing.nat.view-push""]",1
B07,Legacy switching UI,"L2/L3 interfaces, VLAN/EtherChannel/STP/VTP, monitoring, L3 DHCP/ACL",35,"[""00_book/figures/gui/chapter-14/01-switch-ports-overview.png"", ""00_book/figures/gui/chapter-14/02-access-port-form.png"", ""00_book/figures/gui/chapter-14/03-access-loop-protection.png"", ""00_book/figures/gui/chapter-14/04-trunk-port-form.png"", ""00_book/figures/gui/chapter-14/05-trunk-loop-protection.png"", ""00_book/figures/gui/chapter-14/06-interfaces-view-push.png"", ""00_book/figures/gui/chapter-15/01-vlan-form.png"", ""00_book/figures/gui/chapter-15/02-vlan-overview.png"", ""00_book/figures/gui/chapter-15/03-vlan-view-push.png"", ""00_book/figures/gui/chapter-15/04-etherchannel-form.png"", ""00_book/figures/gui/chapter-15/05-quick-etherchannel.png"", ""00_book/figures/gui/chapter-15/06-etherchannel-view-push.png"", ""00_book/figures/gui/chapter-15/07-stp-form.png"", ""00_book/figures/gui/chapter-15/08-stp-view-push.png"", ""00_book/figures/gui/chapter-15/09-vtp-group-top.png"", ""00_book/figures/gui/chapter-15/10-vtp-member-policy.png"", ""00_book/figures/gui/chapter-15/11-vtp-view-push.png"", ""00_book/figures/gui/chapter-15/12-quick-etherchannel-peer.png"", ""00_book/figures/gui/chapter-15/13-quick-etherchannel-link-mode.png"", ""00_book/figures/gui/chapter-17/01-port-counters.png"", ""00_book/figures/gui/chapter-17/02-mac-address-table.png"", ""00_book/figures/gui/chapter-18/01-routed-port-form.png"", ""00_book/figures/gui/chapter-18/02-routed-ports-overview.png"", ""00_book/figures/gui/chapter-18/03-interfaces-view-push-routed.png"", ""00_book/figures/gui/chapter-18/04-svi-form.png"", ""00_book/figures/gui/chapter-18/05-svi-overview-ip-routing.png"", ""00_book/figures/gui/chapter-18/06-svi-view-push.png"", ""00_book/figures/gui/chapter-19/01-dhcp-pool-form.png"", ""00_book/figures/gui/chapter-19/02-dhcp-server-overview.png"", ""00_book/figures/gui/chapter-19/03-dhcp-server-view-push.png"", ""00_book/figures/gui/chapter-19/04-dhcp-relay-form.png"", ""00_book/figures/gui/chapter-19/05-dhcp-relay-view-push.png"", ""00_book/figures/gui/chapter-19/06-acl-extended-form.png"", ""00_book/figures/gui/chapter-19/07-acl-bindings.png"", ""00_book/figures/gui/chapter-19/08-acl-view-push.png""]","[""ui/legacy/switching/acl"", ""ui/legacy/switching/dhcp"", ""ui/legacy/switching/etherchannel"", ""ui/legacy/switching/interfaces-l2"", ""ui/legacy/switching/interfaces-l3"", ""ui/legacy/switching/monitoring"", ""ui/legacy/switching/stp"", ""ui/legacy/switching/vlan"", ""ui/legacy/switching/vtp""]","[""B01""]","Move/copy-preserve 35 assets, rewrite every linked reference atomically, update manifest and stage entries; no content regeneration","Static path/ID/unique/hash checks; staging sync + mkdocs build --strict; typst compile --root . book/report; unavailable must be reported, not passed; legacy baseline exceptions tracked individually",medium,"[""manifest/staging/helper/CI contract not implemented""]",Atomic: bytes preserved + every reference + manifest + staging map + validation in same change. Maximum transfer count 35.,Phase 6,"[""ui.switching.interfaces-l2.overview"", ""ui.switching.interfaces-l2.access-port-form"", ""ui.switching.interfaces-l2.access-loop-protection"", ""ui.switching.interfaces-l2.trunk-port-form"", ""ui.switching.interfaces-l2.trunk-loop-protection"", ""ui.switching.interfaces-l2.view-push"", ""ui.switching.vlan.form"", ""ui.switching.vlan.overview"", ""ui.switching.vlan.view-push-users"", ""ui.switching.etherchannel.form"", ""ui.switching.etherchannel.quick-link"", ""ui.switching.etherchannel.view-push"", ""ui.switching.stp.form"", ""ui.switching.stp.view-push"", ""ui.switching.vtp.group-top"", ""ui.switching.vtp.member-policy"", ""ui.switching.vtp.view-push"", ""ui.switching.etherchannel.quick-link-peer"", ""ui.switching.etherchannel.quick-link-link-mode"", ""ui.switching.monitoring.port-counters"", ""ui.switching.monitoring.mac-address-table"", ""ui.switching.interfaces-l3.routed-port-form"", ""ui.switching.interfaces-l3.routed-ports-overview"", ""ui.switching.interfaces-l3.interfaces-view-push-routed"", ""ui.switching.interfaces-l3.svi-form"", ""ui.switching.interfaces-l3.svi-overview-ip-routing"", ""ui.switching.interfaces-l3.svi-view-push"", ""ui.switching.dhcp.pool-form"", ""ui.switching.dhcp.server-overview"", ""ui.switching.dhcp.server-view-push"", ""ui.switching.dhcp.relay-form"", ""ui.switching.dhcp.relay-view-push"", ""ui.switching.acl.extended-form"", ""ui.switching.acl.bindings"", ""ui.switching.acl.view-push""]",0
B08,Legacy switching security UI,snooping/DAI/trusted/static-MAC/port security,6,"[""00_book/figures/gui/chapter-16/01-vlan-protection.png"", ""00_book/figures/gui/chapter-16/02-trusted-uplinks.png"", ""00_book/figures/gui/chapter-16/03-static-mac-form.png"", ""00_book/figures/gui/chapter-16/04-l2-security-view-push.png"", ""00_book/figures/gui/chapter-16/05-port-security-form.png"", ""00_book/figures/gui/chapter-16/07-port-security-view-push.png""]","[""ui/legacy/switching/security""]","[""B01""]","Move/copy-preserve 6 assets, rewrite every linked reference atomically, update manifest and stage entries; no content regeneration","Static path/ID/unique/hash checks; staging sync + mkdocs build --strict; typst compile --root . book/report; unavailable must be reported, not passed; legacy baseline exceptions tracked individually",medium,"[""manifest/staging/helper/CI contract not implemented""]",Atomic: bytes preserved + every reference + manifest + staging map + validation in same change. Maximum transfer count 6.,Phase 6,"[""ui.switching.security.vlan-protection"", ""ui.switching.security.trusted-uplinks"", ""ui.switching.security.static-mac-form"", ""ui.switching.security.view-push"", ""ui.switching.security.port-security-form"", ""ui.switching.security.port-security-view-push""]",0
B09,Legacy transfer and snapshots UI,SFTP/SCP/history/diff/notifications,12,"[""00_book/figures/gui/chapter-12/01-sftp-connection-form.png"", ""00_book/figures/gui/chapter-12/02-sftp-workspace-overview.png"", ""00_book/figures/gui/chapter-12/03-sftp-connection-bar.png"", ""00_book/figures/gui/chapter-12/04-sftp-local-files.png"", ""00_book/figures/gui/chapter-12/05-sftp-remote-files.png"", ""00_book/figures/gui/chapter-12/06-sftp-transfer-queue.png"", ""00_book/figures/gui/chapter-12/07-sftp-host-key-confirmation.png"", ""00_book/figures/gui/chapter-12/08-sftp-connection-paths.png"", ""00_book/figures/gui/chapter-12/09-scp-workspace.png"", ""00_book/figures/gui/chapter-12/10-sync-notifications.png"", ""00_book/figures/gui/chapter-12/11-running-config-history.png"", ""00_book/figures/gui/chapter-12/12-running-config-diff.png""]","[""ui/legacy/transfer/scp"", ""ui/legacy/transfer/sftp"", ""ui/legacy/transfer/snapshots""]","[""B01""]","Move/copy-preserve 12 assets, rewrite every linked reference atomically, update manifest and stage entries; no content regeneration","Static path/ID/unique/hash checks; staging sync + mkdocs build --strict; typst compile --root . book/report; unavailable must be reported, not passed; legacy baseline exceptions tracked individually",high,"[""manifest/staging/helper/CI contract not implemented""]",Atomic: bytes preserved + every reference + manifest + staging map + validation in same change. Maximum transfer count 12.,Phase 6,"[""ui.transfer.sftp.connection-form"", ""ui.transfer.sftp.workspace-overview"", ""ui.transfer.sftp.connection-bar"", ""ui.transfer.sftp.local-files"", ""ui.transfer.sftp.remote-files"", ""ui.transfer.sftp.transfer-queue"", ""ui.transfer.sftp.host-key-confirmation"", ""ui.transfer.sftp.connection-paths"", ""ui.transfer.scp.workspace"", ""ui.transfer.snapshots.sync-notifications"", ""ui.transfer.snapshots.running-config-history"", ""ui.transfer.snapshots.running-config-diff""]",0
B10,Legacy Syslog and System Logs UI,router Syslog configuration + viewer,13,"[""00_book/figures/gui/chapter-10/01-syslog-destinations.png"", ""00_book/figures/gui/chapter-10/02-syslog-server-editor.png"", ""00_book/figures/gui/chapter-10/03-syslog-group-hosts.png"", ""00_book/figures/gui/chapter-10/04-syslog-group-interfaces.png"", ""00_book/figures/gui/chapter-10/05-syslog-group-policy.png"", ""00_book/figures/gui/chapter-10/06-syslog-view-push.png"", ""00_book/figures/gui/chapter-13/01-system-logs-overview.png"", ""00_book/figures/gui/chapter-13/02-listener-status.png"", ""00_book/figures/gui/chapter-13/03-log-filter-bar.png"", ""00_book/figures/gui/chapter-13/04-severity-levels.png"", ""00_book/figures/gui/chapter-13/05-critical-filter-result.png"", ""00_book/figures/gui/chapter-13/06-smart-filter-builder.png"", ""00_book/figures/gui/chapter-13/07-log-message-details.png""]","[""ui/legacy/routing/syslog"", ""ui/legacy/system-logs""]","[""B01""]","Move/copy-preserve 13 assets, rewrite every linked reference atomically, update manifest and stage entries; no content regeneration","Static path/ID/unique/hash checks; staging sync + mkdocs build --strict; typst compile --root . book/report; unavailable must be reported, not passed; legacy baseline exceptions tracked individually",high,"[""manifest/staging/helper/CI contract not implemented""]",Atomic: bytes preserved + every reference + manifest + staging map + validation in same change. Maximum transfer count 13.,Phase 6,"[""ui.routing.syslog.destinations"", ""ui.routing.syslog.server-editor"", ""ui.routing.syslog.group-hosts"", ""ui.routing.syslog.group-interfaces"", ""ui.routing.syslog.group-policy"", ""ui.routing.syslog.view-push"", ""ui.system-logs.overview"", ""ui.system-logs.listener-status"", ""ui.system-logs.filter-bar"", ""ui.system-logs.severity-levels"", ""ui.system-logs.critical-filter-result"", ""ui.system-logs.smart-filter-builder"", ""ui.system-logs.message-details""]",0
B11,Switching lab original evidence,switching UI and terminal captures,33,"[""00_book/figures/report/diagrams/switching-lab/1_1.png"", ""00_book/figures/report/diagrams/switching-lab/1_10.png"", ""00_book/figures/report/diagrams/switching-lab/1_11.png"", ""00_book/figures/report/diagrams/switching-lab/1_12.png"", ""00_book/figures/report/diagrams/switching-lab/1_13.png"", ""00_book/figures/report/diagrams/switching-lab/1_14.png"", ""00_book/figures/report/diagrams/switching-lab/1_15.png"", ""00_book/figures/report/diagrams/switching-lab/1_16.png"", ""00_book/figures/report/diagrams/switching-lab/1_17.png"", ""00_book/figures/report/diagrams/switching-lab/1_18.png"", ""00_book/figures/report/diagrams/switching-lab/1_19.png"", ""00_book/figures/report/diagrams/switching-lab/1_2.png"", ""00_book/figures/report/diagrams/switching-lab/1_20.png"", ""00_book/figures/report/diagrams/switching-lab/1_21.png"", ""00_book/figures/report/diagrams/switching-lab/1_22.png"", ""00_book/figures/report/diagrams/switching-lab/1_23.png"", ""00_book/figures/report/diagrams/switching-lab/1_24.png"", ""00_book/figures/report/diagrams/switching-lab/1_25.png"", ""00_book/figures/report/diagrams/switching-lab/1_26.png"", ""00_book/figures/report/diagrams/switching-lab/1_27.png"", ""00_book/figures/report/diagrams/switching-lab/1_28.png"", ""00_book/figures/report/diagrams/switching-lab/1_29.png"", ""00_book/figures/report/diagrams/switching-lab/1_3.png"", ""00_book/figures/report/diagrams/switching-lab/1_30.png"", ""00_book/figures/report/diagrams/switching-lab/1_31.png"", ""00_book/figures/report/diagrams/switching-lab/1_32.png"", ""00_book/figures/report/diagrams/switching-lab/1_33.png"", ""00_book/figures/report/diagrams/switching-lab/1_4.png"", ""00_book/figures/report/diagrams/switching-lab/1_5.png"", ""00_book/figures/report/diagrams/switching-lab/1_6.png"", ""00_book/figures/report/diagrams/switching-lab/1_7.png"", ""00_book/figures/report/diagrams/switching-lab/1_8.png"", ""00_book/figures/report/diagrams/switching-lab/1_9.png""]","[""evidence/terminal/original/switching-lab"", ""evidence/ui-capture/original/switching-lab""]","[""B01""]","Move/copy-preserve 33 assets, rewrite every linked reference atomically, update manifest and stage entries; no content regeneration","Static path/ID/unique/hash checks; staging sync + mkdocs build --strict; typst compile --root . book/report; unavailable must be reported, not passed; legacy baseline exceptions tracked individually",high,"[""manifest/staging/helper/CI contract not implemented"", ""approve review-required rows before transfer; resolve only affected rows"", ""unresolved filename rows; batch cannot claim complete until resolved""]",Atomic: bytes preserved + every reference + manifest + staging map + validation in same change. Maximum transfer count 33.,Phase 7,"[""evidence.switching.sw1-vlan-ten-access-assignments"", ""evidence.switching.sw1-trunks-pending-apply"", ""evidence.switching.sw2-trunks-synchronized"", ""evidence.switching.sw3-trunks-synchronized"", ""evidence.switching.sw4-trunks-synchronized"", ""evidence.switching.sw5-trunks-synchronized"", ""evidence.switching.sw6-trunks-synchronized"", ""evidence.switching.vtp-group-identity"", ""evidence.switching.vtp-group-member-policy"", ""evidence.switching.sw1-vlan-five-access-assignments"", ""evidence.switching.sw1-vlan-data-network-selected"", ""evidence.switching.sw1-lacp-port-channel-editing"", ""evidence.switching.vlan-view-push"", ""evidence.switching.vlan-security-policy"", ""evidence.switching.trusted-uplinks"", ""evidence.switching.l2-security-view-push"", ""evidence.switching.port-security-editor"", ""evidence.switching.port-security-view-push"", ""evidence.switching.port-security-configured"", ""evidence.switching.sw1-vtp-status"", ""evidence.switching.sw2-vtp-status"", ""evidence.switching.sw2-vtp-trunk-verification"", ""evidence.switching.etherchannel-view-push"", ""evidence.switching.multi-switch-etherchannel-verification"", ""evidence.switching.sw2-vtp-trunk-alternate-capture"", ""evidence.switching.mac-address-table"", ""evidence.switching.sw5-port-security-verification"", ""evidence.switching.sw3-lacp-inventory-reloaded"", ""evidence.switching.sw1-lacp-inventory-reloaded"", ""evidence.switching.sw3-lacp-later-capture"", ""evidence.switching.sw2-pagp-synchronized"", ""evidence.switching.sw4-pagp-synchronized"", ""evidence.switching.sw1-port-mode-editing""]",33
B12,Routing OSPF lab original evidence,"routing UI, terminal, connectivity",27,"[""00_book/figures/report/diagrams/routing-ospf-lab/1.png"", ""00_book/figures/report/diagrams/routing-ospf-lab/10.png"", ""00_book/figures/report/diagrams/routing-ospf-lab/11.png"", ""00_book/figures/report/diagrams/routing-ospf-lab/12.png"", ""00_book/figures/report/diagrams/routing-ospf-lab/13.png"", ""00_book/figures/report/diagrams/routing-ospf-lab/14.png"", ""00_book/figures/report/diagrams/routing-ospf-lab/15.png"", ""00_book/figures/report/diagrams/routing-ospf-lab/16.png"", ""00_book/figures/report/diagrams/routing-ospf-lab/17.png"", ""00_book/figures/report/diagrams/routing-ospf-lab/18.png"", ""00_book/figures/report/diagrams/routing-ospf-lab/19.png"", ""00_book/figures/report/diagrams/routing-ospf-lab/2.png"", ""00_book/figures/report/diagrams/routing-ospf-lab/20.png"", ""00_book/figures/report/diagrams/routing-ospf-lab/21.png"", ""00_book/figures/report/diagrams/routing-ospf-lab/22.png"", ""00_book/figures/report/diagrams/routing-ospf-lab/23.png"", ""00_book/figures/report/diagrams/routing-ospf-lab/24.png"", ""00_book/figures/report/diagrams/routing-ospf-lab/25.png"", ""00_book/figures/report/diagrams/routing-ospf-lab/26.png"", ""00_book/figures/report/diagrams/routing-ospf-lab/27.png"", ""00_book/figures/report/diagrams/routing-ospf-lab/3.png"", ""00_book/figures/report/diagrams/routing-ospf-lab/4.png"", ""00_book/figures/report/diagrams/routing-ospf-lab/5.png"", ""00_book/figures/report/diagrams/routing-ospf-lab/6.png"", ""00_book/figures/report/diagrams/routing-ospf-lab/7.png"", ""00_book/figures/report/diagrams/routing-ospf-lab/8.png"", ""00_book/figures/report/diagrams/routing-ospf-lab/9.png""]","[""evidence/connectivity/original/routing-ospf-lab"", ""evidence/terminal/original/routing-ospf-lab"", ""evidence/ui-capture/original/routing-ospf-lab""]","[""B01""]","Move/copy-preserve 27 assets, rewrite every linked reference atomically, update manifest and stage entries; no content regeneration","Static path/ID/unique/hash checks; staging sync + mkdocs build --strict; typst compile --root . book/report; unavailable must be reported, not passed; legacy baseline exceptions tracked individually",high,"[""manifest/staging/helper/CI contract not implemented"", ""approve review-required rows before transfer; resolve only affected rows""]",Atomic: bytes preserved + every reference + manifest + staging map + validation in same change. Maximum transfer count 27.,Phase 7,"[""evidence.routing-ospf.router-interfaces-overview"", ""evidence.routing-ospf.routing-group-hosts"", ""evidence.routing-ospf.routing-group-networks"", ""evidence.routing-ospf.multi-router-ospf-running-config"", ""evidence.routing-ospf.r1-process-dark"", ""evidence.routing-ospf.routing-group-push-progress"", ""evidence.routing-ospf.r1-view-push-dark"", ""evidence.routing-ospf.r2-process"", ""evidence.routing-ospf.r1-ospf-routing-verification"", ""evidence.routing-ospf.r2-ospf-routing-verification"", ""evidence.routing-ospf.r3-ospf-routing-verification"", ""evidence.routing-ospf.router-interface-editor-dark"", ""evidence.routing-ospf.r6-ospf-routing-verification"", ""evidence.routing-ospf.vpc11-ip-configuration"", ""evidence.routing-ospf.vpc12-ip-configuration"", ""evidence.routing-ospf.vpc14-ip-configuration"", ""evidence.routing-ospf.vpc13-ip-configuration"", ""evidence.routing-ospf.vpc11-ping-verification"", ""evidence.routing-ospf.vpc13-ping-verification"", ""evidence.routing-ospf.vpc15-ping-verification"", ""evidence.routing-ospf.router-interface-addresses-dark"", ""evidence.routing-ospf.router-interface-policy-dark"", ""evidence.routing-ospf.router-interfaces-inventory-dark"", ""evidence.routing-ospf.router-interfaces-selected-dark"", ""evidence.routing-ospf.router-interface-edit-dark"", ""evidence.routing-ospf.router-interface-counters-dark"", ""evidence.routing-ospf.router-process-overview-dark""]",27
B13,FHRP NAT DHCP lab original evidence,"lab UI, CLI/connectivity and topology pair",17,"[""00_book/figures/report/diagrams/fhrp-nat-dhcp-lab/01-nat-interfaces.png"", ""00_book/figures/report/diagrams/fhrp-nat-dhcp-lab/02-nat-acl.png"", ""00_book/figures/report/diagrams/fhrp-nat-dhcp-lab/03-nat-config-preview.png"", ""00_book/figures/report/diagrams/fhrp-nat-dhcp-lab/04-nat-pat.png"", ""00_book/figures/report/diagrams/fhrp-nat-dhcp-lab/05-nat-pat-preview.png"", ""00_book/figures/report/diagrams/fhrp-nat-dhcp-lab/06-nat-interface-verify.png"", ""00_book/figures/report/diagrams/fhrp-nat-dhcp-lab/07-nat-config-verify.png"", ""00_book/figures/report/diagrams/fhrp-nat-dhcp-lab/08-glbp-setup.png"", ""00_book/figures/report/diagrams/fhrp-nat-dhcp-lab/09-glbp-member-policy.png"", ""00_book/figures/report/diagrams/fhrp-nat-dhcp-lab/10-glbp-config-preview.png"", ""00_book/figures/report/diagrams/fhrp-nat-dhcp-lab/11-dhcp-pool.png"", ""00_book/figures/report/diagrams/fhrp-nat-dhcp-lab/13-dhcp-config-preview.png"", ""00_book/figures/report/diagrams/fhrp-nat-dhcp-lab/14-dhcp-glbp-r1-verify.png"", ""00_book/figures/report/diagrams/fhrp-nat-dhcp-lab/15-glbp-r2-verify.png"", ""00_book/figures/report/diagrams/fhrp-nat-dhcp-lab/16-client-connectivity-test.png"", ""00_book/figures/report/diagrams/fhrp-nat-dhcp-lab/fhrp-nat-dhcp-report.png"", ""00_book/figures/report/diagrams/fhrp-nat-dhcp-lab/fhrp-nat-dhcp.svg""]","[""diagrams/lab-topology/fhrp-nat-dhcp"", ""evidence/connectivity/original/fhrp-nat-dhcp-lab"", ""evidence/terminal/original/fhrp-nat-dhcp-lab"", ""evidence/ui-capture/original/fhrp-nat-dhcp-lab""]","[""B01""]","Move/copy-preserve 17 assets, rewrite every linked reference atomically, update manifest and stage entries; no content regeneration","Static path/ID/unique/hash checks; staging sync + mkdocs build --strict; typst compile --root . book/report; unavailable must be reported, not passed; legacy baseline exceptions tracked individually",high,"[""manifest/staging/helper/CI contract not implemented"", ""approve review-required rows before transfer; resolve only affected rows""]",Atomic: bytes preserved + every reference + manifest + staging map + validation in same change. Maximum transfer count 17.,Phase 7,"[""evidence.fhrp-nat-dhcp.nat-interfaces"", ""evidence.fhrp-nat-dhcp.nat-acl"", ""evidence.fhrp-nat-dhcp.nat-config-preview"", ""evidence.fhrp-nat-dhcp.nat-pat"", ""evidence.fhrp-nat-dhcp.nat-pat-preview"", ""evidence.fhrp-nat-dhcp.nat-interface-verify"", ""evidence.fhrp-nat-dhcp.nat-config-verify"", ""evidence.fhrp-nat-dhcp.glbp-setup"", ""evidence.fhrp-nat-dhcp.glbp-member-policy"", ""evidence.fhrp-nat-dhcp.glbp-config-preview"", ""evidence.fhrp-nat-dhcp.dhcp-pool"", ""evidence.fhrp-nat-dhcp.dhcp-config-preview"", ""evidence.fhrp-nat-dhcp.dhcp-glbp-r1-verify"", ""evidence.fhrp-nat-dhcp.glbp-r2-verify"", ""evidence.fhrp-nat-dhcp.client-connectivity-test"", ""diagrams.lab-topology.fhrp-nat-dhcp.glbp-dhcp-pat-raster"", ""diagrams.lab-topology.fhrp-nat-dhcp.glbp-dhcp-pat-vector""]",17
B14,Syslog lab original evidence,"lab UI, terminal, device logs, email and topology pair",21,"[""00_book/figures/report/diagrams/syslog-lab/01-syslog-configuration.png"", ""00_book/figures/report/diagrams/syslog-lab/02-syslog-select-hosts.png"", ""00_book/figures/report/diagrams/syslog-lab/03-syslog-source-interfaces.png"", ""00_book/figures/report/diagrams/syslog-lab/04-syslog-policy.png"", ""00_book/figures/report/diagrams/syslog-lab/05-syslog-config-preview.png"", ""00_book/figures/report/diagrams/syslog-lab/06-syslog-r1-verify.png"", ""00_book/figures/report/diagrams/syslog-lab/07-syslog-r2-verify.png"", ""00_book/figures/report/diagrams/syslog-lab/08-syslog-r3-verify.png"", ""00_book/figures/report/diagrams/syslog-lab/09-syslog-sw1-verify.png"", ""00_book/figures/report/diagrams/syslog-lab/10-syslog-listener-before-start.png"", ""00_book/figures/report/diagrams/syslog-lab/11-syslog-listener-receiving.png"", ""00_book/figures/report/diagrams/syslog-lab/12-syslog-message-detail.png"", ""00_book/figures/report/diagrams/syslog-lab/13-syslog-r1-device-logs.png"", ""00_book/figures/report/diagrams/syslog-lab/14-syslog-r2-device-logs.png"", ""00_book/figures/report/diagrams/syslog-lab/15-syslog-r3-device-logs.png"", ""00_book/figures/report/diagrams/syslog-lab/16-syslog-sw1-device-logs.png"", ""00_book/figures/report/diagrams/syslog-lab/17-email-alert-settings.png"", ""00_book/figures/report/diagrams/syslog-lab/18-email-critical.png"", ""00_book/figures/report/diagrams/syslog-lab/19-email-warning.png"", ""00_book/figures/report/diagrams/syslog-lab/syslog-lab-topology-report.png"", ""00_book/figures/report/diagrams/syslog-lab/syslog-lab-topology.svg""]","[""diagrams/lab-topology/syslog"", ""evidence/external-tools/original/syslog-lab"", ""evidence/syslog/original/syslog-lab"", ""evidence/terminal/original/syslog-lab"", ""evidence/ui-capture/original/syslog-lab""]","[""B01""]","Move/copy-preserve 21 assets, rewrite every linked reference atomically, update manifest and stage entries; no content regeneration","Static path/ID/unique/hash checks; staging sync + mkdocs build --strict; typst compile --root . book/report; unavailable must be reported, not passed; legacy baseline exceptions tracked individually",high,"[""manifest/staging/helper/CI contract not implemented"", ""approve review-required rows before transfer; resolve only affected rows""]",Atomic: bytes preserved + every reference + manifest + staging map + validation in same change. Maximum transfer count 21.,Phase 7,"[""evidence.syslog.configuration"", ""evidence.syslog.select-hosts"", ""evidence.syslog.source-interfaces"", ""evidence.syslog.policy"", ""evidence.syslog.config-preview"", ""evidence.syslog.r1-verify"", ""evidence.syslog.r2-verify"", ""evidence.syslog.r3-verify"", ""evidence.syslog.sw1-verify"", ""evidence.syslog.listener-before-start"", ""evidence.syslog.listener-receiving"", ""evidence.syslog.message-detail"", ""evidence.syslog.r1-device-logs"", ""evidence.syslog.r2-device-logs"", ""evidence.syslog.r3-device-logs"", ""evidence.syslog.sw1-device-logs"", ""evidence.syslog.email-alert-settings"", ""evidence.syslog.email-critical"", ""evidence.syslog.email-warning"", ""diagrams.lab-topology.syslog.centralized-logging-raster"", ""diagrams.lab-topology.syslog.centralized-logging-vector""]",21
B15,LAB1 source material,12 raw pages + 16 extracted assets,28,"[""00_report/Tai_lieu_lab/LAB1/1.png"", ""00_report/Tai_lieu_lab/LAB1/10.png"", ""00_report/Tai_lieu_lab/LAB1/11.png"", ""00_report/Tai_lieu_lab/LAB1/12.png"", ""00_report/Tai_lieu_lab/LAB1/2.png"", ""00_report/Tai_lieu_lab/LAB1/3.png"", ""00_report/Tai_lieu_lab/LAB1/4.png"", ""00_report/Tai_lieu_lab/LAB1/5.png"", ""00_report/Tai_lieu_lab/LAB1/6.png"", ""00_report/Tai_lieu_lab/LAB1/7.png"", ""00_report/Tai_lieu_lab/LAB1/8.png"", ""00_report/Tai_lieu_lab/LAB1/9.png"", ""00_report/Tai_lieu_lab/LAB1/ANH_CUA_LAB/1.png"", ""00_report/Tai_lieu_lab/LAB1/ANH_CUA_LAB/image copy 10.png"", ""00_report/Tai_lieu_lab/LAB1/ANH_CUA_LAB/image copy 11.png"", ""00_report/Tai_lieu_lab/LAB1/ANH_CUA_LAB/image copy 12.png"", ""00_report/Tai_lieu_lab/LAB1/ANH_CUA_LAB/image copy 13.png"", ""00_report/Tai_lieu_lab/LAB1/ANH_CUA_LAB/image copy 14.png"", ""00_report/Tai_lieu_lab/LAB1/ANH_CUA_LAB/image copy 2.png"", ""00_report/Tai_lieu_lab/LAB1/ANH_CUA_LAB/image copy 3.png"", ""00_report/Tai_lieu_lab/LAB1/ANH_CUA_LAB/image copy 4.png"", ""00_report/Tai_lieu_lab/LAB1/ANH_CUA_LAB/image copy 5.png"", ""00_report/Tai_lieu_lab/LAB1/ANH_CUA_LAB/image copy 6.png"", ""00_report/Tai_lieu_lab/LAB1/ANH_CUA_LAB/image copy 7.png"", ""00_report/Tai_lieu_lab/LAB1/ANH_CUA_LAB/image copy 8.png"", ""00_report/Tai_lieu_lab/LAB1/ANH_CUA_LAB/image copy 9.png"", ""00_report/Tai_lieu_lab/LAB1/ANH_CUA_LAB/image copy.png"", ""00_report/Tai_lieu_lab/LAB1/ANH_CUA_LAB/image.png""]","[""diagrams/lab-topology/lab1"", ""evidence/source-material/lab1"", ""evidence/terminal/original/lab1"", ""evidence/ui-capture/original/lab1""]","[""B01""]","Move/copy-preserve 28 assets, rewrite every linked reference atomically, update manifest and stage entries; no content regeneration","Static path/ID/unique/hash checks; staging sync + mkdocs build --strict; typst compile --root . book/report; unavailable must be reported, not passed; legacy baseline exceptions tracked individually",high,"[""manifest/staging/helper/CI contract not implemented"", ""approve review-required rows before transfer; resolve only affected rows""]",Atomic: bytes preserved + every reference + manifest + staging map + validation in same change. Maximum transfer count 28. Raw content labels remain provisional; inspect page headings/source sequence before assigning paths.,Phase 8,"[""source-material.lab1.lab-overview-and-objectives"", ""source-material.lab1.interface-lifecycle-and-validation"", ""source-material.lab1.cli-output-and-result-analysis"", ""source-material.lab1.results-summary"", ""source-material.lab1.device-access-and-basic-configuration"", ""source-material.lab1.loopback-and-log-tests"", ""source-material.lab1.interface-configuration-procedure"", ""source-material.lab1.interface-verification-output"", ""source-material.lab1.dhcp-pool-and-acl-procedure"", ""source-material.lab1.service-and-system-log-analysis"", ""source-material.lab1.configuration-checks"", ""source-material.lab1.validation-procedure-continuation"", ""diagrams.lab-topology.lab1.router-switch-management"", ""evidence.lab1.r2-interface-ip-configuration"", ""evidence.lab1.static-mac-editor"", ""evidence.lab1.r2-interface-status"", ""evidence.lab1.system-logs-filtered"", ""evidence.lab1.l2-security-view-push-dialog"", ""evidence.lab1.router-interface-editor"", ""evidence.lab1.dhcp-pool-editor"", ""evidence.lab1.acl-standard-rule-editor"", ""evidence.lab1.port-security-editor"", ""evidence.lab1.l2-security-save-result"", ""evidence.lab1.system-logs-receiving"", ""evidence.lab1.l2-security-view-push-overlay"", ""evidence.lab1.r1-interface-ip-configuration"", ""evidence.lab1.router-physical-interface-settings"", ""evidence.lab1.switch-port-inventory""]",28
B16,External tools and format evidence,Jenkins CI + project JSON/hex captures,3,"[""00_book/figures/report/diagrams/jenkins_pipeline_stages.png"", ""00_book/figures/report/misc/cams-screenshot-2026-09-13-18-17-17.png"", ""00_book/figures/report/misc/xxd-ntp.png""]","[""evidence/external-tools/original/ci"", ""evidence/terminal/original/project-format""]","[""B01""]","Move/copy-preserve 3 assets, rewrite every linked reference atomically, update manifest and stage entries; no content regeneration","Static path/ID/unique/hash checks; staging sync + mkdocs build --strict; typst compile --root . book/report; unavailable must be reported, not passed; legacy baseline exceptions tracked individually",medium,"[""manifest/staging/helper/CI contract not implemented"", ""approve review-required rows before transfer; resolve only affected rows""]",Atomic: bytes preserved + every reference + manifest + staging map + validation in same change. Maximum transfer count 3.,Phase 8,"[""evidence.ci.jenkins-pipeline-stages"", ""evidence.project-format.project-package-json-inspection"", ""evidence.project-format.encrypted-package-hex-header""]",3
B17,Duplicate orphan archive review,41 pairs + 110 orphan records; review-only; subpasses ≤25 records,0,[],[],"[""B01"", ""B02"", ""B03"", ""B04"", ""B05"", ""B06"", ""B07"", ""B08"", ""B09"", ""B10"", ""B11"", ""B12"", ""B13"", ""B14"", ""B15"", ""B16""]",Review only; apply approved plan overlays before any transfer,"Static path/ID/unique/hash checks; staging sync + mkdocs build --strict; typst compile --root . book/report; unavailable must be reported, not passed; legacy baseline exceptions tracked individually",high,"[""manifest/staging/helper/CI contract not implemented""]","Review 110 orphan candidates in five subpasses (25/25/25/25/10); review 41 pairs in two subpasses. estimated_asset_count=0 means no new transfer, not no review. No deletion/merge without later explicit decision.",Phase 9,[],151
B18,Final validation and cleanup review,all references+manifest+staging+both Typst targets; no automatic original deletion,0,[],[],"[""B01"", ""B02"", ""B03"", ""B04"", ""B05"", ""B06"", ""B07"", ""B08"", ""B09"", ""B10"", ""B11"", ""B12"", ""B13"", ""B14"", ""B15"", ""B16"", ""B17""]",Final checks and proposed cleanup review,"Static path/ID/unique/hash checks; staging sync + mkdocs build --strict; typst compile --root . book/report; unavailable must be reported, not passed; legacy baseline exceptions tracked individually",high,"[""manifest/staging/helper/CI contract not implemented""]",Retire legacy adapters only after reference scanner proves no legacy usage. Any deletion of original assets requires separate later authorization; cleanup here concerns generated staging and obsolete path metadata only.,Phase 10,[],0
