asset_id,old_path,canonical_path,stage_path,sha256,targets,batch_id
ui.core.welcome-no-recent-projects,00_book/figures/gui/chapter-02/01-welcome-window.png,documentation_assets/ui/legacy/core/welcome-no-recent-projects.png,00_book/assets/ui/legacy/core/welcome-no-recent-projects.png,6dbe1505c3c741477a8ed92a51076b6d58d4673520013015ef2c04b4cf054bbd,"[""book-mkdocs"", ""book-typst""]",B04
ui.project.create-empty,00_book/figures/gui/chapter-02/02-create-project.png,documentation_assets/ui/legacy/project/create-empty.png,00_book/assets/ui/legacy/project/create-empty.png,b3d74cb9f86b0ffac2c4917488008502b5fbe0718d5b4490fd7ec7e7e5cb520f,"[""book-mkdocs"", ""book-typst""]",B04
ui.project.create-ready,00_book/figures/gui/chapter-02/03-project-details.png,documentation_assets/ui/legacy/project/create-ready.png,00_book/assets/ui/legacy/project/create-ready.png,bd1a6892115ed6685deaa15ec146941a4e3331accd1668d3e4ce0e51ff5c6707,"[""book-mkdocs"", ""book-typst""]",B04
ui.project.workspace-new-project,00_book/figures/gui/chapter-02/04-workspace-opened.png,documentation_assets/ui/legacy/project/workspace-new-project.png,00_book/assets/ui/legacy/project/workspace-new-project.png,e7a687467b959823d749c993c7ad823d65304c9137ea328c734ddd3064705a36,"[""book-mkdocs"", ""book-typst""]",B04
ui.project.open-project-choice,00_book/figures/gui/chapter-02/05-open-project-choice.png,documentation_assets/ui/legacy/project/open-project-choice.png,00_book/assets/ui/legacy/project/open-project-choice.png,e7e918a348d2203fd68c2c05a579b0d3a423b65ef61644551ace02dcccf6a95f,"[""book-mkdocs""]",B04
ui.project.workspace-open-existing,00_book/figures/gui/chapter-02/06-open-existing-project.png,documentation_assets/ui/legacy/project/workspace-open-existing.png,00_book/assets/ui/legacy/project/workspace-open-existing.png,7de27f0a95e1694667be8d4b6d381df7cb4b02e3adc3a2aa334e9739ba3036f4,"[""book-mkdocs"", ""book-typst""]",B04
ui.project.recent-projects,00_book/figures/gui/chapter-02/07-recent-projects.png,documentation_assets/ui/legacy/project/recent-projects.png,00_book/assets/ui/legacy/project/recent-projects.png,212f5ac2dd93d9812961ca1a9665c61e49b02987f1b93fa131148da4d3558cc5,"[""book-mkdocs"", ""book-typst""]",B04
ui.project.save-menu,00_book/figures/gui/chapter-02/08-save-project.png,documentation_assets/ui/legacy/project/save-menu.png,00_book/assets/ui/legacy/project/save-menu.png,69ee0d25e8594580fe3226e59301de39abc37d2e0781af922f9a15ddc935b0db,"[""book-mkdocs"", ""book-typst""]",B04
ui.project.snapshot-history,00_book/figures/gui/chapter-02/09-snapshot-history.png,documentation_assets/ui/legacy/project/snapshot-history.png,00_book/assets/ui/legacy/project/snapshot-history.png,cb631f8f1621412d5db5849b5c9c9a581e191de83fea79d87d063089b14b7b98,"[""book-mkdocs"", ""book-typst""]",B04
ui.project.workspace-ready,00_book/figures/gui/chapter-02/10-ready-workspace.png,documentation_assets/ui/legacy/project/workspace-ready.png,00_book/assets/ui/legacy/project/workspace-ready.png,f8ee59d3e04fd060bc069dcd1b0468cc03a6c30619dd848d830254243f108acd,"[""book-mkdocs""]",B04
ui.core.workspace-overview,00_book/figures/gui/chapter-03/01-workspace-overview.png,documentation_assets/ui/docshot/core/workspace-overview.png,00_book/assets/ui/docshot/core/workspace-overview.png,4c060f15972dc8484bd445882a9a0e07b664e09cc42bd65873af52bc7b1e420f,"[""book-mkdocs"", ""book-typst"", ""report-typst""]",B03
ui.core.view-menu,00_book/figures/gui/chapter-03/02-menu-bar.png,documentation_assets/ui/docshot/core/view-menu.png,00_book/assets/ui/docshot/core/view-menu.png,051797bbf7e32ae7ad318120d8f55a6ff6333d5fef9a327262f48ae3a67c7ed8,"[""book-mkdocs"", ""book-typst""]",B03
ui.core.activity-bar,00_book/figures/gui/chapter-03/03-activity-bar.png,documentation_assets/ui/docshot/core/activity-bar.png,00_book/assets/ui/docshot/core/activity-bar.png,1e536a74b4b687128ab01a1623d90c835eb5d05fa0328164bed4ce4fd29fd8db,"[""book-mkdocs"", ""book-typst""]",B03
ui.devices.sidebar-status-groups,00_book/figures/gui/chapter-03/04-devices-sidebar.png,documentation_assets/ui/docshot/devices/sidebar-status-groups.png,00_book/assets/ui/docshot/devices/sidebar-status-groups.png,cfa2fbb557d60aa3dc84af6947a428a61c256c59efafc63f93e6204b33b434c9,"[""book-mkdocs"", ""book-typst""]",B03
ui.devices.tabs-router-active,00_book/figures/gui/chapter-03/05-device-tabs.png,documentation_assets/ui/docshot/devices/tabs-router-active.png,00_book/assets/ui/docshot/devices/tabs-router-active.png,1be478630aa5cb58e9b615f959542147309e172e2bae4fe790eb54dd5479acac,"[""book-mkdocs"", ""book-typst""]",B03
ui.core.feature-bar-router,00_book/figures/gui/chapter-03/06-feature-bar-router.png,documentation_assets/ui/docshot/core/feature-bar-router.png,00_book/assets/ui/docshot/core/feature-bar-router.png,e4698aab0bcd4843d47222efcf7b751c205f0d7d9655c666f13f4b77f80b3045,"[""book-mkdocs"", ""book-typst""]",B03
ui.core.feature-bar-switch,00_book/figures/gui/chapter-03/07-feature-bar-switch.png,documentation_assets/ui/docshot/core/feature-bar-switch.png,00_book/assets/ui/docshot/core/feature-bar-switch.png,2a893694a070c6f6c879da03a4bf9de8ea95a019ccc99a805d5b84366ff8aa4b,"[""book-mkdocs"", ""book-typst""]",B03
ui.core.information-empty,00_book/figures/gui/chapter-03/08-content-area.png,documentation_assets/ui/docshot/core/information-empty.png,00_book/assets/ui/docshot/core/information-empty.png,c12de17bcb410ab7ba96efc231f8bcc2956db08fdd7de5953ad7774860fef206,"[""book-mkdocs"", ""book-typst""]",B03
ui.core.status-bar,00_book/figures/gui/chapter-03/09-status-bar.png,documentation_assets/ui/docshot/core/status-bar.png,00_book/assets/ui/docshot/core/status-bar.png,40a8869ad008c67fd2dd8df66b93df3e52be72188355a14865a82240c884089f,"[""book-mkdocs"", ""book-typst""]",B03
ui.core.status-details,00_book/figures/gui/chapter-03/09-status-details.png,documentation_assets/ui/docshot/core/status-details.png,00_book/assets/ui/docshot/core/status-details.png,3ad3c2c226f6ff0423e782217c73c743b0852c8109589062f7010d1b3355ae3d,"[""book-mkdocs"", ""book-typst""]",B03
ui.core.sidebar-collapsed,00_book/figures/gui/chapter-03/10-sidebar-collapsed.png,documentation_assets/ui/docshot/core/sidebar-collapsed.png,00_book/assets/ui/docshot/core/sidebar-collapsed.png,87b6babd912a9ca8e682feb967d0993b3baa86ce8e9b8f542a92ea52f914a64d,"[""book-mkdocs"", ""book-typst""]",B03
ui.devices.inventory-waiting,00_book/figures/gui/chapter-04/01-devices-inventory.png,documentation_assets/ui/docshot/devices/inventory-waiting.png,00_book/assets/ui/docshot/devices/inventory-waiting.png,5795b95a2f9da1116c2b884f6aa751855938d18da9ab7696a7632ce80728bf18,"[""book-mkdocs"", ""book-typst""]",B03
ui.devices.create-empty,00_book/figures/gui/chapter-04/02-add-device-empty.png,documentation_assets/ui/docshot/devices/create-empty.png,00_book/assets/ui/docshot/devices/create-empty.png,0b2ecd621e3a7ad55dc496f8b16a72a7690daeed3b0d3f7e229f661d1793e7b2,"[""book-mkdocs"", ""book-typst""]",B03
ui.devices.create-filled,00_book/figures/gui/chapter-04/03-add-device-filled.png,documentation_assets/ui/docshot/devices/create-filled.png,00_book/assets/ui/docshot/devices/create-filled.png,a02d9891d0f55e0241144c01817c22ed190a5e43adfefbfcdd2e8bc4f1074c33,"[""book-mkdocs"", ""book-typst""]",B03
ui.devices.created-waiting,00_book/figures/gui/chapter-04/04-device-added-waiting.png,documentation_assets/ui/docshot/devices/created-waiting.png,00_book/assets/ui/docshot/devices/created-waiting.png,6d8c206c275cfc57390585b17d678ebb76ce7f5f59e2ef88486d8bcb103aa7f1,"[""book-mkdocs"", ""book-typst""]",B03
ui.devices.ssh-compatibility,00_book/figures/gui/chapter-04/05-ssh-compatibility.png,documentation_assets/ui/docshot/devices/ssh-compatibility.png,00_book/assets/ui/docshot/devices/ssh-compatibility.png,d24d229804c949a53ff34b3a69f6002d5245878d168afdc5425dfed8116aff1b,"[""book-mkdocs"", ""book-typst""]",B03
ui.devices.batch-create-empty,00_book/figures/gui/chapter-04/06-add-multiple-devices.png,documentation_assets/ui/docshot/devices/batch-create-empty.png,00_book/assets/ui/docshot/devices/batch-create-empty.png,0779ab2f5ab0eb2af296e2d0e75aefd86c30874d0c6c24aa8d2c9e7980b9cfbe,"[""book-mkdocs"", ""book-typst""]",B03
ui.devices.batch-create-filled,00_book/figures/gui/chapter-04/07-batch-devices-filled.png,documentation_assets/ui/docshot/devices/batch-create-filled.png,00_book/assets/ui/docshot/devices/batch-create-filled.png,7b8c019d6ea70f79f715b97664655b88e17e87ebf8344fd44e750a32bb72afdb,"[""book-mkdocs"", ""book-typst""]",B03
ui.devices.search-switches,00_book/figures/gui/chapter-04/08-search-filter.png,documentation_assets/ui/docshot/devices/search-switches.png,00_book/assets/ui/docshot/devices/search-switches.png,d0b036bc1c80f8e2ff602e0ac0dbbce0b022ebae313088637c8efb3d8ddde2f0,"[""book-mkdocs"", ""book-typst""]",B03
ui.devices.context-waiting,00_book/figures/gui/chapter-04/09-device-context-waiting.png,documentation_assets/ui/docshot/devices/context-waiting.png,00_book/assets/ui/docshot/devices/context-waiting.png,1876fde72c06f6d519d550e495e5131f3b61073a3e4b04e67d105f721c13ba3b,"[""book-mkdocs"", ""book-typst""]",B03
ui.devices.connected,00_book/figures/gui/chapter-04/10-device-connected.png,documentation_assets/ui/docshot/devices/connected.png,00_book/assets/ui/docshot/devices/connected.png,832f211649abc08ec638aaeeb901393e142597beb27df3b2fa45b3e213ec2eaa,"[""book-mkdocs"", ""book-typst""]",B03
ui.devices.context-connected,00_book/figures/gui/chapter-04/11-device-context-connected.png,documentation_assets/ui/docshot/devices/context-connected.png,00_book/assets/ui/docshot/devices/context-connected.png,0fc0c956706debe4d7b88d7ea8aa6ee37e1c59975589ce779052247c2e1a55c5,"[""book-mkdocs"", ""book-typst""]",B03
ui.devices.context-disconnected,00_book/figures/gui/chapter-04/12-device-context-disconnected.png,documentation_assets/ui/docshot/devices/context-disconnected.png,00_book/assets/ui/docshot/devices/context-disconnected.png,048ab16d3967320faf63ffbed1adf19c047915239eea20768e8adc197b701d60,"[""book-mkdocs"", ""book-typst""]",B03
ui.devices.multi-select-mixed-status,00_book/figures/gui/chapter-04/13-multi-select.png,documentation_assets/ui/docshot/devices/multi-select-mixed-status.png,00_book/assets/ui/docshot/devices/multi-select-mixed-status.png,aaff71c875a43f65edb1c23ce437995dc8fcbab863d742c4fd3a6c991973d921,"[""book-mkdocs"", ""book-typst""]",B03
ui.devices.multi-select-actions,00_book/figures/gui/chapter-04/14-multi-select-actions.png,documentation_assets/ui/docshot/devices/multi-select-actions.png,00_book/assets/ui/docshot/devices/multi-select-actions.png,32addcf16e0806130c076ad7e61bcc28e8d617b324c3c374712b86b8388695ac,"[""book-mkdocs"", ""book-typst""]",B03
ui.devices.edit,00_book/figures/gui/chapter-04/15-edit-device.png,documentation_assets/ui/docshot/devices/edit.png,00_book/assets/ui/docshot/devices/edit.png,21540dd91bb9f77961735a68c1533306bcba8e6a34ee0a1c1e07594dfe8ba7c5,"[""book-mkdocs"", ""book-typst""]",B03
ui.devices.delete-confirmation,00_book/figures/gui/chapter-04/16-delete-device-confirmation.png,documentation_assets/ui/docshot/devices/delete-confirmation.png,00_book/assets/ui/docshot/devices/delete-confirmation.png,6c28db6616155d08164b74e1de8925438487ecdc886b109afcca24739151553e,"[""book-mkdocs"", ""book-typst""]",B03
ui.devices.running-config-snapshot,00_book/figures/gui/chapter-04/17-running-config-result.png,documentation_assets/ui/docshot/devices/running-config-snapshot.png,00_book/assets/ui/docshot/devices/running-config-snapshot.png,caf4b73617c7a435f81787d343ea829370e779cc8eca30f89b8c38b5956db633,"[""book-mkdocs"", ""book-typst""]",B03
ui.devices.import-result,00_book/figures/gui/chapter-04/18-import-result.png,documentation_assets/ui/docshot/devices/import-result.png,00_book/assets/ui/docshot/devices/import-result.png,1f17db3fe7e4305d9d22fbae22ecd678ea0293797be613db7229682f3d6db4c9,"[""book-mkdocs"", ""book-typst""]",B03
ui.devices.batch-host-name-detail,00_book/figures/gui/chapter-04/19-batch-table-detail.png,documentation_assets/ui/docshot/devices/batch-host-name-detail.png,00_book/assets/ui/docshot/devices/batch-host-name-detail.png,0f0e63db4ad0c0970dff47b8ccfcf5f89c62fb7681c8df1b068fc05e3e506374,"[""book-mkdocs"", ""book-typst""]",B03
ui.routing.interfaces.physical-overview,00_book/figures/gui/chapter-05/01-router-interface-overview.png,documentation_assets/ui/legacy/routing/interfaces/physical-overview.png,00_book/assets/ui/legacy/routing/interfaces/physical-overview.png,2e2310fce2f42b2afcc024cee26d5e486cf5481b56db3c1ea292da235d821509,"[""book-mkdocs"", ""book-typst""]",B05
ui.routing.interfaces.physical-edit,00_book/figures/gui/chapter-05/02-edit-physical-interface.png,documentation_assets/ui/legacy/routing/interfaces/physical-edit.png,00_book/assets/ui/legacy/routing/interfaces/physical-edit.png,1a9790a063d51cd57b0593b22918bee5b0feefec3a9b13e6236e804e3c89a16c,"[""book-mkdocs""]",B05
ui.routing.interfaces.physical-configured,00_book/figures/gui/chapter-05/03-physical-interface-configured.png,documentation_assets/ui/legacy/routing/interfaces/physical-configured.png,00_book/assets/ui/legacy/routing/interfaces/physical-configured.png,09216d4d3ed7f35e976d757577f36b2b6241fb7ee2f536104547004bcf9bd8b4,"[""book-mkdocs"", ""book-typst""]",B05
ui.routing.interfaces.loopback,00_book/figures/gui/chapter-05/04-loopback-interface.png,documentation_assets/ui/legacy/routing/interfaces/loopback.png,00_book/assets/ui/legacy/routing/interfaces/loopback.png,89d33ec99c36a9e31a03f71bad12cb5fae05239db690f616086c8a6f3e774e92,"[""book-mkdocs"", ""book-typst""]",B05
ui.routing.interfaces.tunnel,00_book/figures/gui/chapter-05/05-tunnel-interface.png,documentation_assets/ui/legacy/routing/interfaces/tunnel.png,00_book/assets/ui/legacy/routing/interfaces/tunnel.png,170165e3e3e7427fdf90f4b765353653d31b29e7df7f1486760399e262a067b5,"[""book-mkdocs"", ""book-typst""]",B05
ui.routing.interfaces.subinterface,00_book/figures/gui/chapter-05/06-subinterface.png,documentation_assets/ui/legacy/routing/interfaces/subinterface.png,00_book/assets/ui/legacy/routing/interfaces/subinterface.png,f618e2adefce7efc10a19521bf733e44a0668e1122ff7e947b2ea5687fbb6fd0,"[""book-mkdocs"", ""book-typst""]",B05
ui.routing.interfaces.view-push,00_book/figures/gui/chapter-05/07-view-push-preview.png,documentation_assets/ui/legacy/routing/interfaces/view-push.png,00_book/assets/ui/legacy/routing/interfaces/view-push.png,4416d22732ca55b909edd07c0f9f20d4ac9586aeb802a249735ae57232f8eb27,"[""book-mkdocs"", ""book-typst"", ""report-typst""]",B05
ui.routing.static.routes,00_book/figures/gui/chapter-06/01-static-routes.png,documentation_assets/ui/legacy/routing/static/routes.png,00_book/assets/ui/legacy/routing/static/routes.png,b4818caf697400f602a18232f758de3da68ab528ca7404c07ef91a00391ddaf8,"[""book-mkdocs"", ""book-typst""]",B05
ui.routing.static.default-routes,00_book/figures/gui/chapter-06/02-default-routes.png,documentation_assets/ui/legacy/routing/static/default-routes.png,00_book/assets/ui/legacy/routing/static/default-routes.png,2ec93b9225b828d2d5dd521489d21ac4b360c4dac4ab847ed26dd0fd8ffc2297,"[""book-mkdocs""]",B05
ui.routing.ospf.process,00_book/figures/gui/chapter-06/03-ospf-process.png,documentation_assets/ui/legacy/routing/ospf/process.png,00_book/assets/ui/legacy/routing/ospf/process.png,dcb1e8b9fc31989a85d6889824d0c22996ed7690d2a6f299a8426c0f445c7d37,"[""book-mkdocs"", ""book-typst""]",B05
ui.routing.ospf.networks,00_book/figures/gui/chapter-06/04-ospf-networks.png,documentation_assets/ui/legacy/routing/ospf/networks.png,00_book/assets/ui/legacy/routing/ospf/networks.png,8f2cd52023ee1d9c90e84af2d07be0b2703ddbe26096d28edae3aea7c0796631,"[""book-mkdocs"", ""book-typst""]",B05
ui.routing.ospf.areas,00_book/figures/gui/chapter-06/05-ospf-areas.png,documentation_assets/ui/legacy/routing/ospf/areas.png,00_book/assets/ui/legacy/routing/ospf/areas.png,d98b0a6400604bf5740b7925ea4c8992fa166a739f5420451bab4ac9d765daf0,"[""book-mkdocs"", ""book-typst""]",B05
ui.routing.ospf.distance,00_book/figures/gui/chapter-06/06-ospf-distance.png,documentation_assets/ui/legacy/routing/ospf/distance.png,00_book/assets/ui/legacy/routing/ospf/distance.png,d2c895afc92441dd85e26ddb95ca24c18f3c5f3924203ead8e12f919acd3b502,"[""book-mkdocs""]",B05
ui.routing.ospf.redistribute,00_book/figures/gui/chapter-06/07-ospf-redistribute.png,documentation_assets/ui/legacy/routing/ospf/redistribute.png,00_book/assets/ui/legacy/routing/ospf/redistribute.png,c6528011fc08509e1bde849a15bdd78c16398a0b66e8effdab05ebd983385b03,"[""book-mkdocs"", ""book-typst""]",B05
ui.routing.ospf.interfaces,00_book/figures/gui/chapter-06/08-ospf-interfaces.png,documentation_assets/ui/legacy/routing/ospf/interfaces.png,00_book/assets/ui/legacy/routing/ospf/interfaces.png,0d6d274a335dfe031d49342c140c46f3d37bee40d7436fd5e16bf2e691d5363d,"[""book-mkdocs"", ""book-typst""]",B05
ui.routing.ospf.passive-interfaces,00_book/figures/gui/chapter-06/09-ospf-passive-interface.png,documentation_assets/ui/legacy/routing/ospf/passive-interfaces.png,00_book/assets/ui/legacy/routing/ospf/passive-interfaces.png,11f4713e1924d4813cb8a70acfed6dcc57904a25cb6f64ac853341308dd7f988,"[""book-mkdocs""]",B05
ui.routing.ospf.tuning,00_book/figures/gui/chapter-06/10-ospf-tuning.png,documentation_assets/ui/legacy/routing/ospf/tuning.png,00_book/assets/ui/legacy/routing/ospf/tuning.png,e422f2cbc42a6e3125031c7015ab7d403f4acd45244b343d99e50114fbd0e35d,"[""book-mkdocs""]",B05
ui.routing.eigrp.process,00_book/figures/gui/chapter-06/11-eigrp-process.png,documentation_assets/ui/legacy/routing/eigrp/process.png,00_book/assets/ui/legacy/routing/eigrp/process.png,3994c8b87d243d362c169ad68c5654c6c54b30005ce9d5b6e7bd79b542181138,"[""book-mkdocs"", ""book-typst""]",B05
ui.routing.eigrp.networks,00_book/figures/gui/chapter-06/12-eigrp-networks.png,documentation_assets/ui/legacy/routing/eigrp/networks.png,00_book/assets/ui/legacy/routing/eigrp/networks.png,7e4366a4fbe722b388e1eddcfaf90dbbb22321000e1d99029af4fbd56b7f8387,"[""book-mkdocs""]",B05
ui.routing.eigrp.interfaces,00_book/figures/gui/chapter-06/13-eigrp-interfaces.png,documentation_assets/ui/legacy/routing/eigrp/interfaces.png,00_book/assets/ui/legacy/routing/eigrp/interfaces.png,a9456f8f09771ea7438375d1677a9e9920b09dc4180835ec35967234dbf73732,"[""book-mkdocs"", ""book-typst""]",B05
ui.routing.eigrp.passive-interfaces,00_book/figures/gui/chapter-06/14-eigrp-passive-interface.png,documentation_assets/ui/legacy/routing/eigrp/passive-interfaces.png,00_book/assets/ui/legacy/routing/eigrp/passive-interfaces.png,4a40f76dbb3ac61f1b2f9b8486be7f77121a52135d7593887e75f3281d61f21c,"[""book-mkdocs""]",B05
ui.routing.eigrp.redistribute,00_book/figures/gui/chapter-06/15-eigrp-redistribute.png,documentation_assets/ui/legacy/routing/eigrp/redistribute.png,00_book/assets/ui/legacy/routing/eigrp/redistribute.png,b4f391440ee2eb89adb1b91a5566d0e7cdce53b2603db9ba6b4d445edc5c31e5,"[""book-mkdocs"", ""book-typst""]",B05
ui.routing.eigrp.distribute-list,00_book/figures/gui/chapter-06/16-eigrp-distribute-list.png,documentation_assets/ui/legacy/routing/eigrp/distribute-list.png,00_book/assets/ui/legacy/routing/eigrp/distribute-list.png,e0b629e319c417d0981d4dc7b240d90e4c7f086d714c4f7712fd15c01fe53d00,"[""book-mkdocs""]",B05
ui.routing.eigrp.offset-list,00_book/figures/gui/chapter-06/17-eigrp-offset-list.png,documentation_assets/ui/legacy/routing/eigrp/offset-list.png,00_book/assets/ui/legacy/routing/eigrp/offset-list.png,b796882da0f2b406fa004f100c9e96c2512fe0b6976b0c229b744ca7cbc0c15e,"[""book-mkdocs""]",B05
ui.routing.eigrp.key-chains,00_book/figures/gui/chapter-06/18-eigrp-key-chains.png,documentation_assets/ui/legacy/routing/eigrp/key-chains.png,00_book/assets/ui/legacy/routing/eigrp/key-chains.png,cdfbe301669b9c35804600d085d8c2ea3eaf9e7ad30447fccfd65ba267d441f2,"[""book-mkdocs"", ""book-typst""]",B05
ui.routing.ospf.routing-group-hosts,00_book/figures/gui/chapter-06/19-routing-group-hosts.png,documentation_assets/ui/legacy/routing/ospf/routing-group-hosts.png,00_book/assets/ui/legacy/routing/ospf/routing-group-hosts.png,cd88574c5e2f83895cfd1edfefbefc56fdf36fde12242e8df561c258c0c3a057,"[""book-mkdocs"", ""book-typst""]",B05
ui.routing.ospf.routing-group-identity,00_book/figures/gui/chapter-06/20-routing-group-identity.png,documentation_assets/ui/legacy/routing/ospf/routing-group-identity.png,00_book/assets/ui/legacy/routing/ospf/routing-group-identity.png,56b95e5d7ca78612b0e2c3e7e34db36d3f11d53c95e7c4e364d58b9e59c8d977,"[""book-mkdocs"", ""book-typst""]",B05
ui.routing.ospf.routing-group-common,00_book/figures/gui/chapter-06/21-routing-group-common.png,documentation_assets/ui/legacy/routing/ospf/routing-group-common.png,00_book/assets/ui/legacy/routing/ospf/routing-group-common.png,c5a620d0f5f17d0977925e0724ee39197290c6c07dfdc40889f7b6eddb3acdb3,"[""book-mkdocs""]",B05
ui.routing.ospf.routing-group-networks,00_book/figures/gui/chapter-06/22-routing-group-networks.png,documentation_assets/ui/legacy/routing/ospf/routing-group-networks.png,00_book/assets/ui/legacy/routing/ospf/routing-group-networks.png,9e7a2523e922bb35fc2790a27c4f2b137e5726a6d9a8092593658bd2c9835163,"[""book-mkdocs"", ""book-typst""]",B05
ui.routing.static.view-push,00_book/figures/gui/chapter-06/23-static-view-push.png,documentation_assets/ui/legacy/routing/static/view-push.png,00_book/assets/ui/legacy/routing/static/view-push.png,82a3024cf56a4adde5eafd1e49dbf5707a0d13d388b99595e626fb11d529a3f7,"[""book-mkdocs""]",B05
ui.routing.ospf.view-push,00_book/figures/gui/chapter-06/24-ospf-view-push.png,documentation_assets/ui/legacy/routing/ospf/view-push.png,00_book/assets/ui/legacy/routing/ospf/view-push.png,3eea7873d6d76b25b029ba03b89852528243e1b9821f76e635bde326498fb558,"[""book-mkdocs"", ""book-typst""]",B05
ui.routing.eigrp.view-push,00_book/figures/gui/chapter-06/25-eigrp-view-push.png,documentation_assets/ui/legacy/routing/eigrp/view-push.png,00_book/assets/ui/legacy/routing/eigrp/view-push.png,966cfb49cfe4df8538ec4c779e202d1dbcc62c8f7197c7a72332bb6a520a7b74,"[""book-mkdocs""]",B05
ui.routing.ospf.routing-group-view-push,00_book/figures/gui/chapter-06/26-routing-group-view-push.png,documentation_assets/ui/legacy/routing/ospf/routing-group-view-push.png,00_book/assets/ui/legacy/routing/ospf/routing-group-view-push.png,281941875e99da4bdb57544a4c425e7046f8587d25285b125a71a06ca155609f,"[""book-mkdocs"", ""book-typst""]",B05
ui.routing.dhcp.pools,00_book/figures/gui/chapter-07/01-dhcp-pools.png,documentation_assets/ui/legacy/routing/dhcp/pools.png,00_book/assets/ui/legacy/routing/dhcp/pools.png,b53eff3cd8433087ec8fb6d2dc4889144e2067ce5223e9f7586573dc2cce10b2,"[""book-mkdocs"", ""book-typst""]",B06
ui.routing.dhcp.excluded-addresses,00_book/figures/gui/chapter-07/02-dhcp-excluded-addresses.png,documentation_assets/ui/legacy/routing/dhcp/excluded-addresses.png,00_book/assets/ui/legacy/routing/dhcp/excluded-addresses.png,0ee20eb9a6a0c53d5bbea6059ca2bd69990fa7183f6bb9dbe9f066879af53d27,"[""book-mkdocs"", ""book-typst""]",B06
ui.routing.dhcp.helper-addresses,00_book/figures/gui/chapter-07/03-dhcp-helper-addresses.png,documentation_assets/ui/legacy/routing/dhcp/helper-addresses.png,00_book/assets/ui/legacy/routing/dhcp/helper-addresses.png,54ca3589fe1f5d199b88bacb7fbc2d8c3c47d9fd831e92b49bdda60f5bdef8aa,"[""book-mkdocs"", ""book-typst""]",B06
ui.routing.dhcp.view-push,00_book/figures/gui/chapter-07/04-dhcp-view-push.png,documentation_assets/ui/legacy/routing/dhcp/view-push.png,00_book/assets/ui/legacy/routing/dhcp/view-push.png,a928bb17aaf306441065736fa2fb6b9c557b17292f7c17ce4cc1968f39ed8be7,"[""book-mkdocs"", ""book-typst""]",B06
ui.routing.acl.standard,00_book/figures/gui/chapter-08/01-acl-standard.png,documentation_assets/ui/legacy/routing/acl/standard.png,00_book/assets/ui/legacy/routing/acl/standard.png,959e8a8d3777948b29b761bfe485fedb4d0dfa6386c9b105a640b1109bcd8cba,"[""book-mkdocs"", ""book-typst""]",B06
ui.routing.acl.extended,00_book/figures/gui/chapter-08/02-acl-extended.png,documentation_assets/ui/legacy/routing/acl/extended.png,00_book/assets/ui/legacy/routing/acl/extended.png,aae1c02ef39cfe1b8c1f607f5d6fd527fd654186e5230ee668cd514afc250a2d,"[""book-mkdocs"", ""book-typst""]",B06
ui.routing.acl.dynamic,00_book/figures/gui/chapter-08/03-acl-dynamic.png,documentation_assets/ui/legacy/routing/acl/dynamic.png,00_book/assets/ui/legacy/routing/acl/dynamic.png,a2a5ba78ccff7a615ae9b9496d5b3c9869f4e96e83ae93d56e6d316a07cec5ac,"[""book-mkdocs"", ""book-typst""]",B06
ui.routing.acl.reflexive,00_book/figures/gui/chapter-08/04-acl-reflexive.png,documentation_assets/ui/legacy/routing/acl/reflexive.png,00_book/assets/ui/legacy/routing/acl/reflexive.png,9e7d725669115554b85eddd535918d669389f90de4c890ca3abaf51c3b8fc958,"[""book-mkdocs"", ""book-typst""]",B06
ui.routing.acl.mac,00_book/figures/gui/chapter-08/05-acl-mac.png,documentation_assets/ui/legacy/routing/acl/mac.png,00_book/assets/ui/legacy/routing/acl/mac.png,87842fa704cf2b9d17486f95a6c77f7f9837eba31ddc64fd6ac356338c0c6a80,"[""book-mkdocs"", ""book-typst""]",B06
ui.routing.acl.bindings,00_book/figures/gui/chapter-08/06-acl-bindings.png,documentation_assets/ui/legacy/routing/acl/bindings.png,00_book/assets/ui/legacy/routing/acl/bindings.png,e217b31908eaa91a45695da04dc2d0f355a7d7f02b83ec44b20c6415482b4589,"[""book-mkdocs"", ""book-typst""]",B06
ui.routing.acl.view-push,00_book/figures/gui/chapter-08/07-acl-view-push.png,documentation_assets/ui/legacy/routing/acl/view-push.png,00_book/assets/ui/legacy/routing/acl/view-push.png,8996a94b15baa2cdffcf35e735ecd5c62bc9ba22cb1de5813e1b9fe00980ba9d,"[""book-mkdocs"", ""book-typst""]",B06
ui.routing.fhrp.hsrp-gateway-members,00_book/figures/gui/chapter-09/01-hsrp-gateway-members.png,documentation_assets/ui/legacy/routing/fhrp/hsrp-gateway-members.png,00_book/assets/ui/legacy/routing/fhrp/hsrp-gateway-members.png,fdf5e2db431b6dd0fc2d1e618f3804620481677ceb2390268ec0053a82c5efc3,"[""book-mkdocs""]",B06
ui.routing.fhrp.hsrp-member-policy,00_book/figures/gui/chapter-09/03-hsrp-member-policy.png,documentation_assets/ui/legacy/routing/fhrp/hsrp-member-policy.png,00_book/assets/ui/legacy/routing/fhrp/hsrp-member-policy.png,e65e8ff2e6f96c361a5c26dd4c5b2510410e0a6b609626a5e67e6af55838f1bc,"[""book-mkdocs""]",B06
ui.routing.fhrp.vrrp-configuration,00_book/figures/gui/chapter-09/04-vrrp-configuration.png,documentation_assets/ui/legacy/routing/fhrp/vrrp-configuration.png,00_book/assets/ui/legacy/routing/fhrp/vrrp-configuration.png,b579f0b7b54c9d9592b041c654b0432152403cdf1dc152dde0a96c9d476defdf,"[""book-mkdocs""]",B06
ui.routing.fhrp.glbp-configuration,00_book/figures/gui/chapter-09/05-glbp-configuration.png,documentation_assets/ui/legacy/routing/fhrp/glbp-configuration.png,00_book/assets/ui/legacy/routing/fhrp/glbp-configuration.png,6e3ce6b99c8c531107cfd3afebf0dea460902c6751f569e4f689094488756e9e,"[""book-mkdocs""]",B06
ui.routing.fhrp.hsrp-view-push,00_book/figures/gui/chapter-09/06-hsrp-view-push.png,documentation_assets/ui/legacy/routing/fhrp/hsrp-view-push.png,00_book/assets/ui/legacy/routing/fhrp/hsrp-view-push.png,86416aa0c67182445df2280b3e4a7ba7e62bc4fe83bd3c024d9492816d46ebc5,"[""book-mkdocs"", ""book-typst""]",B06
ui.routing.fhrp.vrrp-view-push,00_book/figures/gui/chapter-09/07-vrrp-view-push.png,documentation_assets/ui/legacy/routing/fhrp/vrrp-view-push.png,00_book/assets/ui/legacy/routing/fhrp/vrrp-view-push.png,b5159a46cfe67487896a961285aee40510c752b2187a068623e0de59d4be0b7f,"[""book-mkdocs""]",B06
ui.routing.fhrp.glbp-view-push,00_book/figures/gui/chapter-09/08-glbp-view-push.png,documentation_assets/ui/legacy/routing/fhrp/glbp-view-push.png,00_book/assets/ui/legacy/routing/fhrp/glbp-view-push.png,99fb8220e323e1677df02375b4aad5c117e61c0b15d6d55208d3ca40b38a0daa,"[""book-mkdocs""]",B06
ui.routing.fhrp.hsrp-gateway-form-detail,00_book/figures/gui/chapter-09/09-hsrp-gateway-form-zoom.png,documentation_assets/ui/legacy/routing/fhrp/hsrp-gateway-form-detail.png,00_book/assets/ui/legacy/routing/fhrp/hsrp-gateway-form-detail.png,5e6ea174da7f934c63ff106bde7335dafb3c23ef6f13c5d5a809189b07686195,"[""book-mkdocs"", ""book-typst""]",B06
ui.routing.fhrp.hsrp-primary-member-detail,00_book/figures/gui/chapter-09/11-hsrp-primary-member-zoom.png,documentation_assets/ui/legacy/routing/fhrp/hsrp-primary-member-detail.png,00_book/assets/ui/legacy/routing/fhrp/hsrp-primary-member-detail.png,31c76d976763d796420249c2625f263d23c94be1e096a5ae0ad87add5be3df34,"[""book-mkdocs"", ""book-typst""]",B06
ui.routing.fhrp.hsrp-secondary-member-detail,00_book/figures/gui/chapter-09/12-hsrp-secondary-member-zoom.png,documentation_assets/ui/legacy/routing/fhrp/hsrp-secondary-member-detail.png,00_book/assets/ui/legacy/routing/fhrp/hsrp-secondary-member-detail.png,4de5cd89957250e13027f9992835b11a7f2ea0b8d72b0ad3fbb1f9666ee61101,"[""book-mkdocs"", ""book-typst""]",B06
ui.routing.fhrp.vrrp-options-member-detail,00_book/figures/gui/chapter-09/13-vrrp-options-member-zoom.png,documentation_assets/ui/legacy/routing/fhrp/vrrp-options-member-detail.png,00_book/assets/ui/legacy/routing/fhrp/vrrp-options-member-detail.png,98eb42828e6135eafa519369749721549dfc2f862b55e26a37667f61278d957c,"[""book-mkdocs"", ""book-typst""]",B06
ui.routing.fhrp.glbp-weighting-detail,00_book/figures/gui/chapter-09/14-glbp-weighting-zoom.png,documentation_assets/ui/legacy/routing/fhrp/glbp-weighting-detail.png,00_book/assets/ui/legacy/routing/fhrp/glbp-weighting-detail.png,af39006ff2316d3c4dd481fdd20c7f721055d0d350f047afd2596906d71335ba,"[""book-mkdocs"", ""book-typst""]",B06
ui.routing.fhrp.hsrp-auth-protocol-detail,00_book/figures/gui/chapter-09/15-hsrp-auth-protocol-detail.png,documentation_assets/ui/legacy/routing/fhrp/hsrp-auth-protocol-detail.png,00_book/assets/ui/legacy/routing/fhrp/hsrp-auth-protocol-detail.png,f61b6367ed4a04aa0ec68c2aa0c965086ec83d40f6dea995a6a5e96b7c0b2624,"[""book-mkdocs"", ""book-typst""]",B06
ui.routing.syslog.destinations,00_book/figures/gui/chapter-10/01-syslog-destinations.png,documentation_assets/ui/legacy/routing/syslog/destinations.png,00_book/assets/ui/legacy/routing/syslog/destinations.png,732d1c80dd41b96d234ab154af34d3215c9e3e3fd99a80b50843a566c517526a,"[""book-mkdocs"", ""book-typst""]",B10
ui.routing.syslog.server-editor,00_book/figures/gui/chapter-10/02-syslog-server-editor.png,documentation_assets/ui/legacy/routing/syslog/server-editor.png,00_book/assets/ui/legacy/routing/syslog/server-editor.png,0a96b7578eddc654194957eecd17785490ff61db443c9e0d567ae92a6a319cbd,"[""book-mkdocs"", ""book-typst""]",B10
ui.routing.syslog.group-hosts,00_book/figures/gui/chapter-10/03-syslog-group-hosts.png,documentation_assets/ui/legacy/routing/syslog/group-hosts.png,00_book/assets/ui/legacy/routing/syslog/group-hosts.png,119b6f6b56a56be80cf0e4d5dbf87584e29453cdb92c4d6af1c289290c2a7775,"[""book-mkdocs"", ""book-typst""]",B10
ui.routing.syslog.group-interfaces,00_book/figures/gui/chapter-10/04-syslog-group-interfaces.png,documentation_assets/ui/legacy/routing/syslog/group-interfaces.png,00_book/assets/ui/legacy/routing/syslog/group-interfaces.png,0cee4ad8e56e47cf6d7d181f83073252a31f014227ffa5cc7ecae235d3c5b971,"[""book-mkdocs"", ""book-typst""]",B10
ui.routing.syslog.group-policy,00_book/figures/gui/chapter-10/05-syslog-group-policy.png,documentation_assets/ui/legacy/routing/syslog/group-policy.png,00_book/assets/ui/legacy/routing/syslog/group-policy.png,084c5636472f801bfa1ffa354b7da005a34b46eba26dad1e217e6794cd4f0202,"[""book-mkdocs"", ""book-typst""]",B10
ui.routing.syslog.view-push,00_book/figures/gui/chapter-10/06-syslog-view-push.png,documentation_assets/ui/legacy/routing/syslog/view-push.png,00_book/assets/ui/legacy/routing/syslog/view-push.png,22b193933a166ab35e89587c66b7c114d1531cca987024857ba2781beed11665,"[""book-mkdocs"", ""book-typst""]",B10
ui.routing.nat.quick-pat-setup,00_book/figures/gui/chapter-11/01-quick-pat-setup.png,documentation_assets/ui/legacy/routing/nat/quick-pat-setup.png,00_book/assets/ui/legacy/routing/nat/quick-pat-setup.png,d1e7dd528035fd50fb6fd2c9e4d943f34171a7c2739460a4871f0f75ad80d4f6,"[""book-mkdocs"", ""book-typst""]",B06
ui.routing.nat.interfaces-form-detail,00_book/figures/gui/chapter-11/02-interfaces-form-zoom.png,documentation_assets/ui/legacy/routing/nat/interfaces-form-detail.png,00_book/assets/ui/legacy/routing/nat/interfaces-form-detail.png,f068814327b2112861b4e120b9c00764778ea84d756f4f3e8f2d900a2ab81c28,"[""book-mkdocs"", ""book-typst""]",B06
ui.routing.nat.interfaces-overview,00_book/figures/gui/chapter-11/03-interfaces-overview.png,documentation_assets/ui/legacy/routing/nat/interfaces-overview.png,00_book/assets/ui/legacy/routing/nat/interfaces-overview.png,ff19688ef94f420a22c5692797fdb645f8e367ca12a9a6a31fd62aa4b2ffe14b,"[""book-mkdocs""]",B06
ui.routing.nat.acl-form-detail,00_book/figures/gui/chapter-11/04-acl-form-zoom.png,documentation_assets/ui/legacy/routing/nat/acl-form-detail.png,00_book/assets/ui/legacy/routing/nat/acl-form-detail.png,a870d8f3d240e09774fbe92cd3e5f81018d5fd3dd9858160eff2d6780769f38a,"[""book-mkdocs"", ""book-typst""]",B06
ui.routing.nat.acl-overview,00_book/figures/gui/chapter-11/05-acl-overview.png,documentation_assets/ui/legacy/routing/nat/acl-overview.png,00_book/assets/ui/legacy/routing/nat/acl-overview.png,5cbc8c70b69506a473a3bd2efb4664217b06efc7b3c404ee7e129e96fafbb147,"[""book-mkdocs""]",B06
ui.routing.nat.static-form-detail,00_book/figures/gui/chapter-11/06-static-form-zoom.png,documentation_assets/ui/legacy/routing/nat/static-form-detail.png,00_book/assets/ui/legacy/routing/nat/static-form-detail.png,387c743d956abfe4dcd2068bc379ae6688fe6dedffe1306d74cc5f8275c08fdf,"[""book-mkdocs"", ""book-typst""]",B06
ui.routing.nat.static-overview,00_book/figures/gui/chapter-11/07-static-overview.png,documentation_assets/ui/legacy/routing/nat/static-overview.png,00_book/assets/ui/legacy/routing/nat/static-overview.png,afbbf4040acf7726a3cce1ccf7573e9fd7115bc946e499862652291608565cfd,"[""book-mkdocs""]",B06
ui.routing.nat.dynamic-form-detail,00_book/figures/gui/chapter-11/08-dynamic-form-zoom.png,documentation_assets/ui/legacy/routing/nat/dynamic-form-detail.png,00_book/assets/ui/legacy/routing/nat/dynamic-form-detail.png,4fa8ec7d804919528c22686e658d88d485bbf9c08f69fff1af533513a640c015,"[""book-mkdocs"", ""book-typst""]",B06
ui.routing.nat.dynamic-overview,00_book/figures/gui/chapter-11/09-dynamic-overview.png,documentation_assets/ui/legacy/routing/nat/dynamic-overview.png,00_book/assets/ui/legacy/routing/nat/dynamic-overview.png,298846c0cf9ae1b5d3611816be42aa6efe968b84d0538ad8cf6382e0fdc7b307,"[""book-mkdocs""]",B06
ui.routing.nat.pat-form-detail,00_book/figures/gui/chapter-11/10-pat-form-zoom.png,documentation_assets/ui/legacy/routing/nat/pat-form-detail.png,00_book/assets/ui/legacy/routing/nat/pat-form-detail.png,bd481f22f7e411405e42f1b7a1764695a28a88637b558a2a018096301f99a8be,"[""book-mkdocs"", ""book-typst""]",B06
ui.routing.nat.pat-overview,00_book/figures/gui/chapter-11/11-pat-overview.png,documentation_assets/ui/legacy/routing/nat/pat-overview.png,00_book/assets/ui/legacy/routing/nat/pat-overview.png,e9ba0d5f0021205bd12246116b822a49e42b14f5f9c25d6aeeb808cae9c1da56,"[""book-mkdocs""]",B06
ui.routing.nat.route-map-form-detail,00_book/figures/gui/chapter-11/12-route-map-form-zoom.png,documentation_assets/ui/legacy/routing/nat/route-map-form-detail.png,00_book/assets/ui/legacy/routing/nat/route-map-form-detail.png,baefad2af9bdfa0f8d3d83dedd98b87254af4d9170bc0c62b28203b9ebc46a78,"[""book-mkdocs"", ""book-typst""]",B06
ui.routing.nat.route-map-overview,00_book/figures/gui/chapter-11/13-route-map-overview.png,documentation_assets/ui/legacy/routing/nat/route-map-overview.png,00_book/assets/ui/legacy/routing/nat/route-map-overview.png,7aa79faf4142dcff3f7678962d0ce1eb7a5b76d975df986e64cc5c800f64bf9e,"[""book-mkdocs""]",B06
ui.routing.nat.view-push,00_book/figures/gui/chapter-11/14-nat-view-push.png,documentation_assets/ui/legacy/routing/nat/view-push.png,00_book/assets/ui/legacy/routing/nat/view-push.png,57f7a4bb6177eb716b63d0bd15861bb750d484ede52ff99041c5ce435c5433b7,"[""book-mkdocs"", ""book-typst""]",B06
ui.transfer.sftp.connection-form,00_book/figures/gui/chapter-12/01-sftp-connection-form.png,documentation_assets/ui/legacy/transfer/sftp/connection-form.png,00_book/assets/ui/legacy/transfer/sftp/connection-form.png,9c55cfd14a7971abf99250d062b0ab902a871b6d86d66e47d2bd19d7fae0b017,"[""book-mkdocs"", ""book-typst""]",B09
ui.transfer.sftp.workspace-overview,00_book/figures/gui/chapter-12/02-sftp-workspace-overview.png,documentation_assets/ui/legacy/transfer/sftp/workspace-overview.png,00_book/assets/ui/legacy/transfer/sftp/workspace-overview.png,ae918986fe845d6a950a2bdbc7a60e71f993fd72580d450c54df12669c561f3a,"[""book-mkdocs"", ""book-typst""]",B09
ui.transfer.sftp.connection-bar,00_book/figures/gui/chapter-12/03-sftp-connection-bar.png,documentation_assets/ui/legacy/transfer/sftp/connection-bar.png,00_book/assets/ui/legacy/transfer/sftp/connection-bar.png,dc2f894c01f78d4463fad6c30ee2543d481021da2cdcdc11d928df919edea133,"[""book-mkdocs"", ""book-typst""]",B09
ui.transfer.sftp.local-files,00_book/figures/gui/chapter-12/04-sftp-local-files.png,documentation_assets/ui/legacy/transfer/sftp/local-files.png,00_book/assets/ui/legacy/transfer/sftp/local-files.png,38e559b1d671cfed250e90bc7b19702ae3688c30ccce50ff1ee1027c9ad31770,"[""book-mkdocs""]",B09
ui.transfer.sftp.remote-files,00_book/figures/gui/chapter-12/05-sftp-remote-files.png,documentation_assets/ui/legacy/transfer/sftp/remote-files.png,00_book/assets/ui/legacy/transfer/sftp/remote-files.png,13962ec5e4f79da3be794f18ce99e837c2f5393b695c984c83a8cb5bc0c5a478,"[""book-mkdocs""]",B09
ui.transfer.sftp.transfer-queue,00_book/figures/gui/chapter-12/06-sftp-transfer-queue.png,documentation_assets/ui/legacy/transfer/sftp/transfer-queue.png,00_book/assets/ui/legacy/transfer/sftp/transfer-queue.png,95c37b1114d82f89144b94689cbc51f09cba7214b1afe4d18634ff2e5f4692d0,"[""book-mkdocs"", ""book-typst""]",B09
ui.transfer.sftp.host-key-confirmation,00_book/figures/gui/chapter-12/07-sftp-host-key-confirmation.png,documentation_assets/ui/legacy/transfer/sftp/host-key-confirmation.png,00_book/assets/ui/legacy/transfer/sftp/host-key-confirmation.png,88a5d8a1909a0946099726a2e6a7aaf1612bd49dae8717da64353d034765ff09,"[""book-mkdocs"", ""book-typst""]",B09
ui.transfer.sftp.connection-paths,00_book/figures/gui/chapter-12/08-sftp-connection-paths.png,documentation_assets/ui/legacy/transfer/sftp/connection-paths.png,00_book/assets/ui/legacy/transfer/sftp/connection-paths.png,d494d8f2364ff1c690a1090db687823981a855018abbdff13b5cad5d534b1ae3,"[""book-mkdocs"", ""book-typst""]",B09
ui.transfer.scp.workspace,00_book/figures/gui/chapter-12/09-scp-workspace.png,documentation_assets/ui/legacy/transfer/scp/workspace.png,00_book/assets/ui/legacy/transfer/scp/workspace.png,e05ab05ea95d662f9ef0f41db7a00a39ef3f7f1e99ffcdd86c20c2b35a0d9f43,"[""book-mkdocs"", ""book-typst""]",B09
ui.transfer.snapshots.sync-notifications,00_book/figures/gui/chapter-12/10-sync-notifications.png,documentation_assets/ui/legacy/transfer/snapshots/sync-notifications.png,00_book/assets/ui/legacy/transfer/snapshots/sync-notifications.png,2f5bef377ace7f3e995cebae215326d315b8da3c755233035ce2dd71894fe4d8,"[""book-mkdocs"", ""book-typst""]",B09
ui.transfer.snapshots.running-config-history,00_book/figures/gui/chapter-12/11-running-config-history.png,documentation_assets/ui/legacy/transfer/snapshots/running-config-history.png,00_book/assets/ui/legacy/transfer/snapshots/running-config-history.png,ccfde9059620f47c32c6627b20f1a6940853c4db04965b6f2e985bbea3dbb2f2,"[""book-mkdocs"", ""book-typst""]",B09
ui.transfer.snapshots.running-config-diff,00_book/figures/gui/chapter-12/12-running-config-diff.png,documentation_assets/ui/legacy/transfer/snapshots/running-config-diff.png,00_book/assets/ui/legacy/transfer/snapshots/running-config-diff.png,98b1064a3c3262d8053914bbf329c7ab772536467aef2ed87f9be9645ef3daee,"[""book-mkdocs"", ""book-typst"", ""report-typst""]",B09
ui.system-logs.overview,00_book/figures/gui/chapter-13/01-system-logs-overview.png,documentation_assets/ui/legacy/system-logs/overview.png,00_book/assets/ui/legacy/system-logs/overview.png,7aad4c0b82115780bd325b98846e5a6f6f8cf5a2cf35fcffe9802436c8fedc44,"[""book-mkdocs"", ""book-typst"", ""report-typst""]",B10
ui.system-logs.listener-status,00_book/figures/gui/chapter-13/02-listener-status.png,documentation_assets/ui/legacy/system-logs/listener-status.png,00_book/assets/ui/legacy/system-logs/listener-status.png,971289795b5b5438e3ee32a6a46f7e2a3867cc63fe999eada3211c52433a4e6f,"[""book-mkdocs"", ""book-typst""]",B10
ui.system-logs.filter-bar,00_book/figures/gui/chapter-13/03-log-filter-bar.png,documentation_assets/ui/legacy/system-logs/filter-bar.png,00_book/assets/ui/legacy/system-logs/filter-bar.png,0e8a5faed5aa396d684d78a56f603f2126316037430e3efae8f4a63056655243,"[""book-mkdocs"", ""book-typst""]",B10
ui.system-logs.severity-levels,00_book/figures/gui/chapter-13/04-severity-levels.png,documentation_assets/ui/legacy/system-logs/severity-levels.png,00_book/assets/ui/legacy/system-logs/severity-levels.png,a1cca606a6b41a0af2c0d1c7d9433958a49214ffcbdf714cee7b7342fdede644,"[""book-mkdocs"", ""book-typst""]",B10
ui.system-logs.critical-filter-result,00_book/figures/gui/chapter-13/05-critical-filter-result.png,documentation_assets/ui/legacy/system-logs/critical-filter-result.png,00_book/assets/ui/legacy/system-logs/critical-filter-result.png,3af5f3a82cf14ed45d6f674e73e9f94c38545a76945fd9ca3400ad937e0a0454,"[""book-mkdocs"", ""book-typst"", ""report-typst""]",B10
ui.system-logs.smart-filter-builder,00_book/figures/gui/chapter-13/06-smart-filter-builder.png,documentation_assets/ui/legacy/system-logs/smart-filter-builder.png,00_book/assets/ui/legacy/system-logs/smart-filter-builder.png,665b32e0c820cbfa3fc3aedcdf5b4f8dcb85da53ff633f3f89e643faf8eba4d5,"[""book-mkdocs"", ""book-typst""]",B10
ui.system-logs.message-details,00_book/figures/gui/chapter-13/07-log-message-details.png,documentation_assets/ui/legacy/system-logs/message-details.png,00_book/assets/ui/legacy/system-logs/message-details.png,1e4ac6e63479e22bbdbfe154d76279945b0a91c9d8f041c832e69d70d0b23926,"[""book-mkdocs"", ""book-typst""]",B10
ui.switching.interfaces-l2.overview,00_book/figures/gui/chapter-14/01-switch-ports-overview.png,documentation_assets/ui/legacy/switching/interfaces-l2/overview.png,00_book/assets/ui/legacy/switching/interfaces-l2/overview.png,ee9c060c5627f5efd574324714294e05f350eba73176061798988fab2ccb4822,"[""book-mkdocs"", ""book-typst""]",B07
ui.switching.interfaces-l2.access-port-form,00_book/figures/gui/chapter-14/02-access-port-form.png,documentation_assets/ui/legacy/switching/interfaces-l2/access-port-form.png,00_book/assets/ui/legacy/switching/interfaces-l2/access-port-form.png,d8af8a6d546913cc1c332aed53b9fad022a68476feacee416f09f5ca401a0a4a,"[""book-mkdocs"", ""book-typst""]",B07
ui.switching.interfaces-l2.access-loop-protection,00_book/figures/gui/chapter-14/03-access-loop-protection.png,documentation_assets/ui/legacy/switching/interfaces-l2/access-loop-protection.png,00_book/assets/ui/legacy/switching/interfaces-l2/access-loop-protection.png,c3cfc6239a4610a417849460c1b0b4976b1e50d5a359edee95ebfc58c13a60fa,"[""book-mkdocs"", ""book-typst""]",B07
ui.switching.interfaces-l2.trunk-port-form,00_book/figures/gui/chapter-14/04-trunk-port-form.png,documentation_assets/ui/legacy/switching/interfaces-l2/trunk-port-form.png,00_book/assets/ui/legacy/switching/interfaces-l2/trunk-port-form.png,7d7a9f9dcd06102e8f754432257f27ce9cf9f48d50acb7ec55e149a057b86c19,"[""book-mkdocs"", ""book-typst""]",B07
ui.switching.interfaces-l2.trunk-loop-protection,00_book/figures/gui/chapter-14/05-trunk-loop-protection.png,documentation_assets/ui/legacy/switching/interfaces-l2/trunk-loop-protection.png,00_book/assets/ui/legacy/switching/interfaces-l2/trunk-loop-protection.png,934cbe5a165ae84eb3c50c6b383aae9470637587a84279c692ed03293dece1d5,"[""book-mkdocs"", ""book-typst""]",B07
ui.switching.interfaces-l2.view-push,00_book/figures/gui/chapter-14/06-interfaces-view-push.png,documentation_assets/ui/legacy/switching/interfaces-l2/view-push.png,00_book/assets/ui/legacy/switching/interfaces-l2/view-push.png,528c00145cb9a1cc009cab42f1eb48add115a6beb3281f37f7e4dd71062c750a,"[""book-mkdocs"", ""book-typst""]",B07
ui.switching.vlan.form,00_book/figures/gui/chapter-15/01-vlan-form.png,documentation_assets/ui/legacy/switching/vlan/form.png,00_book/assets/ui/legacy/switching/vlan/form.png,62b08fedbcc42246e6152d1cb25777d6a794f9457e7ca6317756599c11e31c4a,"[""book-mkdocs"", ""book-typst""]",B07
ui.switching.vlan.overview,00_book/figures/gui/chapter-15/02-vlan-overview.png,documentation_assets/ui/legacy/switching/vlan/overview.png,00_book/assets/ui/legacy/switching/vlan/overview.png,b381146e88fa99867d9f2577a43396e27710d519dde932f429618aab445bd7f5,"[""book-mkdocs""]",B07
ui.switching.vlan.view-push-users,00_book/figures/gui/chapter-15/03-vlan-view-push.png,documentation_assets/ui/legacy/switching/vlan/view-push-users.png,00_book/assets/ui/legacy/switching/vlan/view-push-users.png,f225b6528b1d29ed4a56e64547623a5d5de0854e6909365133fb8bc7e953a6df,"[""book-mkdocs"", ""book-typst""]",B07
ui.switching.etherchannel.form,00_book/figures/gui/chapter-15/04-etherchannel-form.png,documentation_assets/ui/legacy/switching/etherchannel/form.png,00_book/assets/ui/legacy/switching/etherchannel/form.png,942c45f7fd1af0d8c7cf0a9fb78cc0f7f3563048e509f7f3946ea1a2f34fc23b,"[""book-mkdocs"", ""book-typst""]",B07
ui.switching.etherchannel.quick-link,00_book/figures/gui/chapter-15/05-quick-etherchannel.png,documentation_assets/ui/legacy/switching/etherchannel/quick-link.png,00_book/assets/ui/legacy/switching/etherchannel/quick-link.png,614ddce2d8885a3c91ad522238a04dd9cc6cdf75a25940fbf48da5c50e002a84,"[""book-mkdocs"", ""book-typst""]",B07
ui.switching.etherchannel.view-push,00_book/figures/gui/chapter-15/06-etherchannel-view-push.png,documentation_assets/ui/legacy/switching/etherchannel/view-push.png,00_book/assets/ui/legacy/switching/etherchannel/view-push.png,a0870e791020ff5edf0f53660b84f2823a56a5e2584d21f8b2cbf7636d1c7bd4,"[""book-mkdocs"", ""book-typst""]",B07
ui.switching.stp.form,00_book/figures/gui/chapter-15/07-stp-form.png,documentation_assets/ui/legacy/switching/stp/form.png,00_book/assets/ui/legacy/switching/stp/form.png,5ad68bed64e8d932f4966a1cc7896c56f00e80300fcbb98ea2d8404983c0d1c4,"[""book-mkdocs"", ""book-typst""]",B07
ui.switching.stp.view-push,00_book/figures/gui/chapter-15/08-stp-view-push.png,documentation_assets/ui/legacy/switching/stp/view-push.png,00_book/assets/ui/legacy/switching/stp/view-push.png,121aeff8b04645cf6267d3bf92e6dcb548bd616b20db645f820d0aee10bdb330,"[""book-mkdocs"", ""book-typst""]",B07
ui.switching.vtp.group-top,00_book/figures/gui/chapter-15/09-vtp-group-top.png,documentation_assets/ui/legacy/switching/vtp/group-top.png,00_book/assets/ui/legacy/switching/vtp/group-top.png,467bcec49ffde478b34fc916594e7a94d3c43af8718f4a5aa332f49c489de1b1,"[""book-mkdocs"", ""book-typst""]",B07
ui.switching.vtp.member-policy,00_book/figures/gui/chapter-15/10-vtp-member-policy.png,documentation_assets/ui/legacy/switching/vtp/member-policy.png,00_book/assets/ui/legacy/switching/vtp/member-policy.png,ec69d8fba81b3d0cd22e9fb8d3721658d173bf2c43ee092fb03e3ec7ae4647b3,"[""book-mkdocs"", ""book-typst""]",B07
ui.switching.vtp.view-push,00_book/figures/gui/chapter-15/11-vtp-view-push.png,documentation_assets/ui/legacy/switching/vtp/view-push.png,00_book/assets/ui/legacy/switching/vtp/view-push.png,6a1a22d6318c29312e2456dbcb5f9b5c79f9ab3726e2cb1034a0fb91924863b2,"[""book-mkdocs"", ""book-typst""]",B07
ui.switching.etherchannel.quick-link-peer,00_book/figures/gui/chapter-15/12-quick-etherchannel-peer.png,documentation_assets/ui/legacy/switching/etherchannel/quick-link-peer.png,00_book/assets/ui/legacy/switching/etherchannel/quick-link-peer.png,7f6a2cd987d280ce4bac9a25ef03cff6f6075dd50935c3fc702adffcef7d3c9c,"[""book-mkdocs"", ""book-typst""]",B07
ui.switching.etherchannel.quick-link-link-mode,00_book/figures/gui/chapter-15/13-quick-etherchannel-link-mode.png,documentation_assets/ui/legacy/switching/etherchannel/quick-link-link-mode.png,00_book/assets/ui/legacy/switching/etherchannel/quick-link-link-mode.png,73ade767a40f219cd2591db2877759131f3690a5164321c142327a189027047c,"[""book-mkdocs"", ""book-typst""]",B07
ui.switching.security.vlan-protection,00_book/figures/gui/chapter-16/01-vlan-protection.png,documentation_assets/ui/legacy/switching/security/vlan-protection.png,00_book/assets/ui/legacy/switching/security/vlan-protection.png,08055981a5058e6cc64d0f72b0a6674fdb3cd5c0403f6a9a31baf2e8b4c756d7,"[""book-mkdocs"", ""book-typst""]",B08
ui.switching.security.trusted-uplinks,00_book/figures/gui/chapter-16/02-trusted-uplinks.png,documentation_assets/ui/legacy/switching/security/trusted-uplinks.png,00_book/assets/ui/legacy/switching/security/trusted-uplinks.png,ee45d6bf7df83ed73ee8f8f9736272d0a4e5a040b9b0f12fd7c6e01abd209b24,"[""book-mkdocs"", ""book-typst""]",B08
ui.switching.security.static-mac-form,00_book/figures/gui/chapter-16/03-static-mac-form.png,documentation_assets/ui/legacy/switching/security/static-mac-form.png,00_book/assets/ui/legacy/switching/security/static-mac-form.png,91810f4d8405dc6507cff1225e9f709cd117f596349abd01ba928f08f6b55596,"[""book-mkdocs"", ""book-typst""]",B08
ui.switching.security.view-push,00_book/figures/gui/chapter-16/04-l2-security-view-push.png,documentation_assets/ui/legacy/switching/security/view-push.png,00_book/assets/ui/legacy/switching/security/view-push.png,1365ebb5ce66547a679f1bf353f3e2c29021b632faea0731969afbe5d39d3d01,"[""book-mkdocs"", ""book-typst"", ""report-typst""]",B08
ui.switching.security.port-security-form,00_book/figures/gui/chapter-16/05-port-security-form.png,documentation_assets/ui/legacy/switching/security/port-security-form.png,00_book/assets/ui/legacy/switching/security/port-security-form.png,8136393fa2e89d817449aa17c9d2b4796ae556c28b564f924679fe45f73d73f3,"[""book-mkdocs"", ""book-typst""]",B08
ui.switching.security.port-security-view-push,00_book/figures/gui/chapter-16/07-port-security-view-push.png,documentation_assets/ui/legacy/switching/security/port-security-view-push.png,00_book/assets/ui/legacy/switching/security/port-security-view-push.png,52dd47fc6484f3d4c6c45b10eefec52b642c10428f01213cc78e4127b2321e54,"[""book-mkdocs"", ""book-typst""]",B08
ui.switching.monitoring.port-counters,00_book/figures/gui/chapter-17/01-port-counters.png,documentation_assets/ui/legacy/switching/monitoring/port-counters.png,00_book/assets/ui/legacy/switching/monitoring/port-counters.png,2ac571be779a5c38669e5921f7b8143c2a56b7bb8213356ba6925b5a0a35f30c,"[""book-mkdocs"", ""book-typst""]",B07
ui.switching.monitoring.mac-address-table,00_book/figures/gui/chapter-17/02-mac-address-table.png,documentation_assets/ui/legacy/switching/monitoring/mac-address-table.png,00_book/assets/ui/legacy/switching/monitoring/mac-address-table.png,289db01405922fbd58c774c5b70918c70c075bb2a3fbc5757fed6c7d8dc5ada9,"[""book-mkdocs"", ""book-typst""]",B07
ui.switching.interfaces-l3.routed-port-form,00_book/figures/gui/chapter-18/01-routed-port-form.png,documentation_assets/ui/legacy/switching/interfaces-l3/routed-port-form.png,00_book/assets/ui/legacy/switching/interfaces-l3/routed-port-form.png,00c0952ae5375c2051fd7acf4532cb0aaec58bb37f16d2c64350835b54edae48,"[""book-mkdocs"", ""book-typst""]",B07
ui.switching.interfaces-l3.routed-ports-overview,00_book/figures/gui/chapter-18/02-routed-ports-overview.png,documentation_assets/ui/legacy/switching/interfaces-l3/routed-ports-overview.png,00_book/assets/ui/legacy/switching/interfaces-l3/routed-ports-overview.png,f3d43b41cd0f06b91366258299e1e99da1afc5c113e78e6aaffdb9fef8d6b1a8,"[""book-mkdocs""]",B07
ui.switching.interfaces-l3.interfaces-view-push-routed,00_book/figures/gui/chapter-18/03-interfaces-view-push-routed.png,documentation_assets/ui/legacy/switching/interfaces-l3/interfaces-view-push-routed.png,00_book/assets/ui/legacy/switching/interfaces-l3/interfaces-view-push-routed.png,3df8cac43797c64df368b4c0c607e1895fbbd7ddf26848b65b286d407b1eef37,"[""book-mkdocs"", ""book-typst""]",B07
ui.switching.interfaces-l3.svi-form,00_book/figures/gui/chapter-18/04-svi-form.png,documentation_assets/ui/legacy/switching/interfaces-l3/svi-form.png,00_book/assets/ui/legacy/switching/interfaces-l3/svi-form.png,608bbe7541bc2b14d91254f15519aced5ea724cf312240e724ed8a23fcbda706,"[""book-mkdocs"", ""book-typst""]",B07
ui.switching.interfaces-l3.svi-overview-ip-routing,00_book/figures/gui/chapter-18/05-svi-overview-ip-routing.png,documentation_assets/ui/legacy/switching/interfaces-l3/svi-overview-ip-routing.png,00_book/assets/ui/legacy/switching/interfaces-l3/svi-overview-ip-routing.png,3163df212bbed606b3b0f96a4cceacaae1521846f4776ddd5ccf0e265692daca,"[""book-mkdocs"", ""book-typst""]",B07
ui.switching.interfaces-l3.svi-view-push,00_book/figures/gui/chapter-18/06-svi-view-push.png,documentation_assets/ui/legacy/switching/interfaces-l3/svi-view-push.png,00_book/assets/ui/legacy/switching/interfaces-l3/svi-view-push.png,b674498b75f4aa2838a53046939bf85cb02d4cb5e6ca56d965401f44bed02d40,"[""book-mkdocs"", ""book-typst""]",B07
ui.switching.dhcp.pool-form,00_book/figures/gui/chapter-19/01-dhcp-pool-form.png,documentation_assets/ui/legacy/switching/dhcp/pool-form.png,00_book/assets/ui/legacy/switching/dhcp/pool-form.png,77ff69b42cfaad25d1309f34c7dca5ba530b59b6e36256a43d2144bfe7964e51,"[""book-mkdocs"", ""book-typst""]",B07
ui.switching.dhcp.server-overview,00_book/figures/gui/chapter-19/02-dhcp-server-overview.png,documentation_assets/ui/legacy/switching/dhcp/server-overview.png,00_book/assets/ui/legacy/switching/dhcp/server-overview.png,87819b297a88d60d364fa8154692d2f4bb4b3af92395869cd5cf5754b132083a,"[""book-mkdocs""]",B07
ui.switching.dhcp.server-view-push,00_book/figures/gui/chapter-19/03-dhcp-server-view-push.png,documentation_assets/ui/legacy/switching/dhcp/server-view-push.png,00_book/assets/ui/legacy/switching/dhcp/server-view-push.png,383298790e2b2384d6268079de27b915b7d139ab2228591464748266cbc0b469,"[""book-mkdocs"", ""book-typst""]",B07
ui.switching.dhcp.relay-form,00_book/figures/gui/chapter-19/04-dhcp-relay-form.png,documentation_assets/ui/legacy/switching/dhcp/relay-form.png,00_book/assets/ui/legacy/switching/dhcp/relay-form.png,1ef568cec41217727e17e4ab7790ab81626609e8d5fdd737a90c750ab533d75f,"[""book-mkdocs"", ""book-typst""]",B07
ui.switching.dhcp.relay-view-push,00_book/figures/gui/chapter-19/05-dhcp-relay-view-push.png,documentation_assets/ui/legacy/switching/dhcp/relay-view-push.png,00_book/assets/ui/legacy/switching/dhcp/relay-view-push.png,83f237120029d3266c4eaebde7250df405f7f3e0cd336ff2b768ae523704d65f,"[""book-mkdocs"", ""book-typst""]",B07
ui.switching.acl.extended-form,00_book/figures/gui/chapter-19/06-acl-extended-form.png,documentation_assets/ui/legacy/switching/acl/extended-form.png,00_book/assets/ui/legacy/switching/acl/extended-form.png,7e1632315b0e4e4a57875fe5d7e945e9e8576522109db47e46957393c89a322e,"[""book-mkdocs"", ""book-typst""]",B07
ui.switching.acl.bindings,00_book/figures/gui/chapter-19/07-acl-bindings.png,documentation_assets/ui/legacy/switching/acl/bindings.png,00_book/assets/ui/legacy/switching/acl/bindings.png,56c41fcac5c3fdbd48f9494b784725b0f378c68395b1291ff0c0580e6a3001ae,"[""book-mkdocs"", ""book-typst""]",B07
ui.switching.acl.view-push,00_book/figures/gui/chapter-19/08-acl-view-push.png,documentation_assets/ui/legacy/switching/acl/view-push.png,00_book/assets/ui/legacy/switching/acl/view-push.png,b9ba271648c09b02f828ab7ebf1f5f440bcb3d5e7dfd3a58bdfedf9afb6dda15,"[""book-mkdocs"", ""book-typst""]",B07
branding.logos.cams,00_book/figures/icons/logo.svg,documentation_assets/branding/logos/cams.svg,00_book/assets/branding/logos/cams.svg,682fd9b406a46e6a2f6bf0f5e5fdfd47a16e7bc7768f1f149ea49d5b0c4424b4,"[""book-mkdocs""]",B02
