old_path,visual_subject,document_context,proposed_path,proposed_name,alternatives,confidence,issue,asset_id
00_book/figures/gui/chapter-03/07-feature-bar-switch.png,Feature Bar khi làm việc với Router R1.,"00_book/DOC/03_giao_dien_dieu_huong.md:223 ../../figures/gui/chapter-03/07-feature-bar-switch.png
00_book/contents/03_giao_dien_dieu_huong.typ:110 figures/gui/chapter-03/07-feature-bar-switch.png
docshots/shots.py:61 07-feature-bar-switch.png",documentation_assets/ui/docshot/core/feature-bar-switch.png,feature-bar-switch.png,Prefer verified device/state qualifier over sequence suffix; retain proposed extension.,medium,"Phase 1 context caption overlaps adjacent figure; use actual screenshot subject, verify caption semantics at rewrite.",ui.core.feature-bar-switch
00_book/figures/gui/chapter-04/11-device-context-connected.png,Menu của thiết bị Waiting với lệnh Connect.,"00_book/DOC/04_quan_ly_thiet_bi.md:409 ../../figures/gui/chapter-04/11-device-context-connected.png
00_book/DOC/12_truyen_tep_sftp.md:196 ../../figures/gui/chapter-04/11-device-context-connected.png
00_book/contents/04_quan_ly_thiet_bi.typ:241 figures/gui/chapter-04/11-device-context-connected.png
00_book/contents/12_truyen_tep_sftp.typ:133 figures/gui/chapter-04/11-device-context-connected.png
docshots/chapter04.py:25 11-device-context-connected.png",documentation_assets/ui/docshot/devices/context-connected.png,context-connected.png,Prefer verified device/state qualifier over sequence suffix; retain proposed extension.,medium,"Phase 1 context caption overlaps adjacent figure; use actual screenshot subject, verify caption semantics at rewrite.",ui.devices.context-connected
00_book/figures/gui/chapter-09/02-hsrp-authentication-timers.png,02-hsrp-authentication-timers,No current active reference in inherited graph + main delta.,documentation_assets/ui/legacy/routing/fhrp/hsrp-authentication-timers.png,hsrp-authentication-timers.png,Prefer verified device/state qualifier over sequence suffix; retain proposed extension.,high,"Historical generator unknown; legacy placement is documentation role, not assertion of manual capture.",ui.routing.fhrp.hsrp-authentication-timers
00_book/figures/icons/ptit-logo.svg,ptit-logo,No current active reference in inherited graph + main delta.,documentation_assets/branding/logos/ptit.svg,ptit.svg,Prefer verified device/state qualifier over sequence suffix; retain proposed extension.,high,Subject/source evidence supports domain and semantic filename; preserves unique logical asset.,branding.logos.ptit
00_book/figures/report/diagrams/01_pipeline_automation.svg,01_pipeline_automation,No current active reference in inherited graph + main delta.,documentation_assets/diagrams/workflow/configuration-automation.svg,configuration-automation.svg,Prefer verified device/state qualifier over sequence suffix; retain proposed extension.,high,Authored SVG describes existing source format; exporter/author identity not established.,diagrams.workflow.configuration-automation
00_book/figures/report/diagrams/03_cli_modes.svg,03_cli_modes,No current active reference in inherited graph + main delta.,documentation_assets/diagrams/workflow/cisco-cli-modes.svg,cisco-cli-modes.svg,Prefer verified device/state qualifier over sequence suffix; retain proposed extension.,high,Authored SVG describes existing source format; exporter/author identity not established.,diagrams.workflow.cisco-cli-modes
00_book/figures/report/diagrams/04_ssh_connection.svg,04_ssh_connection,No current active reference in inherited graph + main delta.,documentation_assets/diagrams/architecture/ssh-session-connection.svg,ssh-session-connection.svg,Prefer verified device/state qualifier over sequence suffix; retain proposed extension.,high,Authored SVG describes existing source format; exporter/author identity not established.,diagrams.architecture.ssh-session-connection
00_book/figures/report/diagrams/05_session_lifecycle.svg,05_session_lifecycle,No current active reference in inherited graph + main delta.,documentation_assets/diagrams/workflow/device-session-lifecycle.svg,device-session-lifecycle.svg,Prefer verified device/state qualifier over sequence suffix; retain proposed extension.,high,Authored SVG describes existing source format; exporter/author identity not established.,diagrams.workflow.device-session-lifecycle
00_book/figures/report/diagrams/06_dhcp_dora.svg,06_dhcp_dora,No current active reference in inherited graph + main delta.,documentation_assets/diagrams/workflow/dhcp-dora-sequence.svg,dhcp-dora-sequence.svg,Prefer verified device/state qualifier over sequence suffix; retain proposed extension.,high,Authored SVG describes existing source format; exporter/author identity not established.,diagrams.workflow.dhcp-dora-sequence
00_book/figures/report/diagrams/07_ospf_area.png,07_ospf_area,No current active reference in inherited graph + main delta.,documentation_assets/diagrams/network/ospf-multi-area-backbone.png,ospf-multi-area-backbone.png,Prefer verified device/state qualifier over sequence suffix; retain proposed extension.,medium,Vector/raster pair must remain separate; do not establish derivative relationship by name.,diagrams.network.ospf-multi-area-backbone
00_book/figures/report/diagrams/07_ospf_area.svg,07_ospf_area,No current active reference in inherited graph + main delta.,documentation_assets/diagrams/network/ospf-area-zero-router-chain.svg,ospf-area-zero-router-chain.svg,Prefer verified device/state qualifier over sequence suffix; retain proposed extension.,medium,Authored SVG describes existing source format; exporter/author identity not established.; Vector/raster pair must remain separate; do not establish derivative relationship by name.,diagrams.network.ospf-area-zero-router-chain
00_book/figures/report/diagrams/08_acl_packet_flow.jpg,08_acl_packet_flow,No current active reference in inherited graph + main delta.,documentation_assets/diagrams/workflow/inbound-acl-tests.jpg,inbound-acl-tests.jpg,Prefer verified device/state qualifier over sequence suffix; retain proposed extension.,medium,Vector/raster pair must remain separate; do not establish derivative relationship by name.,diagrams.workflow.inbound-acl-tests
00_book/figures/report/diagrams/08_acl_packet_flow.svg,08_acl_packet_flow,No current active reference in inherited graph + main delta.,documentation_assets/diagrams/workflow/acl-rule-evaluation.svg,acl-rule-evaluation.svg,Prefer verified device/state qualifier over sequence suffix; retain proposed extension.,medium,Authored SVG describes existing source format; exporter/author identity not established.; Vector/raster pair must remain separate; do not establish derivative relationship by name.,diagrams.workflow.acl-rule-evaluation
00_book/figures/report/diagrams/09_nat_pat.svg,09_nat_pat,No current active reference in inherited graph + main delta.,documentation_assets/diagrams/network/nat-pat-internet-topology.svg,nat-pat-internet-topology.svg,Prefer verified device/state qualifier over sequence suffix; retain proposed extension.,high,Authored SVG describes existing source format; exporter/author identity not established.,diagrams.network.nat-pat-internet-topology
00_book/figures/report/diagrams/10_fhrp_gateway.svg,10_fhrp_gateway,No current active reference in inherited graph + main delta.,documentation_assets/diagrams/network/fhrp-virtual-gateway.svg,fhrp-virtual-gateway.svg,Prefer verified device/state qualifier over sequence suffix; retain proposed extension.,high,Authored SVG describes existing source format; exporter/author identity not established.,diagrams.network.fhrp-virtual-gateway
00_book/figures/report/diagrams/11_db_schema.svg,11_db_schema,No current active reference in inherited graph + main delta.,documentation_assets/diagrams/database/device-entity-relations.svg,device-entity-relations.svg,Prefer verified device/state qualifier over sequence suffix; retain proposed extension.,high,Authored SVG describes existing source format; exporter/author identity not established.,diagrams.database.device-entity-relations
00_book/figures/report/diagrams/12_netmiko_stack.svg,12_netmiko_stack,No current active reference in inherited graph + main delta.,documentation_assets/diagrams/architecture/netmiko-ssh-stack.svg,netmiko-ssh-stack.svg,Prefer verified device/state qualifier over sequence suffix; retain proposed extension.,high,Authored SVG describes existing source format; exporter/author identity not established.,diagrams.architecture.netmiko-ssh-stack
00_book/figures/report/diagrams/13_qtquick_tree.svg,13_qtquick_tree,No current active reference in inherited graph + main delta.,documentation_assets/diagrams/architecture/qtquick-component-tree.svg,qtquick-component-tree.svg,Prefer verified device/state qualifier over sequence suffix; retain proposed extension.,high,Authored SVG describes existing source format; exporter/author identity not established.,diagrams.architecture.qtquick-component-tree
00_book/figures/report/diagrams/14_qml_signal_slot.svg,14_qml_signal_slot,No current active reference in inherited graph + main delta.,documentation_assets/diagrams/architecture/qml-python-signal-flow.svg,qml-python-signal-flow.svg,Prefer verified device/state qualifier over sequence suffix; retain proposed extension.,high,Authored SVG describes existing source format; exporter/author identity not established.,diagrams.architecture.qml-python-signal-flow
00_book/figures/report/diagrams/15_ui_thread_workers.svg,15_ui_thread_workers,No current active reference in inherited graph + main delta.,documentation_assets/diagrams/architecture/ui-thread-worker-dispatch.svg,ui-thread-worker-dispatch.svg,Prefer verified device/state qualifier over sequence suffix; retain proposed extension.,high,Authored SVG describes existing source format; exporter/author identity not established.,diagrams.architecture.ui-thread-worker-dispatch
00_book/figures/report/diagrams/16_host_lock.svg,16_host_lock,No current active reference in inherited graph + main delta.,documentation_assets/diagrams/architecture/per-host-session-lock.svg,per-host-session-lock.svg,Prefer verified device/state qualifier over sequence suffix; retain proposed extension.,high,Authored SVG describes existing source format; exporter/author identity not established.,diagrams.architecture.per-host-session-lock
00_book/figures/report/diagrams/17_serialize_parallel.svg,17_serialize_parallel,No current active reference in inherited graph + main delta.,documentation_assets/diagrams/workflow/per-host-serial-cross-host-parallel.svg,per-host-serial-cross-host-parallel.svg,Prefer verified device/state qualifier over sequence suffix; retain proposed extension.,high,Authored SVG describes existing source format; exporter/author identity not established.,diagrams.workflow.per-host-serial-cross-host-parallel
00_book/figures/report/diagrams/18_syslog_pipeline.svg,18_syslog_pipeline,No current active reference in inherited graph + main delta.,documentation_assets/diagrams/workflow/syslog-processing-pipeline.svg,syslog-processing-pipeline.svg,Prefer verified device/state qualifier over sequence suffix; retain proposed extension.,high,Authored SVG describes existing source format; exporter/author identity not established.,diagrams.workflow.syslog-processing-pipeline
00_book/figures/report/diagrams/19_testing_flow_a.svg,19_testing_flow_a,No current active reference in inherited graph + main delta.,documentation_assets/diagrams/workflow/service-repository-test.svg,service-repository-test.svg,Prefer verified device/state qualifier over sequence suffix; retain proposed extension.,high,Authored SVG describes existing source format; exporter/author identity not established.,diagrams.workflow.service-repository-test
00_book/figures/report/diagrams/20_testing_flow_b.svg,20_testing_flow_b,No current active reference in inherited graph + main delta.,documentation_assets/diagrams/workflow/worker-fake-connector-test.svg,worker-fake-connector-test.svg,Prefer verified device/state qualifier over sequence suffix; retain proposed extension.,high,Authored SVG describes existing source format; exporter/author identity not established.,diagrams.workflow.worker-fake-connector-test
00_book/figures/report/diagrams/21_lab_test_flow.svg,21_lab_test_flow,No current active reference in inherited graph + main delta.,documentation_assets/diagrams/workflow/network-lab-verification.svg,network-lab-verification.svg,Prefer verified device/state qualifier over sequence suffix; retain proposed extension.,high,Authored SVG describes existing source format; exporter/author identity not established.,diagrams.workflow.network-lab-verification
00_book/figures/report/diagrams/Etherchannel.jpg,Etherchannel,No current active reference in inherited graph + main delta.,documentation_assets/diagrams/network/etherchannel-redundant-uplinks.jpg,etherchannel-redundant-uplinks.jpg,Prefer verified device/state qualifier over sequence suffix; retain proposed extension.,high,Subject/source evidence supports domain and semantic filename; preserves unique logical asset.,diagrams.network.etherchannel-redundant-uplinks
00_book/figures/report/diagrams/LAB_2-report.png,Sơ đồ Kịch bản 1: Định tuyến OSPF đa vùng giữa hai chi nhánh,00_report/contents/09_thu_nghiem_danh_gia.typ:153 /00_book/figures/report/diagrams/LAB_2-report.png,documentation_assets/diagrams/lab-topology/routing-ospf/multi-area-branches-raster.png,multi-area-branches-raster.png,Prefer verified device/state qualifier over sequence suffix; retain proposed extension.,medium,Vector/raster pair must remain separate; do not establish derivative relationship by name.,diagrams.lab-topology.routing-ospf.multi-area-branches-raster
00_book/figures/report/diagrams/LAB_2.svg,LAB_2,No current active reference in inherited graph + main delta.,documentation_assets/diagrams/lab-topology/routing-ospf/multi-area-branches-vector.svg,multi-area-branches-vector.svg,Prefer verified device/state qualifier over sequence suffix; retain proposed extension.,medium,Authored SVG describes existing source format; exporter/author identity not established.; Vector/raster pair must remain separate; do not establish derivative relationship by name.,diagrams.lab-topology.routing-ospf.multi-area-branches-vector
00_book/figures/report/diagrams/STP.jpg,STP,No current active reference in inherited graph + main delta.,documentation_assets/diagrams/network/stp-root-port-election.jpg,stp-root-port-election.jpg,Prefer verified device/state qualifier over sequence suffix; retain proposed extension.,high,Subject/source evidence supports domain and semantic filename; preserves unique logical asset.,diagrams.network.stp-root-port-election
00_book/figures/report/diagrams/VTP.jpg,VTP,No current active reference in inherited graph + main delta.,documentation_assets/diagrams/network/vtp-server-clients.jpg,vtp-server-clients.jpg,Prefer verified device/state qualifier over sequence suffix; retain proposed extension.,high,Subject/source evidence supports domain and semantic filename; preserves unique logical asset.,diagrams.network.vtp-server-clients
00_book/figures/report/diagrams/dhcp-snooping.jpg,dhcp-snooping,No current active reference in inherited graph + main delta.,documentation_assets/diagrams/network/dhcp-snooping-rogue-server.jpg,dhcp-snooping-rogue-server.jpg,Prefer verified device/state qualifier over sequence suffix; retain proposed extension.,high,Subject/source evidence supports domain and semantic filename; preserves unique logical asset.,diagrams.network.dhcp-snooping-rogue-server
00_book/figures/report/diagrams/dhcp_dora.png,dhcp_dora,No current active reference in inherited graph + main delta.,documentation_assets/diagrams/workflow/dhcp-dora-client-server-illustration.png,dhcp-dora-client-server-illustration.png,Prefer verified device/state qualifier over sequence suffix; retain proposed extension.,high,Subject/source evidence supports domain and semantic filename; preserves unique logical asset.,diagrams.workflow.dhcp-dora-client-server-illustration
00_book/figures/report/diagrams/fhrp-nat-dhcp-lab/01-nat-interfaces.png,Giao diện cấu hình cổng NAT Inside/Outside trên Router NAT,00_report/contents/09_thu_nghiem_danh_gia.typ:372 /00_book/figures/report/diagrams/fhrp-nat-dhcp-lab/01-nat-interfaces.png,documentation_assets/evidence/ui-capture/original/fhrp-nat-dhcp-lab/nat-interfaces.png,nat-interfaces.png,Prefer verified device/state qualifier over sequence suffix; retain proposed extension.,medium,"Lab capture provenance probable, not chain-of-custody confirmed; preserve original regardless of later recreation.",evidence.fhrp-nat-dhcp.nat-interfaces
00_book/figures/report/diagrams/fhrp-nat-dhcp-lab/02-nat-acl.png,Khai báo ACL NAT_demo xác định các mạng nội bộ được phép chuyển đổi địa chỉ,00_report/contents/09_thu_nghiem_danh_gia.typ:383 /00_book/figures/report/diagrams/fhrp-nat-dhcp-lab/02-nat-acl.png,documentation_assets/evidence/ui-capture/original/fhrp-nat-dhcp-lab/nat-acl.png,nat-acl.png,Prefer verified device/state qualifier over sequence suffix; retain proposed extension.,medium,"Lab capture provenance probable, not chain-of-custody confirmed; preserve original regardless of later recreation.",evidence.fhrp-nat-dhcp.nat-acl
00_book/figures/report/diagrams/fhrp-nat-dhcp-lab/03-nat-config-preview.png,Cửa sổ View & Push sinh cấu hình NAT Interface và ACL cho Router NAT,00_report/contents/09_thu_nghiem_danh_gia.typ:390 /00_book/figures/report/diagrams/fhrp-nat-dhcp-lab/03-nat-config-preview.png,documentation_assets/evidence/ui-capture/original/fhrp-nat-dhcp-lab/nat-config-preview.png,nat-config-preview.png,Prefer verified device/state qualifier over sequence suffix; retain proposed extension.,medium,"Lab capture provenance probable, not chain-of-custody confirmed; preserve original regardless of later recreation.",evidence.fhrp-nat-dhcp.nat-config-preview
00_book/figures/report/diagrams/fhrp-nat-dhcp-lab/04-nat-pat.png,Giao diện cấu hình PAT Overload sử dụng cổng Outside GigabitEthernet0/2,00_report/contents/09_thu_nghiem_danh_gia.typ:406 /00_book/figures/report/diagrams/fhrp-nat-dhcp-lab/04-nat-pat.png,documentation_assets/evidence/ui-capture/original/fhrp-nat-dhcp-lab/nat-pat.png,nat-pat.png,Prefer verified device/state qualifier over sequence suffix; retain proposed extension.,medium,"Lab capture provenance probable, not chain-of-custody confirmed; preserve original regardless of later recreation.",evidence.fhrp-nat-dhcp.nat-pat
00_book/figures/report/diagrams/fhrp-nat-dhcp-lab/05-nat-pat-preview.png,Cửa sổ View & Push kiểm duyệt lệnh PAT Overload trước khi đẩy xuống Router NAT,00_report/contents/09_thu_nghiem_danh_gia.typ:413 /00_book/figures/report/diagrams/fhrp-nat-dhcp-lab/05-nat-pat-preview.png,documentation_assets/evidence/ui-capture/original/fhrp-nat-dhcp-lab/nat-pat-preview.png,nat-pat-preview.png,Prefer verified device/state qualifier over sequence suffix; retain proposed extension.,medium,"Lab capture provenance probable, not chain-of-custody confirmed; preserve original regardless of later recreation.",evidence.fhrp-nat-dhcp.nat-pat-preview
00_book/figures/report/diagrams/fhrp-nat-dhcp-lab/08-glbp-setup.png,Giao diện tạo GLBP Group 113 với Virtual IP 192.168.4.1 trên R1 và R2,00_report/contents/09_thu_nghiem_danh_gia.typ:444 /00_book/figures/report/diagrams/fhrp-nat-dhcp-lab/08-glbp-setup.png,documentation_assets/evidence/ui-capture/original/fhrp-nat-dhcp-lab/glbp-setup.png,glbp-setup.png,Prefer verified device/state qualifier over sequence suffix; retain proposed extension.,medium,"Lab capture provenance probable, not chain-of-custody confirmed; preserve original regardless of later recreation.",evidence.fhrp-nat-dhcp.glbp-setup
00_book/figures/report/diagrams/fhrp-nat-dhcp-lab/09-glbp-member-policy.png,Thiết lập chính sách thành viên GLBP cho R1 và R2,00_report/contents/09_thu_nghiem_danh_gia.typ:451 /00_book/figures/report/diagrams/fhrp-nat-dhcp-lab/09-glbp-member-policy.png,documentation_assets/evidence/ui-capture/original/fhrp-nat-dhcp-lab/glbp-member-policy.png,glbp-member-policy.png,Prefer verified device/state qualifier over sequence suffix; retain proposed extension.,medium,"Lab capture provenance probable, not chain-of-custody confirmed; preserve original regardless of later recreation.",evidence.fhrp-nat-dhcp.glbp-member-policy
00_book/figures/report/diagrams/fhrp-nat-dhcp-lab/10-glbp-config-preview.png,Cửa sổ View & Push FHRP sinh đồng thời cấu hình GLBP cho R1 và R2,00_report/contents/09_thu_nghiem_danh_gia.typ:458 /00_book/figures/report/diagrams/fhrp-nat-dhcp-lab/10-glbp-config-preview.png,documentation_assets/evidence/ui-capture/original/fhrp-nat-dhcp-lab/glbp-config-preview.png,glbp-config-preview.png,Prefer verified device/state qualifier over sequence suffix; retain proposed extension.,medium,"Lab capture provenance probable, not chain-of-custody confirmed; preserve original regardless of later recreation.",evidence.fhrp-nat-dhcp.glbp-config-preview
00_book/figures/report/diagrams/fhrp-nat-dhcp-lab/11-dhcp-pool.png,Giao diện tạo DHCP Pool LAN_R1 với Default Gateway là GLBP Virtual IP 192.168.4.1,00_report/contents/09_thu_nghiem_danh_gia.typ:469 /00_book/figures/report/diagrams/fhrp-nat-dhcp-lab/11-dhcp-pool.png,documentation_assets/evidence/ui-capture/original/fhrp-nat-dhcp-lab/dhcp-pool.png,dhcp-pool.png,Prefer verified device/state qualifier over sequence suffix; retain proposed extension.,medium,"Lab capture provenance probable, not chain-of-custody confirmed; preserve original regardless of later recreation.",evidence.fhrp-nat-dhcp.dhcp-pool
00_book/figures/report/diagrams/fhrp-nat-dhcp-lab/13-dhcp-config-preview.png,Cửa sổ View & Push DHCP sinh cấu hình pool LAN_R1 trên R1,00_report/contents/09_thu_nghiem_danh_gia.typ:476 /00_book/figures/report/diagrams/fhrp-nat-dhcp-lab/13-dhcp-config-preview.png,documentation_assets/evidence/ui-capture/original/fhrp-nat-dhcp-lab/dhcp-config-preview.png,dhcp-config-preview.png,Prefer verified device/state qualifier over sequence suffix; retain proposed extension.,medium,"Lab capture provenance probable, not chain-of-custody confirmed; preserve original regardless of later recreation.",evidence.fhrp-nat-dhcp.dhcp-config-preview
00_book/figures/report/diagrams/fhrp-nat-dhcp-lab/fhrp-nat-dhcp-report.png,"Sơ đồ Kịch bản 2: Tích hợp GLBP, DHCP và NAT/PAT cho mạng LAN",00_report/contents/09_thu_nghiem_danh_gia.typ:337 /00_book/figures/report/diagrams/fhrp-nat-dhcp-lab/fhrp-nat-dhcp-report.png,documentation_assets/diagrams/lab-topology/fhrp-nat-dhcp/glbp-dhcp-pat-raster.png,glbp-dhcp-pat-raster.png,Prefer verified device/state qualifier over sequence suffix; retain proposed extension.,medium,Vector/raster pair must remain separate; do not establish derivative relationship by name.,diagrams.lab-topology.fhrp-nat-dhcp.glbp-dhcp-pat-raster
00_book/figures/report/diagrams/fhrp-nat-dhcp-lab/fhrp-nat-dhcp.svg,fhrp-nat-dhcp,No current active reference in inherited graph + main delta.,documentation_assets/diagrams/lab-topology/fhrp-nat-dhcp/glbp-dhcp-pat-vector.svg,glbp-dhcp-pat-vector.svg,Prefer verified device/state qualifier over sequence suffix; retain proposed extension.,medium,Authored SVG describes existing source format; exporter/author identity not established.; Vector/raster pair must remain separate; do not establish derivative relationship by name.,diagrams.lab-topology.fhrp-nat-dhcp.glbp-dhcp-pat-vector
00_book/figures/report/diagrams/jenkins_pipeline_stages.png,jenkins_pipeline_stages,No current active reference in inherited graph + main delta.,documentation_assets/evidence/external-tools/original/ci/jenkins-pipeline-stages.png,jenkins-pipeline-stages.png,Prefer verified device/state qualifier over sequence suffix; retain proposed extension.,medium,"Phase 2 taxonomy overlay: Jenkins CI evidence is external tool capture, not device verification.",evidence.ci.jenkins-pipeline-stages
00_book/figures/report/diagrams/lab_4.svg,lab_4,No current active reference in inherited graph + main delta.,documentation_assets/diagrams/lab-topology/multi-router-branch-routing.svg,multi-router-branch-routing.svg,Prefer verified device/state qualifier over sequence suffix; retain proposed extension.,low,Authored SVG describes existing source format; exporter/author identity not established.; Historical lab_4 identifier does not establish scenario purpose; topology name is provisional.,diagrams.lab-topology.multi-router-branch-routing
00_book/figures/report/diagrams/routing-ospf-lab/1.png,router-interfaces-overview,00_report/contents/09_thu_nghiem_danh_gia.typ:186 /00_book/figures/report/diagrams/routing-ospf-lab/1.png,documentation_assets/evidence/ui-capture/original/routing-ospf-lab/router-interfaces-overview.png,router-interfaces-overview.png,Prefer verified device/state qualifier over sequence suffix; retain proposed extension.,medium,"Lab capture provenance probable, not chain-of-custody confirmed; preserve original regardless of later recreation.",evidence.routing-ospf.router-interfaces-overview
00_book/figures/report/diagrams/routing-ospf-lab/10.png,ospf-routing-group-hosts,00_report/contents/09_thu_nghiem_danh_gia.typ:196 /00_book/figures/report/diagrams/routing-ospf-lab/10.png,documentation_assets/evidence/ui-capture/original/routing-ospf-lab/routing-group-hosts.png,routing-group-hosts.png,Prefer verified device/state qualifier over sequence suffix; retain proposed extension.,medium,"Lab capture provenance probable, not chain-of-custody confirmed; preserve original regardless of later recreation.",evidence.routing-ospf.routing-group-hosts
00_book/figures/report/diagrams/routing-ospf-lab/11.png,ospf-routing-group-networks,00_report/contents/09_thu_nghiem_danh_gia.typ:204 /00_book/figures/report/diagrams/routing-ospf-lab/11.png,documentation_assets/evidence/ui-capture/original/routing-ospf-lab/routing-group-networks.png,routing-group-networks.png,Prefer verified device/state qualifier over sequence suffix; retain proposed extension.,medium,"Lab capture provenance probable, not chain-of-custody confirmed; preserve original regardless of later recreation.",evidence.routing-ospf.routing-group-networks
00_book/figures/report/diagrams/routing-ospf-lab/13.png,r1-ospf-process-dark,No current active reference in inherited graph + main delta.,documentation_assets/evidence/ui-capture/original/routing-ospf-lab/r1-process-dark.png,r1-process-dark.png,Prefer verified device/state qualifier over sequence suffix; retain proposed extension.,medium,"Lab capture provenance probable, not chain-of-custody confirmed; preserve original regardless of later recreation.",evidence.routing-ospf.r1-process-dark
00_book/figures/report/diagrams/routing-ospf-lab/14.png,ospf-group-view-push-progress,00_report/contents/09_thu_nghiem_danh_gia.typ:251 /00_book/figures/report/diagrams/routing-ospf-lab/14.png,documentation_assets/evidence/ui-capture/original/routing-ospf-lab/routing-group-push-progress.png,routing-group-push-progress.png,Prefer verified device/state qualifier over sequence suffix; retain proposed extension.,medium,"Lab capture provenance probable, not chain-of-custody confirmed; preserve original regardless of later recreation.",evidence.routing-ospf.routing-group-push-progress
00_book/figures/report/diagrams/routing-ospf-lab/15.png,r1-ospf-view-push-dark,No current active reference in inherited graph + main delta.,documentation_assets/evidence/ui-capture/original/routing-ospf-lab/r1-view-push-dark.png,r1-view-push-dark.png,Prefer verified device/state qualifier over sequence suffix; retain proposed extension.,medium,"Lab capture provenance probable, not chain-of-custody confirmed; preserve original regardless of later recreation.",evidence.routing-ospf.r1-view-push-dark
00_book/figures/report/diagrams/routing-ospf-lab/16.png,r2-ospf-process,00_report/contents/09_thu_nghiem_danh_gia.typ:238 /00_book/figures/report/diagrams/routing-ospf-lab/16.png,documentation_assets/evidence/ui-capture/original/routing-ospf-lab/r2-process.png,r2-process.png,Prefer verified device/state qualifier over sequence suffix; retain proposed extension.,medium,"Lab capture provenance probable, not chain-of-custody confirmed; preserve original regardless of later recreation.",evidence.routing-ospf.r2-process
00_book/figures/report/diagrams/routing-ospf-lab/2.png,router-interface-editor-dark,No current active reference in inherited graph + main delta.,documentation_assets/evidence/ui-capture/original/routing-ospf-lab/router-interface-editor-dark.png,router-interface-editor-dark.png,Prefer verified device/state qualifier over sequence suffix; retain proposed extension.,medium,"Lab capture provenance probable, not chain-of-custody confirmed; preserve original regardless of later recreation.",evidence.routing-ospf.router-interface-editor-dark
00_book/figures/report/diagrams/routing-ospf-lab/3.png,router-interface-addresses-dark,No current active reference in inherited graph + main delta.,documentation_assets/evidence/ui-capture/original/routing-ospf-lab/router-interface-addresses-dark.png,router-interface-addresses-dark.png,Prefer verified device/state qualifier over sequence suffix; retain proposed extension.,medium,"Lab capture provenance probable, not chain-of-custody confirmed; preserve original regardless of later recreation.",evidence.routing-ospf.router-interface-addresses-dark
00_book/figures/report/diagrams/routing-ospf-lab/4.png,router-interface-policy-dark,No current active reference in inherited graph + main delta.,documentation_assets/evidence/ui-capture/original/routing-ospf-lab/router-interface-policy-dark.png,router-interface-policy-dark.png,Prefer verified device/state qualifier over sequence suffix; retain proposed extension.,medium,"Lab capture provenance probable, not chain-of-custody confirmed; preserve original regardless of later recreation.",evidence.routing-ospf.router-interface-policy-dark
00_book/figures/report/diagrams/routing-ospf-lab/5.png,router-interfaces-inventory-dark,No current active reference in inherited graph + main delta.,documentation_assets/evidence/ui-capture/original/routing-ospf-lab/router-interfaces-inventory-dark.png,router-interfaces-inventory-dark.png,Prefer verified device/state qualifier over sequence suffix; retain proposed extension.,medium,"Lab capture provenance probable, not chain-of-custody confirmed; preserve original regardless of later recreation.",evidence.routing-ospf.router-interfaces-inventory-dark
00_book/figures/report/diagrams/routing-ospf-lab/6.png,router-interfaces-inventory-selected-dark,No current active reference in inherited graph + main delta.,documentation_assets/evidence/ui-capture/original/routing-ospf-lab/router-interfaces-selected-dark.png,router-interfaces-selected-dark.png,Prefer verified device/state qualifier over sequence suffix; retain proposed extension.,medium,"Lab capture provenance probable, not chain-of-custody confirmed; preserve original regardless of later recreation.",evidence.routing-ospf.router-interfaces-selected-dark
00_book/figures/report/diagrams/routing-ospf-lab/7.png,router-interface-inventory-edit-dark,No current active reference in inherited graph + main delta.,documentation_assets/evidence/ui-capture/original/routing-ospf-lab/router-interface-edit-dark.png,router-interface-edit-dark.png,Prefer verified device/state qualifier over sequence suffix; retain proposed extension.,medium,"Lab capture provenance probable, not chain-of-custody confirmed; preserve original regardless of later recreation.",evidence.routing-ospf.router-interface-edit-dark
00_book/figures/report/diagrams/routing-ospf-lab/8.png,router-interface-counters-dark,No current active reference in inherited graph + main delta.,documentation_assets/evidence/ui-capture/original/routing-ospf-lab/router-interface-counters-dark.png,router-interface-counters-dark.png,Prefer verified device/state qualifier over sequence suffix; retain proposed extension.,medium,"Lab capture provenance probable, not chain-of-custody confirmed; preserve original regardless of later recreation.",evidence.routing-ospf.router-interface-counters-dark
00_book/figures/report/diagrams/routing-ospf-lab/9.png,router-ospf-process-dark,No current active reference in inherited graph + main delta.,documentation_assets/evidence/ui-capture/original/routing-ospf-lab/router-process-overview-dark.png,router-process-overview-dark.png,Prefer verified device/state qualifier over sequence suffix; retain proposed extension.,medium,"Lab capture provenance probable, not chain-of-custody confirmed; preserve original regardless of later recreation.",evidence.routing-ospf.router-process-overview-dark
00_book/figures/report/diagrams/switching-lab/1_1.png,switch-port-inventory-editor-1-1,No current active reference in inherited graph + main delta.,documentation_assets/evidence/ui-capture/original/switching-lab/sw1-vlan-ten-access-assignments.png,sw1-vlan-ten-access-assignments.png,Prefer verified device/state qualifier over sequence suffix; retain proposed extension.,medium,"Lab capture provenance probable, not chain-of-custody confirmed; preserve original regardless of later recreation.; Switching semantic labels use inspected state/device; review against full-resolution original.",evidence.switching.sw1-vlan-ten-access-assignments
00_book/figures/report/diagrams/switching-lab/1_10.png,switch-port-inventory-editor-1-10,No current active reference in inherited graph + main delta.,documentation_assets/evidence/ui-capture/original/switching-lab/sw1-trunks-pending-apply.png,sw1-trunks-pending-apply.png,Prefer verified device/state qualifier over sequence suffix; retain proposed extension.,medium,"Lab capture provenance probable, not chain-of-custody confirmed; preserve original regardless of later recreation.; Switching semantic labels use inspected state/device; review against full-resolution original.",evidence.switching.sw1-trunks-pending-apply
00_book/figures/report/diagrams/switching-lab/1_11.png,switch-port-inventory-editor-1-11,No current active reference in inherited graph + main delta.,documentation_assets/evidence/ui-capture/original/switching-lab/sw2-trunks-synchronized.png,sw2-trunks-synchronized.png,Prefer verified device/state qualifier over sequence suffix; retain proposed extension.,medium,"Lab capture provenance probable, not chain-of-custody confirmed; preserve original regardless of later recreation.; Switching semantic labels use inspected state/device; review against full-resolution original.",evidence.switching.sw2-trunks-synchronized
00_book/figures/report/diagrams/switching-lab/1_12.png,switch-port-inventory-editor-1-12,No current active reference in inherited graph + main delta.,documentation_assets/evidence/ui-capture/original/switching-lab/sw3-trunks-synchronized.png,sw3-trunks-synchronized.png,Prefer verified device/state qualifier over sequence suffix; retain proposed extension.,medium,"Lab capture provenance probable, not chain-of-custody confirmed; preserve original regardless of later recreation.; Switching semantic labels use inspected state/device; review against full-resolution original.",evidence.switching.sw3-trunks-synchronized
00_book/figures/report/diagrams/switching-lab/1_13.png,switch-port-inventory-editor-1-13,No current active reference in inherited graph + main delta.,documentation_assets/evidence/ui-capture/original/switching-lab/sw4-trunks-synchronized.png,sw4-trunks-synchronized.png,Prefer verified device/state qualifier over sequence suffix; retain proposed extension.,medium,"Lab capture provenance probable, not chain-of-custody confirmed; preserve original regardless of later recreation.; Switching semantic labels use inspected state/device; review against full-resolution original.",evidence.switching.sw4-trunks-synchronized
00_book/figures/report/diagrams/switching-lab/1_14.png,switch-port-inventory-editor-1-14,No current active reference in inherited graph + main delta.,documentation_assets/evidence/ui-capture/original/switching-lab/sw5-trunks-synchronized.png,sw5-trunks-synchronized.png,Prefer verified device/state qualifier over sequence suffix; retain proposed extension.,medium,"Lab capture provenance probable, not chain-of-custody confirmed; preserve original regardless of later recreation.; Switching semantic labels use inspected state/device; review against full-resolution original.",evidence.switching.sw5-trunks-synchronized
00_book/figures/report/diagrams/switching-lab/1_15.png,switch-port-inventory-editor-1-15,No current active reference in inherited graph + main delta.,documentation_assets/evidence/ui-capture/original/switching-lab/sw6-trunks-synchronized.png,sw6-trunks-synchronized.png,Prefer verified device/state qualifier over sequence suffix; retain proposed extension.,medium,"Lab capture provenance probable, not chain-of-custody confirmed; preserve original regardless of later recreation.; Switching semantic labels use inspected state/device; review against full-resolution original.",evidence.switching.sw6-trunks-synchronized
00_book/figures/report/diagrams/switching-lab/1_16.png,vtp-group-policy-1-16,00_report/contents/09_thu_nghiem_danh_gia.typ:56 /00_book/figures/report/diagrams/switching-lab/1_16.png,documentation_assets/evidence/ui-capture/original/switching-lab/vtp-group-identity.png,vtp-group-identity.png,Prefer verified device/state qualifier over sequence suffix; retain proposed extension.,medium,"Lab capture provenance probable, not chain-of-custody confirmed; preserve original regardless of later recreation.; Switching semantic labels use inspected state/device; review against full-resolution original.",evidence.switching.vtp-group-identity
00_book/figures/report/diagrams/switching-lab/1_17.png,vtp-group-policy-1-17,No current active reference in inherited graph + main delta.,documentation_assets/evidence/ui-capture/original/switching-lab/vtp-group-member-policy.png,vtp-group-member-policy.png,Prefer verified device/state qualifier over sequence suffix; retain proposed extension.,medium,"Lab capture provenance probable, not chain-of-custody confirmed; preserve original regardless of later recreation.; Switching semantic labels use inspected state/device; review against full-resolution original.",evidence.switching.vtp-group-member-policy
00_book/figures/report/diagrams/switching-lab/1_18.png,switch-port-inventory-editor-1-18,No current active reference in inherited graph + main delta.,documentation_assets/evidence/ui-capture/original/switching-lab/sw1-vlan-five-access-assignments.png,sw1-vlan-five-access-assignments.png,Prefer verified device/state qualifier over sequence suffix; retain proposed extension.,medium,"Lab capture provenance probable, not chain-of-custody confirmed; preserve original regardless of later recreation.; Switching semantic labels use inspected state/device; review against full-resolution original.",evidence.switching.sw1-vlan-five-access-assignments
00_book/figures/report/diagrams/switching-lab/1_19.png,switch-port-inventory-editor-1-19,No current active reference in inherited graph + main delta.,documentation_assets/evidence/ui-capture/original/switching-lab/sw1-vlan-data-network-selected.png,sw1-vlan-data-network-selected.png,Prefer verified device/state qualifier over sequence suffix; retain proposed extension.,medium,"Lab capture provenance probable, not chain-of-custody confirmed; preserve original regardless of later recreation.; Switching semantic labels use inspected state/device; review against full-resolution original.",evidence.switching.sw1-vlan-data-network-selected
00_book/figures/report/diagrams/switching-lab/1_2.png,switch-port-inventory-editor-1-2,No current active reference in inherited graph + main delta.,documentation_assets/evidence/ui-capture/original/switching-lab/sw1-lacp-port-channel-editing.png,sw1-lacp-port-channel-editing.png,Prefer verified device/state qualifier over sequence suffix; retain proposed extension.,medium,"Lab capture provenance probable, not chain-of-custody confirmed; preserve original regardless of later recreation.; Switching semantic labels use inspected state/device; review against full-resolution original.",evidence.switching.sw1-lacp-port-channel-editing
00_book/figures/report/diagrams/switching-lab/1_20.png,vlan-view-push-preview-1-20,00_report/contents/09_thu_nghiem_danh_gia.typ:66 /00_book/figures/report/diagrams/switching-lab/1_20.png,documentation_assets/evidence/ui-capture/original/switching-lab/vlan-view-push.png,vlan-view-push.png,Prefer verified device/state qualifier over sequence suffix; retain proposed extension.,medium,"Lab capture provenance probable, not chain-of-custody confirmed; preserve original regardless of later recreation.; Switching semantic labels use inspected state/device; review against full-resolution original.",evidence.switching.vlan-view-push
00_book/figures/report/diagrams/switching-lab/1_21.png,switch-port-inventory-editor-1-21,00_report/contents/09_thu_nghiem_danh_gia.typ:86 /00_book/figures/report/diagrams/switching-lab/1_21.png,documentation_assets/evidence/ui-capture/original/switching-lab/vlan-security-policy.png,vlan-security-policy.png,Prefer verified device/state qualifier over sequence suffix; retain proposed extension.,medium,"Lab capture provenance probable, not chain-of-custody confirmed; preserve original regardless of later recreation.; Switching semantic labels use inspected state/device; review against full-resolution original.",evidence.switching.vlan-security-policy
00_book/figures/report/diagrams/switching-lab/1_22.png,switch-port-inventory-editor-1-22,No current active reference in inherited graph + main delta.,documentation_assets/evidence/ui-capture/original/switching-lab/trusted-uplinks.png,trusted-uplinks.png,Prefer verified device/state qualifier over sequence suffix; retain proposed extension.,medium,"Lab capture provenance probable, not chain-of-custody confirmed; preserve original regardless of later recreation.; Switching semantic labels use inspected state/device; review against full-resolution original.",evidence.switching.trusted-uplinks
00_book/figures/report/diagrams/switching-lab/1_23.png,l2-security-view-push-preview-1-23,No current active reference in inherited graph + main delta.,documentation_assets/evidence/ui-capture/original/switching-lab/l2-security-view-push.png,l2-security-view-push.png,Prefer verified device/state qualifier over sequence suffix; retain proposed extension.,medium,"Lab capture provenance probable, not chain-of-custody confirmed; preserve original regardless of later recreation.; Switching semantic labels use inspected state/device; review against full-resolution original.",evidence.switching.l2-security-view-push
00_book/figures/report/diagrams/switching-lab/1_24.png,switch-port-inventory-editor-1-24,No current active reference in inherited graph + main delta.,documentation_assets/evidence/ui-capture/original/switching-lab/port-security-editor.png,port-security-editor.png,Prefer verified device/state qualifier over sequence suffix; retain proposed extension.,medium,"Lab capture provenance probable, not chain-of-custody confirmed; preserve original regardless of later recreation.; Switching semantic labels use inspected state/device; review against full-resolution original.",evidence.switching.port-security-editor
00_book/figures/report/diagrams/switching-lab/1_25.png,port-security-view-push-preview-1-25,00_report/contents/09_thu_nghiem_danh_gia.typ:96 /00_book/figures/report/diagrams/switching-lab/1_25.png,documentation_assets/evidence/ui-capture/original/switching-lab/port-security-view-push.png,port-security-view-push.png,Prefer verified device/state qualifier over sequence suffix; retain proposed extension.,medium,"Lab capture provenance probable, not chain-of-custody confirmed; preserve original regardless of later recreation.; Switching semantic labels use inspected state/device; review against full-resolution original.",evidence.switching.port-security-view-push
00_book/figures/report/diagrams/switching-lab/1_26.png,switch-port-inventory-editor-1-26,No current active reference in inherited graph + main delta.,documentation_assets/evidence/ui-capture/original/switching-lab/port-security-configured.png,port-security-configured.png,Prefer verified device/state qualifier over sequence suffix; retain proposed extension.,medium,"Lab capture provenance probable, not chain-of-custody confirmed; preserve original regardless of later recreation.; Switching semantic labels use inspected state/device; review against full-resolution original.",evidence.switching.port-security-configured
00_book/figures/report/diagrams/switching-lab/1_3.png,etherchannel-view-push-preview-1-3,00_report/contents/09_thu_nghiem_danh_gia.typ:76 /00_book/figures/report/diagrams/switching-lab/1_3.png,documentation_assets/evidence/ui-capture/original/switching-lab/etherchannel-view-push.png,etherchannel-view-push.png,Prefer verified device/state qualifier over sequence suffix; retain proposed extension.,medium,"Lab capture provenance probable, not chain-of-custody confirmed; preserve original regardless of later recreation.; Switching semantic labels use inspected state/device; review against full-resolution original.",evidence.switching.etherchannel-view-push
00_book/figures/report/diagrams/switching-lab/1_32.png,switch-port-inventory-editor-1-32,No current active reference in inherited graph + main delta.,documentation_assets/evidence/ui-capture/original/switching-lab/mac-address-table.png,mac-address-table.png,Prefer verified device/state qualifier over sequence suffix; retain proposed extension.,medium,"Lab capture provenance probable, not chain-of-custody confirmed; preserve original regardless of later recreation.; Switching semantic labels use inspected state/device; review against full-resolution original.",evidence.switching.mac-address-table
00_book/figures/report/diagrams/switching-lab/1_4.png,switch-port-inventory-editor-1-4,No current active reference in inherited graph + main delta.,documentation_assets/evidence/ui-capture/original/switching-lab/sw3-lacp-inventory-reloaded.png,sw3-lacp-inventory-reloaded.png,Prefer verified device/state qualifier over sequence suffix; retain proposed extension.,medium,"Lab capture provenance probable, not chain-of-custody confirmed; preserve original regardless of later recreation.; Switching semantic labels use inspected state/device; review against full-resolution original.",evidence.switching.sw3-lacp-inventory-reloaded
00_book/figures/report/diagrams/switching-lab/1_5.png,switch-port-inventory-editor-1-5,No current active reference in inherited graph + main delta.,documentation_assets/evidence/ui-capture/original/switching-lab/sw1-lacp-inventory-reloaded.png,sw1-lacp-inventory-reloaded.png,Prefer verified device/state qualifier over sequence suffix; retain proposed extension.,medium,"Lab capture provenance probable, not chain-of-custody confirmed; preserve original regardless of later recreation.; Switching semantic labels use inspected state/device; review against full-resolution original.",evidence.switching.sw1-lacp-inventory-reloaded
00_book/figures/report/diagrams/switching-lab/1_6.png,switch-port-inventory-editor-1-6,No current active reference in inherited graph + main delta.,,,Hold current source until subject/state distinction is verified.,low,"Lab capture provenance probable, not chain-of-custody confirmed; preserve original regardless of later recreation.; Switching semantic labels use inspected state/device; review against full-resolution original.; No verified semantic state difference from the visually similar capture. Hold filename/path rather than append arbitrary sequence. Resolve pair first; do not move this row.",evidence.switching.sw3-lacp-later-capture
00_book/figures/report/diagrams/switching-lab/1_7.png,switch-port-inventory-editor-1-7,No current active reference in inherited graph + main delta.,documentation_assets/evidence/ui-capture/original/switching-lab/sw2-pagp-synchronized.png,sw2-pagp-synchronized.png,Prefer verified device/state qualifier over sequence suffix; retain proposed extension.,medium,"Lab capture provenance probable, not chain-of-custody confirmed; preserve original regardless of later recreation.; Switching semantic labels use inspected state/device; review against full-resolution original.",evidence.switching.sw2-pagp-synchronized
00_book/figures/report/diagrams/switching-lab/1_8.png,switch-port-inventory-editor-1-8,No current active reference in inherited graph + main delta.,documentation_assets/evidence/ui-capture/original/switching-lab/sw4-pagp-synchronized.png,sw4-pagp-synchronized.png,Prefer verified device/state qualifier over sequence suffix; retain proposed extension.,medium,"Lab capture provenance probable, not chain-of-custody confirmed; preserve original regardless of later recreation.; Switching semantic labels use inspected state/device; review against full-resolution original.",evidence.switching.sw4-pagp-synchronized
00_book/figures/report/diagrams/switching-lab/1_9.png,switch-port-inventory-editor-1-9,No current active reference in inherited graph + main delta.,documentation_assets/evidence/ui-capture/original/switching-lab/sw1-port-mode-editing.png,sw1-port-mode-editing.png,Prefer verified device/state qualifier over sequence suffix; retain proposed extension.,medium,"Lab capture provenance probable, not chain-of-custody confirmed; preserve original regardless of later recreation.; Switching semantic labels use inspected state/device; review against full-resolution original.",evidence.switching.sw1-port-mode-editing
00_book/figures/report/diagrams/syslog-lab/01-syslog-configuration.png,Giao diện quản lý Syslog Server trước khi tạo chính sách gửi log,00_report/contents/09_thu_nghiem_danh_gia.typ:575 /00_book/figures/report/diagrams/syslog-lab/01-syslog-configuration.png,documentation_assets/evidence/ui-capture/original/syslog-lab/configuration.png,configuration.png,Prefer verified device/state qualifier over sequence suffix; retain proposed extension.,medium,"Lab capture provenance probable, not chain-of-custody confirmed; preserve original regardless of later recreation.",evidence.syslog.configuration
00_book/figures/report/diagrams/syslog-lab/02-syslog-select-hosts.png,Bước Hosts của Syslog Group: chọn 4 thiết bị cùng tham gia chính sách gửi log,00_report/contents/09_thu_nghiem_danh_gia.typ:586 /00_book/figures/report/diagrams/syslog-lab/02-syslog-select-hosts.png,documentation_assets/evidence/ui-capture/original/syslog-lab/select-hosts.png,select-hosts.png,Prefer verified device/state qualifier over sequence suffix; retain proposed extension.,medium,"Lab capture provenance probable, not chain-of-custody confirmed; preserve original regardless of later recreation.",evidence.syslog.select-hosts
00_book/figures/report/diagrams/syslog-lab/03-syslog-source-interfaces.png,Lựa chọn Source Interface cho từng Router và Switch trong Syslog Group,00_report/contents/09_thu_nghiem_danh_gia.typ:597 /00_book/figures/report/diagrams/syslog-lab/03-syslog-source-interfaces.png,documentation_assets/evidence/ui-capture/original/syslog-lab/source-interfaces.png,source-interfaces.png,Prefer verified device/state qualifier over sequence suffix; retain proposed extension.,medium,"Lab capture provenance probable, not chain-of-custody confirmed; preserve original regardless of later recreation.",evidence.syslog.source-interfaces
00_book/figures/report/diagrams/syslog-lab/04-syslog-policy.png,Thiết lập đích Syslog 192.168.122.1:5514/UDP và mức severity Notifications,00_report/contents/09_thu_nghiem_danh_gia.typ:608 /00_book/figures/report/diagrams/syslog-lab/04-syslog-policy.png,documentation_assets/evidence/ui-capture/original/syslog-lab/policy.png,policy.png,Prefer verified device/state qualifier over sequence suffix; retain proposed extension.,medium,"Lab capture provenance probable, not chain-of-custody confirmed; preserve original regardless of later recreation.",evidence.syslog.policy
00_book/figures/report/diagrams/syslog-lab/05-syslog-config-preview.png,Cửa sổ View & Push Syslog Group tổng hợp lệnh cho 4 thiết bị trước khi thực thi,00_report/contents/09_thu_nghiem_danh_gia.typ:619 /00_book/figures/report/diagrams/syslog-lab/05-syslog-config-preview.png,documentation_assets/evidence/ui-capture/original/syslog-lab/config-preview.png,config-preview.png,Prefer verified device/state qualifier over sequence suffix; retain proposed extension.,medium,"Lab capture provenance probable, not chain-of-custody confirmed; preserve original regardless of later recreation.",evidence.syslog.config-preview
00_book/figures/report/diagrams/syslog-lab/10-syslog-listener-before-start.png,Màn hình System Logs trước khi khởi động Syslog Listener,00_report/contents/09_thu_nghiem_danh_gia.typ:666 /00_book/figures/report/diagrams/syslog-lab/10-syslog-listener-before-start.png,documentation_assets/evidence/ui-capture/original/syslog-lab/listener-before-start.png,listener-before-start.png,Prefer verified device/state qualifier over sequence suffix; retain proposed extension.,medium,"Lab capture provenance probable, not chain-of-custody confirmed; preserve original regardless of later recreation.",evidence.syslog.listener-before-start
00_book/figures/report/diagrams/syslog-lab/11-syslog-listener-receiving.png,Syslog Listener đang hoạt động và tiếp nhận bản tin từ các thiết bị mạng,00_report/contents/09_thu_nghiem_danh_gia.typ:673 /00_book/figures/report/diagrams/syslog-lab/11-syslog-listener-receiving.png,documentation_assets/evidence/ui-capture/original/syslog-lab/listener-receiving.png,listener-receiving.png,Prefer verified device/state qualifier over sequence suffix; retain proposed extension.,medium,"Lab capture provenance probable, not chain-of-custody confirmed; preserve original regardless of later recreation.",evidence.syslog.listener-receiving
00_book/figures/report/diagrams/syslog-lab/12-syslog-message-detail.png,Cửa sổ chi tiết một bản tin Syslog sau khi được phân tích,00_report/contents/09_thu_nghiem_danh_gia.typ:684 /00_book/figures/report/diagrams/syslog-lab/12-syslog-message-detail.png,documentation_assets/evidence/ui-capture/original/syslog-lab/message-detail.png,message-detail.png,Prefer verified device/state qualifier over sequence suffix; retain proposed extension.,medium,"Lab capture provenance probable, not chain-of-custody confirmed; preserve original regardless of later recreation.",evidence.syslog.message-detail
00_book/figures/report/diagrams/syslog-lab/17-email-alert-settings.png,"Cấu hình mức cảnh báo, tài khoản SMTP và người nhận trên Email Alerts",00_report/contents/09_thu_nghiem_danh_gia.typ:726 /00_book/figures/report/diagrams/syslog-lab/17-email-alert-settings.png,documentation_assets/evidence/ui-capture/original/syslog-lab/email-alert-settings.png,email-alert-settings.png,Prefer verified device/state qualifier over sequence suffix; retain proposed extension.,medium,"Lab capture provenance probable, not chain-of-custody confirmed; preserve original regardless of later recreation.",evidence.syslog.email-alert-settings
00_book/figures/report/diagrams/syslog-lab/18-email-critical.png,Syslog Error severity 3 SW1 email card cropped; current main no longer Critical,No current active reference in inherited graph + main delta.,documentation_assets/evidence/external-tools/original/syslog-lab/email-error-sw1-cropped.png,email-error-sw1-cropped.png,Prefer verified device/state qualifier over sequence suffix; retain proposed extension.,medium,"Main replaced Critical bytes with Error SW1 severity 3 cropped email card. Separate from lv3 full Gmail capture; preserve both, no derivative/duplicate assumption from filenames.",evidence.syslog.email-error-sw1-cropped
00_book/figures/report/diagrams/syslog-lab/19-email-warning.png,Syslog Warning severity 4 R1 email card cropped; SYS-4-USERLOG_WARNING,No current active reference in inherited graph + main delta.,documentation_assets/evidence/external-tools/original/syslog-lab/email-warning-r1-cropped.png,email-warning-r1-cropped.png,Prefer verified device/state qualifier over sequence suffix; retain proposed extension.,medium,"Main replaced email bytes. Separate from lv4 full Gmail screenshot; current report uses lv4, keep both without auto-merge.",evidence.syslog.email-warning-r1-cropped
00_book/figures/report/diagrams/syslog-lab/syslog-lab-topology-report.png,Sơ đồ Kịch bản 4: Thu thập Syslog tập trung,00_report/contents/09_thu_nghiem_danh_gia.typ:528 /00_book/figures/report/diagrams/syslog-lab/syslog-lab-topology-report.png,documentation_assets/diagrams/lab-topology/syslog/centralized-logging-raster.png,centralized-logging-raster.png,Prefer verified device/state qualifier over sequence suffix; retain proposed extension.,medium,Vector/raster pair must remain separate; do not establish derivative relationship by name.,diagrams.lab-topology.syslog.centralized-logging-raster
00_book/figures/report/diagrams/syslog-lab/syslog-lab-topology.svg,syslog-lab-topology,No current active reference in inherited graph + main delta.,documentation_assets/diagrams/lab-topology/syslog/centralized-logging-vector.svg,centralized-logging-vector.svg,Prefer verified device/state qualifier over sequence suffix; retain proposed extension.,medium,Authored SVG describes existing source format; exporter/author identity not established.; Vector/raster pair must remain separate; do not establish derivative relationship by name.,diagrams.lab-topology.syslog.centralized-logging-vector
00_book/figures/report/diagrams/vlan.png,vlan,No current active reference in inherited graph + main delta.,documentation_assets/diagrams/network/vlan-trunk-segmentation.png,vlan-trunk-segmentation.png,Prefer verified device/state qualifier over sequence suffix; retain proposed extension.,high,Subject/source evidence supports domain and semantic filename; preserves unique logical asset.,diagrams.network.vlan-trunk-segmentation
00_report/Tai_lieu_lab/LAB1/1.png,lab-instructions-page-1,No current active reference in inherited graph + main delta.,documentation_assets/evidence/source-material/lab1/lab-overview-and-objectives.png,lab-overview-and-objectives.png,Prefer verified device/state qualifier over sequence suffix; retain proposed extension.,low,Raw document-page content label is provisional; verify heading and source order before assigning final name; never treat orphan as garbage.,source-material.lab1.lab-overview-and-objectives
00_report/Tai_lieu_lab/LAB1/10.png,lab-instructions-page-10,No current active reference in inherited graph + main delta.,documentation_assets/evidence/source-material/lab1/interface-lifecycle-and-validation.png,interface-lifecycle-and-validation.png,Prefer verified device/state qualifier over sequence suffix; retain proposed extension.,low,Raw document-page content label is provisional; verify heading and source order before assigning final name; never treat orphan as garbage.,source-material.lab1.interface-lifecycle-and-validation
00_report/Tai_lieu_lab/LAB1/11.png,lab-instructions-page-11,No current active reference in inherited graph + main delta.,documentation_assets/evidence/source-material/lab1/cli-output-and-result-analysis.png,cli-output-and-result-analysis.png,Prefer verified device/state qualifier over sequence suffix; retain proposed extension.,low,Raw document-page content label is provisional; verify heading and source order before assigning final name; never treat orphan as garbage.,source-material.lab1.cli-output-and-result-analysis
00_report/Tai_lieu_lab/LAB1/12.png,lab-instructions-page-12,No current active reference in inherited graph + main delta.,documentation_assets/evidence/source-material/lab1/results-summary.png,results-summary.png,Prefer verified device/state qualifier over sequence suffix; retain proposed extension.,low,Raw document-page content label is provisional; verify heading and source order before assigning final name; never treat orphan as garbage.,source-material.lab1.results-summary
00_report/Tai_lieu_lab/LAB1/2.png,lab-instructions-page-2,No current active reference in inherited graph + main delta.,documentation_assets/evidence/source-material/lab1/device-access-and-basic-configuration.png,device-access-and-basic-configuration.png,Prefer verified device/state qualifier over sequence suffix; retain proposed extension.,low,Raw document-page content label is provisional; verify heading and source order before assigning final name; never treat orphan as garbage.,source-material.lab1.device-access-and-basic-configuration
00_report/Tai_lieu_lab/LAB1/3.png,lab-instructions-page-3,No current active reference in inherited graph + main delta.,documentation_assets/evidence/source-material/lab1/loopback-and-log-tests.png,loopback-and-log-tests.png,Prefer verified device/state qualifier over sequence suffix; retain proposed extension.,low,Raw document-page content label is provisional; verify heading and source order before assigning final name; never treat orphan as garbage.,source-material.lab1.loopback-and-log-tests
00_report/Tai_lieu_lab/LAB1/4.png,lab-instructions-page-4,No current active reference in inherited graph + main delta.,documentation_assets/evidence/source-material/lab1/interface-configuration-procedure.png,interface-configuration-procedure.png,Prefer verified device/state qualifier over sequence suffix; retain proposed extension.,low,Raw document-page content label is provisional; verify heading and source order before assigning final name; never treat orphan as garbage.,source-material.lab1.interface-configuration-procedure
00_report/Tai_lieu_lab/LAB1/5.png,lab-instructions-page-5,No current active reference in inherited graph + main delta.,documentation_assets/evidence/source-material/lab1/interface-verification-output.png,interface-verification-output.png,Prefer verified device/state qualifier over sequence suffix; retain proposed extension.,low,Raw document-page content label is provisional; verify heading and source order before assigning final name; never treat orphan as garbage.,source-material.lab1.interface-verification-output
00_report/Tai_lieu_lab/LAB1/6.png,lab-instructions-page-6,No current active reference in inherited graph + main delta.,documentation_assets/evidence/source-material/lab1/dhcp-pool-and-acl-procedure.png,dhcp-pool-and-acl-procedure.png,Prefer verified device/state qualifier over sequence suffix; retain proposed extension.,low,Raw document-page content label is provisional; verify heading and source order before assigning final name; never treat orphan as garbage.,source-material.lab1.dhcp-pool-and-acl-procedure
00_report/Tai_lieu_lab/LAB1/7.png,lab-instructions-page-7,No current active reference in inherited graph + main delta.,documentation_assets/evidence/source-material/lab1/service-and-system-log-analysis.png,service-and-system-log-analysis.png,Prefer verified device/state qualifier over sequence suffix; retain proposed extension.,low,Raw document-page content label is provisional; verify heading and source order before assigning final name; never treat orphan as garbage.,source-material.lab1.service-and-system-log-analysis
00_report/Tai_lieu_lab/LAB1/8.png,lab-instructions-page-8,No current active reference in inherited graph + main delta.,documentation_assets/evidence/source-material/lab1/configuration-checks.png,configuration-checks.png,Prefer verified device/state qualifier over sequence suffix; retain proposed extension.,low,Raw document-page content label is provisional; verify heading and source order before assigning final name; never treat orphan as garbage.,source-material.lab1.configuration-checks
00_report/Tai_lieu_lab/LAB1/9.png,lab-instructions-page-9,No current active reference in inherited graph + main delta.,documentation_assets/evidence/source-material/lab1/validation-procedure-continuation.png,validation-procedure-continuation.png,Prefer verified device/state qualifier over sequence suffix; retain proposed extension.,low,Raw document-page content label is provisional; verify heading and source order before assigning final name; never treat orphan as garbage.,source-material.lab1.validation-procedure-continuation
00_report/Tai_lieu_lab/LAB1/ANH_CUA_LAB/1.png,lab-router-switch-management-topology,No current active reference in inherited graph + main delta.,documentation_assets/diagrams/lab-topology/lab1/router-switch-management.png,router-switch-management.png,Prefer verified device/state qualifier over sequence suffix; retain proposed extension.,high,Subject/source evidence supports domain and semantic filename; preserves unique logical asset.,diagrams.lab-topology.lab1.router-switch-management
00_report/Tai_lieu_lab/LAB1/ANH_CUA_LAB/image copy 11.png,l2-security-static-mac-editor,No current active reference in inherited graph + main delta.,documentation_assets/evidence/ui-capture/original/lab1/static-mac-editor.png,static-mac-editor.png,Prefer verified device/state qualifier over sequence suffix; retain proposed extension.,medium,"Lab capture provenance probable, not chain-of-custody confirmed; preserve original regardless of later recreation.",evidence.lab1.static-mac-editor
00_report/Tai_lieu_lab/LAB1/ANH_CUA_LAB/image copy 13.png,system-logs-filtered-messages,No current active reference in inherited graph + main delta.,documentation_assets/evidence/ui-capture/original/lab1/system-logs-filtered.png,system-logs-filtered.png,Prefer verified device/state qualifier over sequence suffix; retain proposed extension.,medium,"Lab capture provenance probable, not chain-of-custody confirmed; preserve original regardless of later recreation.",evidence.lab1.system-logs-filtered
00_report/Tai_lieu_lab/LAB1/ANH_CUA_LAB/image copy 14.png,l2-security-view-push-dialog,No current active reference in inherited graph + main delta.,documentation_assets/evidence/ui-capture/original/lab1/l2-security-view-push-dialog.png,l2-security-view-push-dialog.png,Prefer verified device/state qualifier over sequence suffix; retain proposed extension.,medium,"Lab capture provenance probable, not chain-of-custody confirmed; preserve original regardless of later recreation.",evidence.lab1.l2-security-view-push-dialog
00_report/Tai_lieu_lab/LAB1/ANH_CUA_LAB/image copy 2.png,router-interface-editor,No current active reference in inherited graph + main delta.,documentation_assets/evidence/ui-capture/original/lab1/router-interface-editor.png,router-interface-editor.png,Prefer verified device/state qualifier over sequence suffix; retain proposed extension.,medium,"Lab capture provenance probable, not chain-of-custody confirmed; preserve original regardless of later recreation.",evidence.lab1.router-interface-editor
00_report/Tai_lieu_lab/LAB1/ANH_CUA_LAB/image copy 3.png,dhcp-pool-editor,No current active reference in inherited graph + main delta.,documentation_assets/evidence/ui-capture/original/lab1/dhcp-pool-editor.png,dhcp-pool-editor.png,Prefer verified device/state qualifier over sequence suffix; retain proposed extension.,medium,"Lab capture provenance probable, not chain-of-custody confirmed; preserve original regardless of later recreation.",evidence.lab1.dhcp-pool-editor
00_report/Tai_lieu_lab/LAB1/ANH_CUA_LAB/image copy 4.png,acl-standard-rule-editor,No current active reference in inherited graph + main delta.,documentation_assets/evidence/ui-capture/original/lab1/acl-standard-rule-editor.png,acl-standard-rule-editor.png,Prefer verified device/state qualifier over sequence suffix; retain proposed extension.,medium,"Lab capture provenance probable, not chain-of-custody confirmed; preserve original regardless of later recreation.",evidence.lab1.acl-standard-rule-editor
00_report/Tai_lieu_lab/LAB1/ANH_CUA_LAB/image copy 5.png,l2-security-port-security-editor,No current active reference in inherited graph + main delta.,documentation_assets/evidence/ui-capture/original/lab1/port-security-editor.png,port-security-editor.png,Prefer verified device/state qualifier over sequence suffix; retain proposed extension.,medium,"Lab capture provenance probable, not chain-of-custody confirmed; preserve original regardless of later recreation.",evidence.lab1.port-security-editor
00_report/Tai_lieu_lab/LAB1/ANH_CUA_LAB/image copy 6.png,l2-security-editor-save-result,No current active reference in inherited graph + main delta.,documentation_assets/evidence/ui-capture/original/lab1/l2-security-save-result.png,l2-security-save-result.png,Prefer verified device/state qualifier over sequence suffix; retain proposed extension.,medium,"Lab capture provenance probable, not chain-of-custody confirmed; preserve original regardless of later recreation.",evidence.lab1.l2-security-save-result
00_report/Tai_lieu_lab/LAB1/ANH_CUA_LAB/image copy 7.png,system-logs-receiving-messages,No current active reference in inherited graph + main delta.,documentation_assets/evidence/ui-capture/original/lab1/system-logs-receiving.png,system-logs-receiving.png,Prefer verified device/state qualifier over sequence suffix; retain proposed extension.,medium,"Lab capture provenance probable, not chain-of-custody confirmed; preserve original regardless of later recreation.",evidence.lab1.system-logs-receiving
00_report/Tai_lieu_lab/LAB1/ANH_CUA_LAB/image copy 8.png,l2-security-view-push-overlay,No current active reference in inherited graph + main delta.,documentation_assets/evidence/ui-capture/original/lab1/l2-security-view-push-overlay.png,l2-security-view-push-overlay.png,Prefer verified device/state qualifier over sequence suffix; retain proposed extension.,medium,"Lab capture provenance probable, not chain-of-custody confirmed; preserve original regardless of later recreation.",evidence.lab1.l2-security-view-push-overlay
00_report/Tai_lieu_lab/LAB1/ANH_CUA_LAB/image copy.png,router-interface-physical-settings,No current active reference in inherited graph + main delta.,documentation_assets/evidence/ui-capture/original/lab1/router-physical-interface-settings.png,router-physical-interface-settings.png,Prefer verified device/state qualifier over sequence suffix; retain proposed extension.,medium,"Lab capture provenance probable, not chain-of-custody confirmed; preserve original regardless of later recreation.",evidence.lab1.router-physical-interface-settings
00_report/Tai_lieu_lab/LAB1/ANH_CUA_LAB/image.png,switch-ports-inventory,No current active reference in inherited graph + main delta.,documentation_assets/evidence/ui-capture/original/lab1/switch-port-inventory.png,switch-port-inventory.png,Prefer verified device/state qualifier over sequence suffix; retain proposed extension.,medium,"Lab capture provenance probable, not chain-of-custody confirmed; preserve original regardless of later recreation.",evidence.lab1.switch-port-inventory
00_book/figures/report/diagrams/dhcp-snooping-lab/cams_r1_dhcp_pool.png,r1-dhcp-pool,,documentation_assets/evidence/ui-capture/original/dhcp-snooping-lab/r1-dhcp-pool.png,r1-dhcp-pool.png,Review original state/content/copy lineage; never infer derivative provenance from filenames.,medium,"Inspected current-main delta. CAMS lab UI original, not docshot; preserve capture; new UI recreation is separate and conditional.",evidence.dhcp-snooping-lab.r1-dhcp-pool
00_book/figures/report/diagrams/dhcp-snooping-lab/cams_sw1_l2_push.png,sw1-l2-security-view-push,,documentation_assets/evidence/ui-capture/original/dhcp-snooping-lab/sw1-l2-security-view-push.png,sw1-l2-security-view-push.png,Review original state/content/copy lineage; never infer derivative provenance from filenames.,medium,"Inspected current-main delta. CAMS lab UI original, not docshot; preserve capture; new UI recreation is separate and conditional.",evidence.dhcp-snooping-lab.sw1-l2-security-view-push
00_book/figures/report/diagrams/dhcp-snooping-lab/cams_sw1_ports.png,sw1-port-inventory,,documentation_assets/evidence/ui-capture/original/dhcp-snooping-lab/sw1-port-inventory.png,sw1-port-inventory.png,Review original state/content/copy lineage; never infer derivative provenance from filenames.,medium,"Inspected current-main delta. CAMS lab UI original, not docshot; preserve capture; new UI recreation is separate and conditional.",evidence.dhcp-snooping-lab.sw1-port-inventory
00_book/figures/report/diagrams/dhcp-snooping-lab/cams_sw1_trusted_uplink.png,sw1-trusted-uplink-applied,,documentation_assets/evidence/ui-capture/original/dhcp-snooping-lab/sw1-trusted-uplink-applied.png,sw1-trusted-uplink-applied.png,Review original state/content/copy lineage; never infer derivative provenance from filenames.,medium,"Inspected current-main delta. CAMS lab UI original, not docshot; preserve capture; new UI recreation is separate and conditional.",evidence.dhcp-snooping-lab.sw1-trusted-uplink-applied
00_book/figures/report/diagrams/dhcp-snooping-lab/cams_syslog_dhcp_assign.png,dhcp-assignment-system-logs,,documentation_assets/evidence/ui-capture/original/dhcp-snooping-lab/dhcp-assignment-system-logs.png,dhcp-assignment-system-logs.png,Review original state/content/copy lineage; never infer derivative provenance from filenames.,medium,"Inspected current-main delta. CAMS lab UI original, not docshot; preserve capture; new UI recreation is separate and conditional.",evidence.dhcp-snooping-lab.dhcp-assignment-system-logs
00_book/figures/report/diagrams/dhcp-snooping-lab/topo_dhcp_snooping.png,dhcp-snooping-topology,,documentation_assets/diagrams/lab-topology/dhcp-snooping-lab/dhcp-snooping-topology.png,dhcp-snooping-topology.png,Review original state/content/copy lineage; never infer derivative provenance from filenames.,high,"Inspected current-main delta. Diagram content inspected from topology image or SVG source; independent canonical proposal, preserve current source.",diagrams.dhcp-snooping-lab.dhcp-snooping-topology
00_book/figures/report/diagrams/review-core-erd.svg,core-observed-data-relationships,00_report/contents/07_phan_tich_thiet_ke.typ:163,documentation_assets/diagrams/database/core-observed-data-relationships.svg,core-observed-data-relationships.svg,Review original state/content/copy lineage; never infer derivative provenance from filenames.,high,"Inspected current-main delta. Diagram content inspected from topology image or SVG source; independent canonical proposal, preserve current source.",diagrams.database.core-observed-data-relationships
00_book/figures/report/diagrams/review-syslog-sequence.svg,syslog-processing-sequence,00_report/contents/07_phan_tich_thiet_ke.typ:87,documentation_assets/diagrams/workflow/syslog-processing-sequence.svg,syslog-processing-sequence.svg,Review original state/content/copy lineage; never infer derivative provenance from filenames.,high,"Inspected current-main delta. Diagram content inspected from topology image or SVG source; independent canonical proposal, preserve current source.",diagrams.workflow.syslog-processing-sequence
00_book/figures/report/diagrams/syslog-lab/lv3.png,email-error-sw1-gmail,00_report/contents/09_thu_nghiem_danh_gia.typ:739,documentation_assets/evidence/external-tools/original/syslog-lab/email-error-sw1-gmail.png,email-error-sw1-gmail.png,Review original state/content/copy lineage; never infer derivative provenance from filenames.,high,Full Gmail Syslog email visually inspected and referenced in current report; preserve separately from cropped email card.,evidence.syslog.email-error-sw1-gmail
00_book/figures/report/diagrams/syslog-lab/lv4.png,email-warning-r1-gmail,00_report/contents/09_thu_nghiem_danh_gia.typ:746,documentation_assets/evidence/external-tools/original/syslog-lab/email-warning-r1-gmail.png,email-warning-r1-gmail.png,Review original state/content/copy lineage; never infer derivative provenance from filenames.,high,Full Gmail Syslog email visually inspected and referenced in current report; preserve separately from cropped email card.,evidence.syslog.email-warning-r1-gmail
00_report/Tai_lieu_lab/LAB1/ANH_CUA_LAB/image copy 15.png,sw1-trusted-uplink-editing,,documentation_assets/evidence/ui-capture/original/lab1/sw1-trusted-uplink-editing.png,sw1-trusted-uplink-editing.png,Review original state/content/copy lineage; never infer derivative provenance from filenames.,medium,"Inspected current-main delta. CAMS lab UI original, not docshot; preserve capture; new UI recreation is separate and conditional.",evidence.lab1.sw1-trusted-uplink-editing
00_report/Tai_lieu_lab/LAB1/ANH_CUA_LAB/image copy 16.png,sw1-trusted-uplink-applied,,documentation_assets/evidence/ui-capture/original/lab1/sw1-trusted-uplink-applied.png,sw1-trusted-uplink-applied.png,Review original state/content/copy lineage; never infer derivative provenance from filenames.,medium,"Inspected current-main delta. CAMS lab UI original, not docshot; preserve capture; new UI recreation is separate and conditional.",evidence.lab1.sw1-trusted-uplink-applied
00_report/Tai_lieu_lab/LAB5/ANH_CUA_LAB/12.png,acl-system-logs-full,"00_report/contents/09_kich_ban_5_acl.typ:107
00_report/contents/09_thu_nghiem_danh_gia.typ:861",documentation_assets/evidence/ui-capture/original/lab5/acl-system-logs-full.png,acl-system-logs-full.png,Review original state/content/copy lineage; never infer derivative provenance from filenames.,medium,"Inspected current-main delta. CAMS lab UI original, not docshot; preserve capture; new UI recreation is separate and conditional.",evidence.lab5.acl-system-logs-full
00_report/Tai_lieu_lab/LAB5/ANH_CUA_LAB/13.png,acl-system-logs-filtered,,documentation_assets/evidence/ui-capture/original/lab5/acl-system-logs-filtered.png,acl-system-logs-filtered.png,Review original state/content/copy lineage; never infer derivative provenance from filenames.,medium,"Inspected current-main delta. CAMS lab UI original, not docshot; preserve capture; new UI recreation is separate and conditional.",evidence.lab5.acl-system-logs-filtered
00_report/Tai_lieu_lab/LAB5/ANH_CUA_LAB/14.png,acl-permitted-tcp-message-detail,,documentation_assets/evidence/ui-capture/original/lab5/acl-permitted-tcp-message-detail.png,acl-permitted-tcp-message-detail.png,Review original state/content/copy lineage; never infer derivative provenance from filenames.,medium,"Inspected current-main delta. CAMS lab UI original, not docshot; preserve capture; new UI recreation is separate and conditional.",evidence.lab5.acl-permitted-tcp-message-detail
00_report/Tai_lieu_lab/LAB5/ANH_CUA_LAB/2.png,r1-acl-telnet-deny-editor,,documentation_assets/evidence/ui-capture/original/lab5/r1-acl-telnet-deny-editor.png,r1-acl-telnet-deny-editor.png,Review original state/content/copy lineage; never infer derivative provenance from filenames.,medium,"Inspected current-main delta. CAMS lab UI original, not docshot; preserve capture; new UI recreation is separate and conditional.",evidence.lab5.r1-acl-telnet-deny-editor
00_report/Tai_lieu_lab/LAB5/ANH_CUA_LAB/so_do.png,acl-lab-topology,"00_report/contents/09_kich_ban_5_acl.typ:16
00_report/contents/09_thu_nghiem_danh_gia.typ:770",documentation_assets/diagrams/lab-topology/lab5/acl-lab-topology.png,acl-lab-topology.png,Review original state/content/copy lineage; never infer derivative provenance from filenames.,high,"Inspected current-main delta. Diagram content inspected from topology image or SVG source; independent canonical proposal, preserve current source.",diagrams.lab5.acl-lab-topology
00_report/Tai_lieu_lab/LAB5/image copy 2.png,switching-trunk-verification-page,,documentation_assets/evidence/source-material/lab5/switching-trunk-verification-page.png,switching-trunk-verification-page.png,Review original state/content/copy lineage; never infer derivative provenance from filenames.,low,"Inspected current-main delta. Photographed/scanned source document page, including embedded command excerpts; raw page context retained, not a terminal screenshot or reconstruction. Heading/source order require review.",source-material.lab5.switching-trunk-verification-page
00_report/Tai_lieu_lab/LAB5/image copy 3.png,vtp-vlan-verification-page,,documentation_assets/evidence/source-material/lab5/vtp-vlan-verification-page.png,vtp-vlan-verification-page.png,Review original state/content/copy lineage; never infer derivative provenance from filenames.,low,"Inspected current-main delta. Photographed/scanned source document page, including embedded command excerpts; raw page context retained, not a terminal screenshot or reconstruction. Heading/source order require review.",source-material.lab5.vtp-vlan-verification-page
00_report/Tai_lieu_lab/LAB5/image copy 4.png,vlan-stp-verification-page,,documentation_assets/evidence/source-material/lab5/vlan-stp-verification-page.png,vlan-stp-verification-page.png,Review original state/content/copy lineage; never infer derivative provenance from filenames.,low,"Inspected current-main delta. Photographed/scanned source document page, including embedded command excerpts; raw page context retained, not a terminal screenshot or reconstruction. Heading/source order require review.",source-material.lab5.vlan-stp-verification-page
00_report/Tai_lieu_lab/LAB5/image copy 5.png,stp-dhcp-verification-page,,documentation_assets/evidence/source-material/lab5/stp-dhcp-verification-page.png,stp-dhcp-verification-page.png,Review original state/content/copy lineage; never infer derivative provenance from filenames.,low,"Inspected current-main delta. Photographed/scanned source document page, including embedded command excerpts; raw page context retained, not a terminal screenshot or reconstruction. Heading/source order require review.",source-material.lab5.stp-dhcp-verification-page
00_report/Tai_lieu_lab/LAB5/image copy 6.png,nat-acl-verification-page,,documentation_assets/evidence/source-material/lab5/nat-acl-verification-page.png,nat-acl-verification-page.png,Review original state/content/copy lineage; never infer derivative provenance from filenames.,low,"Inspected current-main delta. Photographed/scanned source document page, including embedded command excerpts; raw page context retained, not a terminal screenshot or reconstruction. Heading/source order require review.",source-material.lab5.nat-acl-verification-page
00_report/Tai_lieu_lab/LAB5/image copy 7.png,acl-traffic-verification-page,,documentation_assets/evidence/source-material/lab5/acl-traffic-verification-page.png,acl-traffic-verification-page.png,Review original state/content/copy lineage; never infer derivative provenance from filenames.,low,"Inspected current-main delta. Photographed/scanned source document page, including embedded command excerpts; raw page context retained, not a terminal screenshot or reconstruction. Heading/source order require review.",source-material.lab5.acl-traffic-verification-page
00_report/Tai_lieu_lab/LAB5/image copy.png,requirements-procedure-page,,documentation_assets/evidence/source-material/lab5/requirements-procedure-page.png,requirements-procedure-page.png,Review original state/content/copy lineage; never infer derivative provenance from filenames.,low,"Inspected current-main delta. Photographed/scanned source document page, including embedded command excerpts; raw page context retained, not a terminal screenshot or reconstruction. Heading/source order require review.",source-material.lab5.requirements-procedure-page
00_report/Tai_lieu_lab/LAB5/image.png,topology-address-plan-page,,documentation_assets/evidence/source-material/lab5/topology-address-plan-page.png,topology-address-plan-page.png,Review original state/content/copy lineage; never infer derivative provenance from filenames.,low,"Inspected current-main delta. Photographed/scanned source document page, including embedded command excerpts; raw page context retained, not a terminal screenshot or reconstruction. Heading/source order require review.",source-material.lab5.topology-address-plan-page
