old_path,asset_id,orphan_disposition,proposed_canonical_path,review_required,delete_allowed,reason,transfer_batch,review_batch,migration_action
00_book/figures/gui/chapter-09/02-hsrp-authentication-timers.png,ui.routing.fhrp.hsrp-authentication-timers,migration-needed,documentation_assets/ui/legacy/routing/fhrp/hsrp-authentication-timers.png,true,false,"Historical generator unknown; legacy placement is documentation role, not assertion of manual capture.",B06,B17,transfer-after-review
00_book/figures/icons/ptit-logo.svg,branding.logos.ptit,migration-needed,documentation_assets/branding/logos/ptit.svg,true,false,Subject/source evidence supports domain and semantic filename; preserves unique logical asset.,B02,B17,transfer-after-review
00_book/figures/report/diagrams/01_pipeline_automation.svg,diagrams.workflow.configuration-automation,migration-needed,documentation_assets/diagrams/workflow/configuration-automation.svg,true,false,Authored SVG describes existing source format; exporter/author identity not established.,B02,B17,transfer-after-review
00_book/figures/report/diagrams/03_cli_modes.svg,diagrams.workflow.cisco-cli-modes,migration-needed,documentation_assets/diagrams/workflow/cisco-cli-modes.svg,true,false,Authored SVG describes existing source format; exporter/author identity not established.,B02,B17,transfer-after-review
00_book/figures/report/diagrams/04_ssh_connection.svg,diagrams.architecture.ssh-session-connection,migration-needed,documentation_assets/diagrams/architecture/ssh-session-connection.svg,true,false,Authored SVG describes existing source format; exporter/author identity not established.,B02,B17,transfer-after-review
00_book/figures/report/diagrams/05_session_lifecycle.svg,diagrams.workflow.device-session-lifecycle,migration-needed,documentation_assets/diagrams/workflow/device-session-lifecycle.svg,true,false,Authored SVG describes existing source format; exporter/author identity not established.,B02,B17,transfer-after-review
00_book/figures/report/diagrams/06_dhcp_dora.svg,diagrams.workflow.dhcp-dora-sequence,migration-needed,documentation_assets/diagrams/workflow/dhcp-dora-sequence.svg,true,false,Authored SVG describes existing source format; exporter/author identity not established.,B02,B17,transfer-after-review
00_book/figures/report/diagrams/07_ospf_area.png,diagrams.network.ospf-multi-area-backbone,migration-needed,documentation_assets/diagrams/network/ospf-multi-area-backbone.png,true,false,Vector/raster pair must remain separate; do not establish derivative relationship by name.,B02,B17,transfer-after-review
00_book/figures/report/diagrams/07_ospf_area.svg,diagrams.network.ospf-area-zero-router-chain,migration-needed,documentation_assets/diagrams/network/ospf-area-zero-router-chain.svg,true,false,Authored SVG describes existing source format; exporter/author identity not established.; Vector/raster pair must remain separate; do not establish derivative relationship by name.,B02,B17,transfer-after-review
00_book/figures/report/diagrams/08_acl_packet_flow.jpg,diagrams.workflow.inbound-acl-tests,migration-needed,documentation_assets/diagrams/workflow/inbound-acl-tests.jpg,true,false,Vector/raster pair must remain separate; do not establish derivative relationship by name.,B02,B17,transfer-after-review
00_book/figures/report/diagrams/08_acl_packet_flow.svg,diagrams.workflow.acl-rule-evaluation,migration-needed,documentation_assets/diagrams/workflow/acl-rule-evaluation.svg,true,false,Authored SVG describes existing source format; exporter/author identity not established.; Vector/raster pair must remain separate; do not establish derivative relationship by name.,B02,B17,transfer-after-review
00_book/figures/report/diagrams/09_nat_pat.svg,diagrams.network.nat-pat-internet-topology,migration-needed,documentation_assets/diagrams/network/nat-pat-internet-topology.svg,true,false,Authored SVG describes existing source format; exporter/author identity not established.,B02,B17,transfer-after-review
00_book/figures/report/diagrams/10_fhrp_gateway.svg,diagrams.network.fhrp-virtual-gateway,migration-needed,documentation_assets/diagrams/network/fhrp-virtual-gateway.svg,true,false,Authored SVG describes existing source format; exporter/author identity not established.,B02,B17,transfer-after-review
00_book/figures/report/diagrams/11_db_schema.svg,diagrams.database.device-entity-relations,migration-needed,documentation_assets/diagrams/database/device-entity-relations.svg,true,false,Authored SVG describes existing source format; exporter/author identity not established.,B02,B17,transfer-after-review
00_book/figures/report/diagrams/12_netmiko_stack.svg,diagrams.architecture.netmiko-ssh-stack,migration-needed,documentation_assets/diagrams/architecture/netmiko-ssh-stack.svg,true,false,Authored SVG describes existing source format; exporter/author identity not established.,B02,B17,transfer-after-review
00_book/figures/report/diagrams/13_qtquick_tree.svg,diagrams.architecture.qtquick-component-tree,migration-needed,documentation_assets/diagrams/architecture/qtquick-component-tree.svg,true,false,Authored SVG describes existing source format; exporter/author identity not established.,B02,B17,transfer-after-review
00_book/figures/report/diagrams/14_qml_signal_slot.svg,diagrams.architecture.qml-python-signal-flow,migration-needed,documentation_assets/diagrams/architecture/qml-python-signal-flow.svg,true,false,Authored SVG describes existing source format; exporter/author identity not established.,B02,B17,transfer-after-review
00_book/figures/report/diagrams/15_ui_thread_workers.svg,diagrams.architecture.ui-thread-worker-dispatch,migration-needed,documentation_assets/diagrams/architecture/ui-thread-worker-dispatch.svg,true,false,Authored SVG describes existing source format; exporter/author identity not established.,B02,B17,transfer-after-review
00_book/figures/report/diagrams/16_host_lock.svg,diagrams.architecture.per-host-session-lock,migration-needed,documentation_assets/diagrams/architecture/per-host-session-lock.svg,true,false,Authored SVG describes existing source format; exporter/author identity not established.,B02,B17,transfer-after-review
00_book/figures/report/diagrams/17_serialize_parallel.svg,diagrams.workflow.per-host-serial-cross-host-parallel,migration-needed,documentation_assets/diagrams/workflow/per-host-serial-cross-host-parallel.svg,true,false,Authored SVG describes existing source format; exporter/author identity not established.,B02,B17,transfer-after-review
00_book/figures/report/diagrams/18_syslog_pipeline.svg,diagrams.workflow.syslog-processing-pipeline,migration-needed,documentation_assets/diagrams/workflow/syslog-processing-pipeline.svg,true,false,Authored SVG describes existing source format; exporter/author identity not established.,B02,B17,transfer-after-review
00_book/figures/report/diagrams/19_testing_flow_a.svg,diagrams.workflow.service-repository-test,migration-needed,documentation_assets/diagrams/workflow/service-repository-test.svg,true,false,Authored SVG describes existing source format; exporter/author identity not established.,B02,B17,transfer-after-review
00_book/figures/report/diagrams/20_testing_flow_b.svg,diagrams.workflow.worker-fake-connector-test,migration-needed,documentation_assets/diagrams/workflow/worker-fake-connector-test.svg,true,false,Authored SVG describes existing source format; exporter/author identity not established.,B02,B17,transfer-after-review
00_book/figures/report/diagrams/21_lab_test_flow.svg,diagrams.workflow.network-lab-verification,migration-needed,documentation_assets/diagrams/workflow/network-lab-verification.svg,true,false,Authored SVG describes existing source format; exporter/author identity not established.,B02,B17,transfer-after-review
00_book/figures/report/diagrams/Etherchannel.jpg,diagrams.network.etherchannel-redundant-uplinks,migration-needed,documentation_assets/diagrams/network/etherchannel-redundant-uplinks.jpg,true,false,Subject/source evidence supports domain and semantic filename; preserves unique logical asset.,B02,B17,transfer-after-review
00_book/figures/report/diagrams/LAB_2.svg,diagrams.lab-topology.routing-ospf.multi-area-branches-vector,migration-needed,documentation_assets/diagrams/lab-topology/routing-ospf/multi-area-branches-vector.svg,true,false,Authored SVG describes existing source format; exporter/author identity not established.; Vector/raster pair must remain separate; do not establish derivative relationship by name.,B02,B17,transfer-after-review
00_book/figures/report/diagrams/STP.jpg,diagrams.network.stp-root-port-election,migration-needed,documentation_assets/diagrams/network/stp-root-port-election.jpg,true,false,Subject/source evidence supports domain and semantic filename; preserves unique logical asset.,B02,B17,transfer-after-review
00_book/figures/report/diagrams/VTP.jpg,diagrams.network.vtp-server-clients,migration-needed,documentation_assets/diagrams/network/vtp-server-clients.jpg,true,false,Subject/source evidence supports domain and semantic filename; preserves unique logical asset.,B02,B17,transfer-after-review
00_book/figures/report/diagrams/dhcp-snooping.jpg,diagrams.network.dhcp-snooping-rogue-server,migration-needed,documentation_assets/diagrams/network/dhcp-snooping-rogue-server.jpg,true,false,Subject/source evidence supports domain and semantic filename; preserves unique logical asset.,B02,B17,transfer-after-review
00_book/figures/report/diagrams/dhcp_dora.png,diagrams.workflow.dhcp-dora-client-server-illustration,migration-needed,documentation_assets/diagrams/workflow/dhcp-dora-client-server-illustration.png,true,false,Subject/source evidence supports domain and semantic filename; preserves unique logical asset.,B02,B17,transfer-after-review
00_book/figures/report/diagrams/fhrp-nat-dhcp-lab/06-nat-interface-verify.png,evidence.fhrp-nat-dhcp.nat-interface-verify,orphan-but-frozen,00_book/figures/report/diagrams/fhrp-nat-dhcp-lab/06-nat-interface-verify.png,false,false,"Phase 2.1 terminal freeze overrides Phase 2 naming/move/reconstruction proposals. Preserve current path, filename, bytes and all references; no-action. Historical reconstructability is not an execution action.",,none,classify-only
00_book/figures/report/diagrams/fhrp-nat-dhcp-lab/07-nat-config-verify.png,evidence.fhrp-nat-dhcp.nat-config-verify,orphan-but-frozen,00_book/figures/report/diagrams/fhrp-nat-dhcp-lab/07-nat-config-verify.png,false,false,"Phase 2.1 terminal freeze overrides Phase 2 naming/move/reconstruction proposals. Preserve current path, filename, bytes and all references; no-action. Historical reconstructability is not an execution action.",,none,classify-only
00_book/figures/report/diagrams/fhrp-nat-dhcp-lab/14-dhcp-glbp-r1-verify.png,evidence.fhrp-nat-dhcp.dhcp-glbp-r1-verify,orphan-but-frozen,00_book/figures/report/diagrams/fhrp-nat-dhcp-lab/14-dhcp-glbp-r1-verify.png,false,false,"Phase 2.1 terminal freeze overrides Phase 2 naming/move/reconstruction proposals. Preserve current path, filename, bytes and all references; no-action. Historical reconstructability is not an execution action.",,none,classify-only
00_book/figures/report/diagrams/fhrp-nat-dhcp-lab/15-glbp-r2-verify.png,evidence.fhrp-nat-dhcp.glbp-r2-verify,orphan-but-frozen,00_book/figures/report/diagrams/fhrp-nat-dhcp-lab/15-glbp-r2-verify.png,false,false,"Phase 2.1 terminal freeze overrides Phase 2 naming/move/reconstruction proposals. Preserve current path, filename, bytes and all references; no-action. Historical reconstructability is not an execution action.",,none,classify-only
00_book/figures/report/diagrams/fhrp-nat-dhcp-lab/16-client-connectivity-test.png,evidence.fhrp-nat-dhcp.client-connectivity-test,orphan-but-frozen,00_book/figures/report/diagrams/fhrp-nat-dhcp-lab/16-client-connectivity-test.png,false,false,"Phase 2.1 terminal freeze overrides Phase 2 naming/move/reconstruction proposals. Preserve current path, filename, bytes and all references; no-action. Historical reconstructability is not an execution action.",,none,classify-only
00_book/figures/report/diagrams/fhrp-nat-dhcp-lab/fhrp-nat-dhcp.svg,diagrams.lab-topology.fhrp-nat-dhcp.glbp-dhcp-pat-vector,migration-needed,documentation_assets/diagrams/lab-topology/fhrp-nat-dhcp/glbp-dhcp-pat-vector.svg,true,false,Authored SVG describes existing source format; exporter/author identity not established.; Vector/raster pair must remain separate; do not establish derivative relationship by name.,B13,B17,transfer-after-review
00_book/figures/report/diagrams/jenkins_pipeline_stages.png,evidence.ci.jenkins-pipeline-stages,orphan-but-preserve,documentation_assets/evidence/external-tools/original/ci/jenkins-pipeline-stages.png,true,false,"Phase 2 taxonomy overlay: Jenkins CI evidence is external tool capture, not device verification.",B16,B17,transfer-after-review
00_book/figures/report/diagrams/lab_4.svg,diagrams.lab-topology.multi-router-branch-routing,migration-needed,documentation_assets/diagrams/lab-topology/multi-router-branch-routing.svg,true,false,Authored SVG describes existing source format; exporter/author identity not established.; Historical lab_4 identifier does not establish scenario purpose; topology name is provisional.,B02,B17,transfer-after-review
00_book/figures/report/diagrams/routing-ospf-lab/12.png,evidence.routing-ospf.multi-router-ospf-running-config,orphan-but-frozen,00_book/figures/report/diagrams/routing-ospf-lab/12.png,false,false,"Phase 2.1 terminal freeze overrides Phase 2 naming/move/reconstruction proposals. Preserve current path, filename, bytes and all references; no-action. Historical reconstructability is not an execution action.",,none,classify-only
00_book/figures/report/diagrams/routing-ospf-lab/13.png,evidence.routing-ospf.r1-process-dark,orphan-but-preserve,documentation_assets/evidence/ui-capture/original/routing-ospf-lab/r1-process-dark.png,true,false,"Lab capture provenance probable, not chain-of-custody confirmed; preserve original regardless of later recreation.",B12,B17,transfer-after-review
00_book/figures/report/diagrams/routing-ospf-lab/15.png,evidence.routing-ospf.r1-view-push-dark,orphan-but-preserve,documentation_assets/evidence/ui-capture/original/routing-ospf-lab/r1-view-push-dark.png,true,false,"Lab capture provenance probable, not chain-of-custody confirmed; preserve original regardless of later recreation.",B12,B17,transfer-after-review
00_book/figures/report/diagrams/routing-ospf-lab/17.png,evidence.routing-ospf.r1-ospf-routing-verification,orphan-but-frozen,00_book/figures/report/diagrams/routing-ospf-lab/17.png,false,false,"Phase 2.1 terminal freeze overrides Phase 2 naming/move/reconstruction proposals. Preserve current path, filename, bytes and all references; no-action. Historical reconstructability is not an execution action.",,none,classify-only
00_book/figures/report/diagrams/routing-ospf-lab/18.png,evidence.routing-ospf.r2-ospf-routing-verification,orphan-but-frozen,00_book/figures/report/diagrams/routing-ospf-lab/18.png,false,false,"Phase 2.1 terminal freeze overrides Phase 2 naming/move/reconstruction proposals. Preserve current path, filename, bytes and all references; no-action. Historical reconstructability is not an execution action.",,none,classify-only
00_book/figures/report/diagrams/routing-ospf-lab/19.png,evidence.routing-ospf.r3-ospf-routing-verification,orphan-but-frozen,00_book/figures/report/diagrams/routing-ospf-lab/19.png,false,false,"Phase 2.1 terminal freeze overrides Phase 2 naming/move/reconstruction proposals. Preserve current path, filename, bytes and all references; no-action. Historical reconstructability is not an execution action.",,none,classify-only
00_book/figures/report/diagrams/routing-ospf-lab/2.png,evidence.routing-ospf.router-interface-editor-dark,orphan-but-preserve,documentation_assets/evidence/ui-capture/original/routing-ospf-lab/router-interface-editor-dark.png,true,false,"Lab capture provenance probable, not chain-of-custody confirmed; preserve original regardless of later recreation.",B12,B17,transfer-after-review
00_book/figures/report/diagrams/routing-ospf-lab/20.png,evidence.routing-ospf.r6-ospf-routing-verification,orphan-but-frozen,00_book/figures/report/diagrams/routing-ospf-lab/20.png,false,false,"Phase 2.1 terminal freeze overrides Phase 2 naming/move/reconstruction proposals. Preserve current path, filename, bytes and all references; no-action. Historical reconstructability is not an execution action.",,none,classify-only
00_book/figures/report/diagrams/routing-ospf-lab/21.png,evidence.routing-ospf.vpc11-ip-configuration,orphan-but-frozen,00_book/figures/report/diagrams/routing-ospf-lab/21.png,false,false,"Phase 2.1 terminal freeze overrides Phase 2 naming/move/reconstruction proposals. Preserve current path, filename, bytes and all references; no-action. Historical reconstructability is not an execution action.",,none,classify-only
00_book/figures/report/diagrams/routing-ospf-lab/22.png,evidence.routing-ospf.vpc12-ip-configuration,orphan-but-frozen,00_book/figures/report/diagrams/routing-ospf-lab/22.png,false,false,"Phase 2.1 terminal freeze overrides Phase 2 naming/move/reconstruction proposals. Preserve current path, filename, bytes and all references; no-action. Historical reconstructability is not an execution action.",,none,classify-only
00_book/figures/report/diagrams/routing-ospf-lab/23.png,evidence.routing-ospf.vpc14-ip-configuration,orphan-but-frozen,00_book/figures/report/diagrams/routing-ospf-lab/23.png,false,false,"Phase 2.1 terminal freeze overrides Phase 2 naming/move/reconstruction proposals. Preserve current path, filename, bytes and all references; no-action. Historical reconstructability is not an execution action.",,none,classify-only
00_book/figures/report/diagrams/routing-ospf-lab/24.png,evidence.routing-ospf.vpc13-ip-configuration,orphan-but-frozen,00_book/figures/report/diagrams/routing-ospf-lab/24.png,false,false,"Phase 2.1 terminal freeze overrides Phase 2 naming/move/reconstruction proposals. Preserve current path, filename, bytes and all references; no-action. Historical reconstructability is not an execution action.",,none,classify-only
00_book/figures/report/diagrams/routing-ospf-lab/25.png,evidence.routing-ospf.vpc11-ping-verification,orphan-but-frozen,00_book/figures/report/diagrams/routing-ospf-lab/25.png,false,false,"Phase 2.1 terminal freeze overrides Phase 2 naming/move/reconstruction proposals. Preserve current path, filename, bytes and all references; no-action. Historical reconstructability is not an execution action.",,none,classify-only
00_book/figures/report/diagrams/routing-ospf-lab/26.png,evidence.routing-ospf.vpc13-ping-verification,orphan-but-frozen,00_book/figures/report/diagrams/routing-ospf-lab/26.png,false,false,"Phase 2.1 terminal freeze overrides Phase 2 naming/move/reconstruction proposals. Preserve current path, filename, bytes and all references; no-action. Historical reconstructability is not an execution action.",,none,classify-only
00_book/figures/report/diagrams/routing-ospf-lab/27.png,evidence.routing-ospf.vpc15-ping-verification,orphan-but-frozen,00_book/figures/report/diagrams/routing-ospf-lab/27.png,false,false,"Phase 2.1 terminal freeze overrides Phase 2 naming/move/reconstruction proposals. Preserve current path, filename, bytes and all references; no-action. Historical reconstructability is not an execution action.",,none,classify-only
00_book/figures/report/diagrams/routing-ospf-lab/3.png,evidence.routing-ospf.router-interface-addresses-dark,orphan-but-preserve,documentation_assets/evidence/ui-capture/original/routing-ospf-lab/router-interface-addresses-dark.png,true,false,"Lab capture provenance probable, not chain-of-custody confirmed; preserve original regardless of later recreation.",B12,B17,transfer-after-review
00_book/figures/report/diagrams/routing-ospf-lab/4.png,evidence.routing-ospf.router-interface-policy-dark,orphan-but-preserve,documentation_assets/evidence/ui-capture/original/routing-ospf-lab/router-interface-policy-dark.png,true,false,"Lab capture provenance probable, not chain-of-custody confirmed; preserve original regardless of later recreation.",B12,B17,transfer-after-review
00_book/figures/report/diagrams/routing-ospf-lab/5.png,evidence.routing-ospf.router-interfaces-inventory-dark,orphan-but-preserve,documentation_assets/evidence/ui-capture/original/routing-ospf-lab/router-interfaces-inventory-dark.png,true,false,"Lab capture provenance probable, not chain-of-custody confirmed; preserve original regardless of later recreation.",B12,B17,transfer-after-review
00_book/figures/report/diagrams/routing-ospf-lab/6.png,evidence.routing-ospf.router-interfaces-selected-dark,orphan-but-preserve,documentation_assets/evidence/ui-capture/original/routing-ospf-lab/router-interfaces-selected-dark.png,true,false,"Lab capture provenance probable, not chain-of-custody confirmed; preserve original regardless of later recreation.",B12,B17,transfer-after-review
00_book/figures/report/diagrams/routing-ospf-lab/7.png,evidence.routing-ospf.router-interface-edit-dark,orphan-but-preserve,documentation_assets/evidence/ui-capture/original/routing-ospf-lab/router-interface-edit-dark.png,true,false,"Lab capture provenance probable, not chain-of-custody confirmed; preserve original regardless of later recreation.",B12,B17,transfer-after-review
00_book/figures/report/diagrams/routing-ospf-lab/8.png,evidence.routing-ospf.router-interface-counters-dark,orphan-but-preserve,documentation_assets/evidence/ui-capture/original/routing-ospf-lab/router-interface-counters-dark.png,true,false,"Lab capture provenance probable, not chain-of-custody confirmed; preserve original regardless of later recreation.",B12,B17,transfer-after-review
00_book/figures/report/diagrams/routing-ospf-lab/9.png,evidence.routing-ospf.router-process-overview-dark,orphan-but-preserve,documentation_assets/evidence/ui-capture/original/routing-ospf-lab/router-process-overview-dark.png,true,false,"Lab capture provenance probable, not chain-of-custody confirmed; preserve original regardless of later recreation.",B12,B17,transfer-after-review
00_book/figures/report/diagrams/switching-lab/1_1.png,evidence.switching.sw1-vlan-ten-access-assignments,orphan-but-preserve,documentation_assets/evidence/ui-capture/original/switching-lab/sw1-vlan-ten-access-assignments.png,true,false,"Lab capture provenance probable, not chain-of-custody confirmed; preserve original regardless of later recreation.; Switching semantic labels use inspected state/device; review against full-resolution original.",B11,B17,transfer-after-review
00_book/figures/report/diagrams/switching-lab/1_10.png,evidence.switching.sw1-trunks-pending-apply,orphan-but-preserve,documentation_assets/evidence/ui-capture/original/switching-lab/sw1-trunks-pending-apply.png,true,false,"Lab capture provenance probable, not chain-of-custody confirmed; preserve original regardless of later recreation.; Switching semantic labels use inspected state/device; review against full-resolution original.",B11,B17,transfer-after-review
00_book/figures/report/diagrams/switching-lab/1_11.png,evidence.switching.sw2-trunks-synchronized,orphan-but-preserve,documentation_assets/evidence/ui-capture/original/switching-lab/sw2-trunks-synchronized.png,true,false,"Lab capture provenance probable, not chain-of-custody confirmed; preserve original regardless of later recreation.; Switching semantic labels use inspected state/device; review against full-resolution original.",B11,B17,transfer-after-review
00_book/figures/report/diagrams/switching-lab/1_12.png,evidence.switching.sw3-trunks-synchronized,orphan-but-preserve,documentation_assets/evidence/ui-capture/original/switching-lab/sw3-trunks-synchronized.png,true,false,"Lab capture provenance probable, not chain-of-custody confirmed; preserve original regardless of later recreation.; Switching semantic labels use inspected state/device; review against full-resolution original.",B11,B17,transfer-after-review
00_book/figures/report/diagrams/switching-lab/1_13.png,evidence.switching.sw4-trunks-synchronized,orphan-but-preserve,documentation_assets/evidence/ui-capture/original/switching-lab/sw4-trunks-synchronized.png,true,false,"Lab capture provenance probable, not chain-of-custody confirmed; preserve original regardless of later recreation.; Switching semantic labels use inspected state/device; review against full-resolution original.",B11,B17,transfer-after-review
00_book/figures/report/diagrams/switching-lab/1_14.png,evidence.switching.sw5-trunks-synchronized,orphan-but-preserve,documentation_assets/evidence/ui-capture/original/switching-lab/sw5-trunks-synchronized.png,true,false,"Lab capture provenance probable, not chain-of-custody confirmed; preserve original regardless of later recreation.; Switching semantic labels use inspected state/device; review against full-resolution original.",B11,B17,transfer-after-review
00_book/figures/report/diagrams/switching-lab/1_15.png,evidence.switching.sw6-trunks-synchronized,orphan-but-preserve,documentation_assets/evidence/ui-capture/original/switching-lab/sw6-trunks-synchronized.png,true,false,"Lab capture provenance probable, not chain-of-custody confirmed; preserve original regardless of later recreation.; Switching semantic labels use inspected state/device; review against full-resolution original.",B11,B17,transfer-after-review
00_book/figures/report/diagrams/switching-lab/1_17.png,evidence.switching.vtp-group-member-policy,orphan-but-preserve,documentation_assets/evidence/ui-capture/original/switching-lab/vtp-group-member-policy.png,true,false,"Lab capture provenance probable, not chain-of-custody confirmed; preserve original regardless of later recreation.; Switching semantic labels use inspected state/device; review against full-resolution original.",B11,B17,transfer-after-review
00_book/figures/report/diagrams/switching-lab/1_18.png,evidence.switching.sw1-vlan-five-access-assignments,orphan-but-preserve,documentation_assets/evidence/ui-capture/original/switching-lab/sw1-vlan-five-access-assignments.png,true,false,"Lab capture provenance probable, not chain-of-custody confirmed; preserve original regardless of later recreation.; Switching semantic labels use inspected state/device; review against full-resolution original.",B11,B17,transfer-after-review
00_book/figures/report/diagrams/switching-lab/1_19.png,evidence.switching.sw1-vlan-data-network-selected,orphan-but-preserve,documentation_assets/evidence/ui-capture/original/switching-lab/sw1-vlan-data-network-selected.png,true,false,"Lab capture provenance probable, not chain-of-custody confirmed; preserve original regardless of later recreation.; Switching semantic labels use inspected state/device; review against full-resolution original.",B11,B17,transfer-after-review
00_book/figures/report/diagrams/switching-lab/1_2.png,evidence.switching.sw1-lacp-port-channel-editing,orphan-but-preserve,documentation_assets/evidence/ui-capture/original/switching-lab/sw1-lacp-port-channel-editing.png,true,false,"Lab capture provenance probable, not chain-of-custody confirmed; preserve original regardless of later recreation.; Switching semantic labels use inspected state/device; review against full-resolution original.",B11,B17,transfer-after-review
00_book/figures/report/diagrams/switching-lab/1_22.png,evidence.switching.trusted-uplinks,orphan-but-preserve,documentation_assets/evidence/ui-capture/original/switching-lab/trusted-uplinks.png,true,false,"Lab capture provenance probable, not chain-of-custody confirmed; preserve original regardless of later recreation.; Switching semantic labels use inspected state/device; review against full-resolution original.",B11,B17,transfer-after-review
00_book/figures/report/diagrams/switching-lab/1_23.png,evidence.switching.l2-security-view-push,orphan-but-preserve,documentation_assets/evidence/ui-capture/original/switching-lab/l2-security-view-push.png,true,false,"Lab capture provenance probable, not chain-of-custody confirmed; preserve original regardless of later recreation.; Switching semantic labels use inspected state/device; review against full-resolution original.",B11,B17,transfer-after-review
00_book/figures/report/diagrams/switching-lab/1_24.png,evidence.switching.port-security-editor,orphan-but-preserve,documentation_assets/evidence/ui-capture/original/switching-lab/port-security-editor.png,true,false,"Lab capture provenance probable, not chain-of-custody confirmed; preserve original regardless of later recreation.; Switching semantic labels use inspected state/device; review against full-resolution original.",B11,B17,transfer-after-review
00_book/figures/report/diagrams/switching-lab/1_26.png,evidence.switching.port-security-configured,orphan-but-preserve,documentation_assets/evidence/ui-capture/original/switching-lab/port-security-configured.png,true,false,"Lab capture provenance probable, not chain-of-custody confirmed; preserve original regardless of later recreation.; Switching semantic labels use inspected state/device; review against full-resolution original.",B11,B17,transfer-after-review
00_book/figures/report/diagrams/switching-lab/1_27.png,evidence.switching.sw1-vtp-status,orphan-but-frozen,00_book/figures/report/diagrams/switching-lab/1_27.png,false,false,"Phase 2.1 terminal freeze overrides Phase 2 naming/move/reconstruction proposals. Preserve current path, filename, bytes and all references; no-action. Historical reconstructability is not an execution action.",,none,classify-only
00_book/figures/report/diagrams/switching-lab/1_28.png,evidence.switching.sw2-vtp-status,orphan-but-frozen,00_book/figures/report/diagrams/switching-lab/1_28.png,false,false,"Phase 2.1 terminal freeze overrides Phase 2 naming/move/reconstruction proposals. Preserve current path, filename, bytes and all references; no-action. Historical reconstructability is not an execution action.",,none,classify-only
00_book/figures/report/diagrams/switching-lab/1_29.png,evidence.switching.sw2-vtp-trunk-verification,orphan-but-frozen,00_book/figures/report/diagrams/switching-lab/1_29.png,false,false,"Phase 2.1 terminal freeze overrides Phase 2 naming/move/reconstruction proposals. Preserve current path, filename, bytes and all references; no-action. Historical reconstructability is not an execution action.",,none,classify-only
00_book/figures/report/diagrams/switching-lab/1_30.png,evidence.switching.multi-switch-etherchannel-verification,orphan-but-frozen,00_book/figures/report/diagrams/switching-lab/1_30.png,false,false,"Phase 2.1 terminal freeze overrides Phase 2 naming/move/reconstruction proposals. Preserve current path, filename, bytes and all references; no-action. Historical reconstructability is not an execution action.",,none,classify-only
00_book/figures/report/diagrams/switching-lab/1_31.png,evidence.switching.sw2-vtp-trunk-alternate-capture,orphan-but-frozen,00_book/figures/report/diagrams/switching-lab/1_31.png,false,false,"Phase 2.1 terminal freeze overrides Phase 2 naming/move/reconstruction proposals. Preserve current path, filename, bytes and all references; no-action. Historical reconstructability is not an execution action.",,none,classify-only
00_book/figures/report/diagrams/switching-lab/1_32.png,evidence.switching.mac-address-table,orphan-but-preserve,documentation_assets/evidence/ui-capture/original/switching-lab/mac-address-table.png,true,false,"Lab capture provenance probable, not chain-of-custody confirmed; preserve original regardless of later recreation.; Switching semantic labels use inspected state/device; review against full-resolution original.",B11,B17,transfer-after-review
00_book/figures/report/diagrams/switching-lab/1_33.png,evidence.switching.sw5-port-security-verification,orphan-but-frozen,00_book/figures/report/diagrams/switching-lab/1_33.png,false,false,"Phase 2.1 terminal freeze overrides Phase 2 naming/move/reconstruction proposals. Preserve current path, filename, bytes and all references; no-action. Historical reconstructability is not an execution action.",,none,classify-only
00_book/figures/report/diagrams/switching-lab/1_4.png,evidence.switching.sw3-lacp-inventory-reloaded,orphan-but-preserve,documentation_assets/evidence/ui-capture/original/switching-lab/sw3-lacp-inventory-reloaded.png,true,false,"Lab capture provenance probable, not chain-of-custody confirmed; preserve original regardless of later recreation.; Switching semantic labels use inspected state/device; review against full-resolution original.",B11,B17,transfer-after-review
00_book/figures/report/diagrams/switching-lab/1_5.png,evidence.switching.sw1-lacp-inventory-reloaded,orphan-but-preserve,documentation_assets/evidence/ui-capture/original/switching-lab/sw1-lacp-inventory-reloaded.png,true,false,"Lab capture provenance probable, not chain-of-custody confirmed; preserve original regardless of later recreation.; Switching semantic labels use inspected state/device; review against full-resolution original.",B11,B17,transfer-after-review
00_book/figures/report/diagrams/switching-lab/1_6.png,evidence.switching.sw3-lacp-later-capture,unresolved,,true,false,"Lab capture provenance probable, not chain-of-custody confirmed; preserve original regardless of later recreation.; Switching semantic labels use inspected state/device; review against full-resolution original.; No verified semantic state difference from the visually similar capture. Hold filename/path rather than append arbitrary sequence. Resolve pair first; do not move this row.",B11,B17,transfer-after-review
00_book/figures/report/diagrams/switching-lab/1_7.png,evidence.switching.sw2-pagp-synchronized,orphan-but-preserve,documentation_assets/evidence/ui-capture/original/switching-lab/sw2-pagp-synchronized.png,true,false,"Lab capture provenance probable, not chain-of-custody confirmed; preserve original regardless of later recreation.; Switching semantic labels use inspected state/device; review against full-resolution original.",B11,B17,transfer-after-review
00_book/figures/report/diagrams/switching-lab/1_8.png,evidence.switching.sw4-pagp-synchronized,orphan-but-preserve,documentation_assets/evidence/ui-capture/original/switching-lab/sw4-pagp-synchronized.png,true,false,"Lab capture provenance probable, not chain-of-custody confirmed; preserve original regardless of later recreation.; Switching semantic labels use inspected state/device; review against full-resolution original.",B11,B17,transfer-after-review
00_book/figures/report/diagrams/switching-lab/1_9.png,evidence.switching.sw1-port-mode-editing,orphan-but-preserve,documentation_assets/evidence/ui-capture/original/switching-lab/sw1-port-mode-editing.png,true,false,"Lab capture provenance probable, not chain-of-custody confirmed; preserve original regardless of later recreation.; Switching semantic labels use inspected state/device; review against full-resolution original.",B11,B17,transfer-after-review
00_book/figures/report/diagrams/syslog-lab/18-email-critical.png,evidence.syslog.email-error-sw1-cropped,orphan-but-preserve,documentation_assets/evidence/external-tools/original/syslog-lab/email-error-sw1-cropped.png,true,false,"Main replaced Critical bytes with Error SW1 severity 3 cropped email card. Separate from lv3 full Gmail capture; preserve both, no derivative/duplicate assumption from filenames.",B14,B17,transfer-after-review
00_book/figures/report/diagrams/syslog-lab/19-email-warning.png,evidence.syslog.email-warning-r1-cropped,orphan-but-preserve,documentation_assets/evidence/external-tools/original/syslog-lab/email-warning-r1-cropped.png,true,false,"Main replaced email bytes. Separate from lv4 full Gmail screenshot; current report uses lv4, keep both without auto-merge.",B14,B17,transfer-after-review
00_book/figures/report/diagrams/syslog-lab/syslog-lab-topology.svg,diagrams.lab-topology.syslog.centralized-logging-vector,migration-needed,documentation_assets/diagrams/lab-topology/syslog/centralized-logging-vector.svg,true,false,Authored SVG describes existing source format; exporter/author identity not established.; Vector/raster pair must remain separate; do not establish derivative relationship by name.,B14,B17,transfer-after-review
00_book/figures/report/diagrams/vlan.png,diagrams.network.vlan-trunk-segmentation,migration-needed,documentation_assets/diagrams/network/vlan-trunk-segmentation.png,true,false,Subject/source evidence supports domain and semantic filename; preserves unique logical asset.,B02,B17,transfer-after-review
00_book/figures/report/misc/cams-screenshot-2026-09-13-18-17-17.png,evidence.project-format.project-package-json-inspection,orphan-but-frozen,00_book/figures/report/misc/cams-screenshot-2026-09-13-18-17-17.png,false,false,"Phase 2.1 terminal freeze overrides Phase 2 naming/move/reconstruction proposals. Preserve current path, filename, bytes and all references; no-action. Historical reconstructability is not an execution action.",,none,classify-only
00_report/Tai_lieu_lab/LAB1/1.png,source-material.lab1.lab-overview-and-objectives,source-material,documentation_assets/evidence/source-material/lab1/lab-overview-and-objectives.png,true,false,Raw document-page content label is provisional; verify heading and source order before assigning final name; never treat orphan as garbage.,B15,B17,transfer-after-review
00_report/Tai_lieu_lab/LAB1/10.png,source-material.lab1.interface-lifecycle-and-validation,source-material,documentation_assets/evidence/source-material/lab1/interface-lifecycle-and-validation.png,true,false,Raw document-page content label is provisional; verify heading and source order before assigning final name; never treat orphan as garbage.,B15,B17,transfer-after-review
00_report/Tai_lieu_lab/LAB1/11.png,source-material.lab1.cli-output-and-result-analysis,source-material,documentation_assets/evidence/source-material/lab1/cli-output-and-result-analysis.png,true,false,Raw document-page content label is provisional; verify heading and source order before assigning final name; never treat orphan as garbage.,B15,B17,transfer-after-review
00_report/Tai_lieu_lab/LAB1/12.png,source-material.lab1.results-summary,source-material,documentation_assets/evidence/source-material/lab1/results-summary.png,true,false,Raw document-page content label is provisional; verify heading and source order before assigning final name; never treat orphan as garbage.,B15,B17,transfer-after-review
00_report/Tai_lieu_lab/LAB1/2.png,source-material.lab1.device-access-and-basic-configuration,source-material,documentation_assets/evidence/source-material/lab1/device-access-and-basic-configuration.png,true,false,Raw document-page content label is provisional; verify heading and source order before assigning final name; never treat orphan as garbage.,B15,B17,transfer-after-review
00_report/Tai_lieu_lab/LAB1/3.png,source-material.lab1.loopback-and-log-tests,source-material,documentation_assets/evidence/source-material/lab1/loopback-and-log-tests.png,true,false,Raw document-page content label is provisional; verify heading and source order before assigning final name; never treat orphan as garbage.,B15,B17,transfer-after-review
00_report/Tai_lieu_lab/LAB1/4.png,source-material.lab1.interface-configuration-procedure,source-material,documentation_assets/evidence/source-material/lab1/interface-configuration-procedure.png,true,false,Raw document-page content label is provisional; verify heading and source order before assigning final name; never treat orphan as garbage.,B15,B17,transfer-after-review
00_report/Tai_lieu_lab/LAB1/5.png,source-material.lab1.interface-verification-output,source-material,documentation_assets/evidence/source-material/lab1/interface-verification-output.png,true,false,Raw document-page content label is provisional; verify heading and source order before assigning final name; never treat orphan as garbage.,B15,B17,transfer-after-review
00_report/Tai_lieu_lab/LAB1/6.png,source-material.lab1.dhcp-pool-and-acl-procedure,source-material,documentation_assets/evidence/source-material/lab1/dhcp-pool-and-acl-procedure.png,true,false,Raw document-page content label is provisional; verify heading and source order before assigning final name; never treat orphan as garbage.,B15,B17,transfer-after-review
00_report/Tai_lieu_lab/LAB1/7.png,source-material.lab1.service-and-system-log-analysis,source-material,documentation_assets/evidence/source-material/lab1/service-and-system-log-analysis.png,true,false,Raw document-page content label is provisional; verify heading and source order before assigning final name; never treat orphan as garbage.,B15,B17,transfer-after-review
00_report/Tai_lieu_lab/LAB1/8.png,source-material.lab1.configuration-checks,source-material,documentation_assets/evidence/source-material/lab1/configuration-checks.png,true,false,Raw document-page content label is provisional; verify heading and source order before assigning final name; never treat orphan as garbage.,B15,B17,transfer-after-review
00_report/Tai_lieu_lab/LAB1/9.png,source-material.lab1.validation-procedure-continuation,source-material,documentation_assets/evidence/source-material/lab1/validation-procedure-continuation.png,true,false,Raw document-page content label is provisional; verify heading and source order before assigning final name; never treat orphan as garbage.,B15,B17,transfer-after-review
00_report/Tai_lieu_lab/LAB1/ANH_CUA_LAB/1.png,diagrams.lab-topology.lab1.router-switch-management,migration-needed,documentation_assets/diagrams/lab-topology/lab1/router-switch-management.png,true,false,Subject/source evidence supports domain and semantic filename; preserves unique logical asset.,B15,B17,transfer-after-review
00_report/Tai_lieu_lab/LAB1/ANH_CUA_LAB/image copy 10.png,evidence.lab1.r2-interface-ip-configuration,orphan-but-frozen,00_report/Tai_lieu_lab/LAB1/ANH_CUA_LAB/image copy 10.png,false,false,"Phase 2.1 terminal freeze overrides Phase 2 naming/move/reconstruction proposals. Preserve current path, filename, bytes and all references; no-action. Historical reconstructability is not an execution action.",,none,classify-only
00_report/Tai_lieu_lab/LAB1/ANH_CUA_LAB/image copy 11.png,evidence.lab1.static-mac-editor,orphan-but-preserve,documentation_assets/evidence/ui-capture/original/lab1/static-mac-editor.png,true,false,"Lab capture provenance probable, not chain-of-custody confirmed; preserve original regardless of later recreation.",B15,B17,transfer-after-review
00_report/Tai_lieu_lab/LAB1/ANH_CUA_LAB/image copy 12.png,evidence.lab1.r2-interface-status,orphan-but-frozen,00_report/Tai_lieu_lab/LAB1/ANH_CUA_LAB/image copy 12.png,false,false,"Phase 2.1 terminal freeze overrides Phase 2 naming/move/reconstruction proposals. Preserve current path, filename, bytes and all references; no-action. Historical reconstructability is not an execution action.",,none,classify-only
00_report/Tai_lieu_lab/LAB1/ANH_CUA_LAB/image copy 13.png,evidence.lab1.system-logs-filtered,orphan-but-preserve,documentation_assets/evidence/ui-capture/original/lab1/system-logs-filtered.png,true,false,"Lab capture provenance probable, not chain-of-custody confirmed; preserve original regardless of later recreation.",B15,B17,transfer-after-review
00_report/Tai_lieu_lab/LAB1/ANH_CUA_LAB/image copy 14.png,evidence.lab1.l2-security-view-push-dialog,orphan-but-preserve,documentation_assets/evidence/ui-capture/original/lab1/l2-security-view-push-dialog.png,true,false,"Lab capture provenance probable, not chain-of-custody confirmed; preserve original regardless of later recreation.",B15,B17,transfer-after-review
00_report/Tai_lieu_lab/LAB1/ANH_CUA_LAB/image copy 2.png,evidence.lab1.router-interface-editor,orphan-but-preserve,documentation_assets/evidence/ui-capture/original/lab1/router-interface-editor.png,true,false,"Lab capture provenance probable, not chain-of-custody confirmed; preserve original regardless of later recreation.",B15,B17,transfer-after-review
00_report/Tai_lieu_lab/LAB1/ANH_CUA_LAB/image copy 3.png,evidence.lab1.dhcp-pool-editor,orphan-but-preserve,documentation_assets/evidence/ui-capture/original/lab1/dhcp-pool-editor.png,true,false,"Lab capture provenance probable, not chain-of-custody confirmed; preserve original regardless of later recreation.",B15,B17,transfer-after-review
00_report/Tai_lieu_lab/LAB1/ANH_CUA_LAB/image copy 4.png,evidence.lab1.acl-standard-rule-editor,orphan-but-preserve,documentation_assets/evidence/ui-capture/original/lab1/acl-standard-rule-editor.png,true,false,"Lab capture provenance probable, not chain-of-custody confirmed; preserve original regardless of later recreation.",B15,B17,transfer-after-review
00_report/Tai_lieu_lab/LAB1/ANH_CUA_LAB/image copy 5.png,evidence.lab1.port-security-editor,orphan-but-preserve,documentation_assets/evidence/ui-capture/original/lab1/port-security-editor.png,true,false,"Lab capture provenance probable, not chain-of-custody confirmed; preserve original regardless of later recreation.",B15,B17,transfer-after-review
00_report/Tai_lieu_lab/LAB1/ANH_CUA_LAB/image copy 6.png,evidence.lab1.l2-security-save-result,orphan-but-preserve,documentation_assets/evidence/ui-capture/original/lab1/l2-security-save-result.png,true,false,"Lab capture provenance probable, not chain-of-custody confirmed; preserve original regardless of later recreation.",B15,B17,transfer-after-review
00_report/Tai_lieu_lab/LAB1/ANH_CUA_LAB/image copy 7.png,evidence.lab1.system-logs-receiving,orphan-but-preserve,documentation_assets/evidence/ui-capture/original/lab1/system-logs-receiving.png,true,false,"Lab capture provenance probable, not chain-of-custody confirmed; preserve original regardless of later recreation.",B15,B17,transfer-after-review
00_report/Tai_lieu_lab/LAB1/ANH_CUA_LAB/image copy 8.png,evidence.lab1.l2-security-view-push-overlay,orphan-but-preserve,documentation_assets/evidence/ui-capture/original/lab1/l2-security-view-push-overlay.png,true,false,"Lab capture provenance probable, not chain-of-custody confirmed; preserve original regardless of later recreation.",B15,B17,transfer-after-review
00_report/Tai_lieu_lab/LAB1/ANH_CUA_LAB/image copy 9.png,evidence.lab1.r1-interface-ip-configuration,orphan-but-frozen,00_report/Tai_lieu_lab/LAB1/ANH_CUA_LAB/image copy 9.png,false,false,"Phase 2.1 terminal freeze overrides Phase 2 naming/move/reconstruction proposals. Preserve current path, filename, bytes and all references; no-action. Historical reconstructability is not an execution action.",,none,classify-only
00_report/Tai_lieu_lab/LAB1/ANH_CUA_LAB/image copy.png,evidence.lab1.router-physical-interface-settings,orphan-but-preserve,documentation_assets/evidence/ui-capture/original/lab1/router-physical-interface-settings.png,true,false,"Lab capture provenance probable, not chain-of-custody confirmed; preserve original regardless of later recreation.",B15,B17,transfer-after-review
00_report/Tai_lieu_lab/LAB1/ANH_CUA_LAB/image.png,evidence.lab1.switch-port-inventory,orphan-but-preserve,documentation_assets/evidence/ui-capture/original/lab1/switch-port-inventory.png,true,false,"Lab capture provenance probable, not chain-of-custody confirmed; preserve original regardless of later recreation.",B15,B17,transfer-after-review
00_book/figures/report/diagrams/dhcp-snooping-lab/cams_r1_dhcp_pool.png,evidence.dhcp-snooping-lab.r1-dhcp-pool,orphan-but-preserve,documentation_assets/evidence/ui-capture/original/dhcp-snooping-lab/r1-dhcp-pool.png,true,false,"Inspected current-main delta. CAMS lab UI original, not docshot; preserve capture; new UI recreation is separate and conditional.",B13,B17,transfer-after-review
00_book/figures/report/diagrams/dhcp-snooping-lab/cams_sw1_l2_push.png,evidence.dhcp-snooping-lab.sw1-l2-security-view-push,orphan-but-preserve,documentation_assets/evidence/ui-capture/original/dhcp-snooping-lab/sw1-l2-security-view-push.png,true,false,"Inspected current-main delta. CAMS lab UI original, not docshot; preserve capture; new UI recreation is separate and conditional.",B13,B17,transfer-after-review
00_book/figures/report/diagrams/dhcp-snooping-lab/cams_sw1_ports.png,evidence.dhcp-snooping-lab.sw1-port-inventory,orphan-but-preserve,documentation_assets/evidence/ui-capture/original/dhcp-snooping-lab/sw1-port-inventory.png,true,false,"Inspected current-main delta. CAMS lab UI original, not docshot; preserve capture; new UI recreation is separate and conditional.",B13,B17,transfer-after-review
00_book/figures/report/diagrams/dhcp-snooping-lab/cams_sw1_trusted_uplink.png,evidence.dhcp-snooping-lab.sw1-trusted-uplink-applied,orphan-but-preserve,documentation_assets/evidence/ui-capture/original/dhcp-snooping-lab/sw1-trusted-uplink-applied.png,true,false,"Inspected current-main delta. CAMS lab UI original, not docshot; preserve capture; new UI recreation is separate and conditional.",B13,B17,transfer-after-review
00_book/figures/report/diagrams/dhcp-snooping-lab/cams_syslog_dhcp_assign.png,evidence.dhcp-snooping-lab.dhcp-assignment-system-logs,orphan-but-preserve,documentation_assets/evidence/ui-capture/original/dhcp-snooping-lab/dhcp-assignment-system-logs.png,true,false,"Inspected current-main delta. CAMS lab UI original, not docshot; preserve capture; new UI recreation is separate and conditional.",B13,B17,transfer-after-review
00_book/figures/report/diagrams/dhcp-snooping-lab/r2_dhcp_success.png,terminal.capture.dhcp-snooping-lab.r2-dhcp-interface-status,orphan-but-frozen,00_book/figures/report/diagrams/dhcp-snooping-lab/r2_dhcp_success.png,false,false,"Inspected current-main delta. Terminal evidence frozen, current path/bytes/reference only; no-action.",,none,classify-only
00_book/figures/report/diagrams/dhcp-snooping-lab/topo_dhcp_snooping.png,diagrams.dhcp-snooping-lab.dhcp-snooping-topology,orphan-but-preserve,documentation_assets/diagrams/lab-topology/dhcp-snooping-lab/dhcp-snooping-topology.png,true,false,"Inspected current-main delta. Diagram content inspected from topology image or SVG source; independent canonical proposal, preserve current source.",B13,B17,transfer-after-review
00_report/Tai_lieu_lab/LAB1/ANH_CUA_LAB/image copy 15.png,evidence.lab1.sw1-trusted-uplink-editing,orphan-but-preserve,documentation_assets/evidence/ui-capture/original/lab1/sw1-trusted-uplink-editing.png,true,false,"Inspected current-main delta. CAMS lab UI original, not docshot; preserve capture; new UI recreation is separate and conditional.",B15,B17,transfer-after-review
00_report/Tai_lieu_lab/LAB1/ANH_CUA_LAB/image copy 16.png,evidence.lab1.sw1-trusted-uplink-applied,orphan-but-preserve,documentation_assets/evidence/ui-capture/original/lab1/sw1-trusted-uplink-applied.png,true,false,"Inspected current-main delta. CAMS lab UI original, not docshot; preserve capture; new UI recreation is separate and conditional.",B15,B17,transfer-after-review
00_report/Tai_lieu_lab/LAB5/ANH_CUA_LAB/10.png,terminal.capture.lab5.vpc8-icmp-permitted,orphan-but-frozen,00_report/Tai_lieu_lab/LAB5/ANH_CUA_LAB/10.png,false,false,"Inspected current-main delta. Terminal evidence frozen, current path/bytes/reference only; no-action.",,none,classify-only
00_report/Tai_lieu_lab/LAB5/ANH_CUA_LAB/11.png,terminal.capture.lab5.vpc9-http-permitted,orphan-but-frozen,00_report/Tai_lieu_lab/LAB5/ANH_CUA_LAB/11.png,false,false,"Inspected current-main delta. Terminal evidence frozen, current path/bytes/reference only; no-action.",,none,classify-only
00_report/Tai_lieu_lab/LAB5/ANH_CUA_LAB/13.png,evidence.lab5.acl-system-logs-filtered,orphan-but-preserve,documentation_assets/evidence/ui-capture/original/lab5/acl-system-logs-filtered.png,true,false,"Inspected current-main delta. CAMS lab UI original, not docshot; preserve capture; new UI recreation is separate and conditional.",B15,B17,transfer-after-review
00_report/Tai_lieu_lab/LAB5/ANH_CUA_LAB/14.png,evidence.lab5.acl-permitted-tcp-message-detail,orphan-but-preserve,documentation_assets/evidence/ui-capture/original/lab5/acl-permitted-tcp-message-detail.png,true,false,"Inspected current-main delta. CAMS lab UI original, not docshot; preserve capture; new UI recreation is separate and conditional.",B15,B17,transfer-after-review
00_report/Tai_lieu_lab/LAB5/ANH_CUA_LAB/2.png,evidence.lab5.r1-acl-telnet-deny-editor,orphan-but-preserve,documentation_assets/evidence/ui-capture/original/lab5/r1-acl-telnet-deny-editor.png,true,false,"Inspected current-main delta. CAMS lab UI original, not docshot; preserve capture; new UI recreation is separate and conditional.",B15,B17,transfer-after-review
00_report/Tai_lieu_lab/LAB5/ANH_CUA_LAB/8.png,terminal.capture.lab5.vpc8-telnet-permitted,orphan-but-frozen,00_report/Tai_lieu_lab/LAB5/ANH_CUA_LAB/8.png,false,false,"Inspected current-main delta. Terminal evidence frozen, current path/bytes/reference only; no-action.",,none,classify-only
00_report/Tai_lieu_lab/LAB5/ANH_CUA_LAB/9.png,terminal.capture.lab5.vpc9-telnet-permitted,orphan-but-frozen,00_report/Tai_lieu_lab/LAB5/ANH_CUA_LAB/9.png,false,false,"Inspected current-main delta. Terminal evidence frozen, current path/bytes/reference only; no-action.",,none,classify-only
00_report/Tai_lieu_lab/LAB5/image copy 2.png,source-material.lab5.switching-trunk-verification-page,source-material,documentation_assets/evidence/source-material/lab5/switching-trunk-verification-page.png,true,false,"Inspected current-main delta. Photographed/scanned source document page, including embedded command excerpts; raw page context retained, not a terminal screenshot or reconstruction. Heading/source order require review.",B15,B17,transfer-after-review
00_report/Tai_lieu_lab/LAB5/image copy 3.png,source-material.lab5.vtp-vlan-verification-page,source-material,documentation_assets/evidence/source-material/lab5/vtp-vlan-verification-page.png,true,false,"Inspected current-main delta. Photographed/scanned source document page, including embedded command excerpts; raw page context retained, not a terminal screenshot or reconstruction. Heading/source order require review.",B15,B17,transfer-after-review
00_report/Tai_lieu_lab/LAB5/image copy 4.png,source-material.lab5.vlan-stp-verification-page,source-material,documentation_assets/evidence/source-material/lab5/vlan-stp-verification-page.png,true,false,"Inspected current-main delta. Photographed/scanned source document page, including embedded command excerpts; raw page context retained, not a terminal screenshot or reconstruction. Heading/source order require review.",B15,B17,transfer-after-review
00_report/Tai_lieu_lab/LAB5/image copy 5.png,source-material.lab5.stp-dhcp-verification-page,source-material,documentation_assets/evidence/source-material/lab5/stp-dhcp-verification-page.png,true,false,"Inspected current-main delta. Photographed/scanned source document page, including embedded command excerpts; raw page context retained, not a terminal screenshot or reconstruction. Heading/source order require review.",B15,B17,transfer-after-review
00_report/Tai_lieu_lab/LAB5/image copy 6.png,source-material.lab5.nat-acl-verification-page,source-material,documentation_assets/evidence/source-material/lab5/nat-acl-verification-page.png,true,false,"Inspected current-main delta. Photographed/scanned source document page, including embedded command excerpts; raw page context retained, not a terminal screenshot or reconstruction. Heading/source order require review.",B15,B17,transfer-after-review
00_report/Tai_lieu_lab/LAB5/image copy 7.png,source-material.lab5.acl-traffic-verification-page,source-material,documentation_assets/evidence/source-material/lab5/acl-traffic-verification-page.png,true,false,"Inspected current-main delta. Photographed/scanned source document page, including embedded command excerpts; raw page context retained, not a terminal screenshot or reconstruction. Heading/source order require review.",B15,B17,transfer-after-review
00_report/Tai_lieu_lab/LAB5/image copy.png,source-material.lab5.requirements-procedure-page,source-material,documentation_assets/evidence/source-material/lab5/requirements-procedure-page.png,true,false,"Inspected current-main delta. Photographed/scanned source document page, including embedded command excerpts; raw page context retained, not a terminal screenshot or reconstruction. Heading/source order require review.",B15,B17,transfer-after-review
00_report/Tai_lieu_lab/LAB5/image.png,source-material.lab5.topology-address-plan-page,source-material,documentation_assets/evidence/source-material/lab5/topology-address-plan-page.png,true,false,"Inspected current-main delta. Photographed/scanned source document page, including embedded command excerpts; raw page context retained, not a terminal screenshot or reconstruction. Heading/source order require review.",B15,B17,transfer-after-review
