current_path,asset_id,asset_class,secondary_tags,terminal_status,migration_role,migration_action,canonical_migration,future_action,sha256,width,height,subject,provenance,provenance_confidence,usage_status,used_by,related_text_sources,text_source_relationship,notes
00_book/figures/report/diagrams/fhrp-nat-dhcp-lab/06-nat-interface-verify.png,evidence.fhrp-nat-dhcp.nat-interface-verify,terminal-evidence,terminal-console,orphan-but-frozen,frozen,classify-only,false,no-action,0720dcfcc7a8e5b6c994d3531d90099d6d10684754df006bd25065e31de4b7df,612,1054,nat-interface-verify,Presumed original experimental capture; chain of custody not independently verified.,medium,orphan,[],[],,Classification only. No move/rename/crop/replace/render/reconstruction/reference rewrite; original paths and bytes frozen.
00_book/figures/report/diagrams/fhrp-nat-dhcp-lab/07-nat-config-verify.png,evidence.fhrp-nat-dhcp.nat-config-verify,terminal-evidence,terminal-console,orphan-but-frozen,frozen,classify-only,false,no-action,5e8e630d1e29980bb5e517108e14486bbe83734bd9aa03704b5276aceefeb6eb,966,250,nat-config-verify,Presumed original experimental capture; chain of custody not independently verified.,medium,orphan,[],[],,Classification only. No move/rename/crop/replace/render/reconstruction/reference rewrite; original paths and bytes frozen.
00_book/figures/report/diagrams/fhrp-nat-dhcp-lab/14-dhcp-glbp-r1-verify.png,evidence.fhrp-nat-dhcp.dhcp-glbp-r1-verify,terminal-evidence,terminal-console,orphan-but-frozen,frozen,classify-only,false,no-action,0d664b402e1c4404aa4454792942d9e4ad8140bc30f3535644bc45ac5b709d7c,1920,1053,dhcp-glbp-r1-verify,Presumed original experimental capture; chain of custody not independently verified.,medium,orphan,[],[],,Classification only. No move/rename/crop/replace/render/reconstruction/reference rewrite; original paths and bytes frozen.
00_book/figures/report/diagrams/fhrp-nat-dhcp-lab/15-glbp-r2-verify.png,evidence.fhrp-nat-dhcp.glbp-r2-verify,terminal-evidence,terminal-console,orphan-but-frozen,frozen,classify-only,false,no-action,40ce025beda153157589bf0d6d8086a212b5db3c5f100dfc78be7a25ece0c805,1920,905,glbp-r2-verify,Presumed original experimental capture; chain of custody not independently verified.,medium,orphan,[],[],,Classification only. No move/rename/crop/replace/render/reconstruction/reference rewrite; original paths and bytes frozen.
00_book/figures/report/diagrams/fhrp-nat-dhcp-lab/16-client-connectivity-test.png,evidence.fhrp-nat-dhcp.client-connectivity-test,terminal-evidence,terminal-console,orphan-but-frozen,frozen,classify-only,false,no-action,7717d1dd21db8ed67104f75e6978ef928018c87699fe6bc2de19199bf6a0f3c0,1359,751,client-connectivity-test,Presumed original experimental capture; chain of custody not independently verified.,medium,orphan,[],[],,Classification only. No move/rename/crop/replace/render/reconstruction/reference rewrite; original paths and bytes frozen.
00_book/figures/report/diagrams/routing-ospf-lab/12.png,evidence.routing-ospf.multi-router-ospf-running-config,terminal-evidence,terminal-console,orphan-but-frozen,frozen,classify-only,false,no-action,b272ce9f5c1a3ec87febcfc2414f2fc7eb7578eb674ce5e877e852dd5360be4e,2560,1556,multi-router-ospf-running-config,Presumed original experimental capture; chain of custody not independently verified.,medium,orphan,[],[],,Classification only. No move/rename/crop/replace/render/reconstruction/reference rewrite; original paths and bytes frozen.
00_book/figures/report/diagrams/routing-ospf-lab/17.png,evidence.routing-ospf.r1-ospf-routing-verification,terminal-evidence,terminal-console,orphan-but-frozen,frozen,classify-only,false,no-action,5740dd739ba8407f8346d490a777b2ff8e53dfef5734ecb549a0b72c5bb2deeb,2560,1600,r1-ospf-routing-verification,Presumed original experimental capture; chain of custody not independently verified.,medium,orphan,[],[],,Classification only. No move/rename/crop/replace/render/reconstruction/reference rewrite; original paths and bytes frozen.
00_book/figures/report/diagrams/routing-ospf-lab/18.png,evidence.routing-ospf.r2-ospf-routing-verification,terminal-evidence,terminal-console,orphan-but-frozen,frozen,classify-only,false,no-action,83aecc39dce6a550f5163fdd43d394ae2f97d3874e324bf771552d939a312e28,2560,1600,r2-ospf-routing-verification,Presumed original experimental capture; chain of custody not independently verified.,medium,orphan,[],[],,Classification only. No move/rename/crop/replace/render/reconstruction/reference rewrite; original paths and bytes frozen.
00_book/figures/report/diagrams/routing-ospf-lab/19.png,evidence.routing-ospf.r3-ospf-routing-verification,terminal-evidence,terminal-console,orphan-but-frozen,frozen,classify-only,false,no-action,107a14881202c7369470e01d2f6b8bd6016a4712c5f8758ac18a93cf6cb58cfe,2560,1600,r3-ospf-routing-verification,Presumed original experimental capture; chain of custody not independently verified.,medium,orphan,[],[],,Classification only. No move/rename/crop/replace/render/reconstruction/reference rewrite; original paths and bytes frozen.
00_book/figures/report/diagrams/routing-ospf-lab/20.png,evidence.routing-ospf.r6-ospf-routing-verification,terminal-evidence,terminal-console,orphan-but-frozen,frozen,classify-only,false,no-action,97434d4df89d72e95f691186de48b5b906de4aa0a26b9c89296b22f29deb72ec,2560,1600,r6-ospf-routing-verification,Presumed original experimental capture; chain of custody not independently verified.,medium,orphan,[],[],,Classification only. No move/rename/crop/replace/render/reconstruction/reference rewrite; original paths and bytes frozen.
00_book/figures/report/diagrams/routing-ospf-lab/21.png,evidence.routing-ospf.vpc11-ip-configuration,terminal-evidence,terminal-console,orphan-but-frozen,frozen,classify-only,false,no-action,d9042a3b90c9d6a95837e60061ecc573f27571e5989e2d84474d3e1615a72826,973,708,vpc11-ip-configuration,Presumed original experimental capture; chain of custody not independently verified.,medium,orphan,[],[],,Classification only. No move/rename/crop/replace/render/reconstruction/reference rewrite; original paths and bytes frozen.
00_book/figures/report/diagrams/routing-ospf-lab/22.png,evidence.routing-ospf.vpc12-ip-configuration,terminal-evidence,terminal-console,orphan-but-frozen,frozen,classify-only,false,no-action,b7c9b4ede430cfd8c4feb2df0852578666d8722692fff048d7181f94d4b4d364,980,716,vpc12-ip-configuration,Presumed original experimental capture; chain of custody not independently verified.,medium,orphan,[],[],,Classification only. No move/rename/crop/replace/render/reconstruction/reference rewrite; original paths and bytes frozen.
00_book/figures/report/diagrams/routing-ospf-lab/23.png,evidence.routing-ospf.vpc14-ip-configuration,terminal-evidence,terminal-console,orphan-but-frozen,frozen,classify-only,false,no-action,ea865b77d3e98ce51a790e052ae144ba0db641fc6dd44de30c7993a4f5dc194f,981,718,vpc14-ip-configuration,Presumed original experimental capture; chain of custody not independently verified.,medium,orphan,[],[],,Classification only. No move/rename/crop/replace/render/reconstruction/reference rewrite; original paths and bytes frozen.
00_book/figures/report/diagrams/routing-ospf-lab/24.png,evidence.routing-ospf.vpc13-ip-configuration,terminal-evidence,terminal-console,orphan-but-frozen,frozen,classify-only,false,no-action,4c0fa44c496407b5ae45c92c912cdbc02faf7f0680f01ed6f7c1eb560acbc0f0,984,744,vpc13-ip-configuration,Presumed original experimental capture; chain of custody not independently verified.,medium,orphan,[],[],,Classification only. No move/rename/crop/replace/render/reconstruction/reference rewrite; original paths and bytes frozen.
00_book/figures/report/diagrams/routing-ospf-lab/25.png,evidence.routing-ospf.vpc11-ping-verification,terminal-evidence,terminal-console,orphan-but-frozen,frozen,classify-only,false,no-action,b02fb1c18aa7fc90487beb819f396cc6730105736db55f1869d30ebdaeef576f,974,706,vpc11-ping-verification,Presumed original experimental capture; chain of custody not independently verified.,medium,orphan,[],[],,Classification only. No move/rename/crop/replace/render/reconstruction/reference rewrite; original paths and bytes frozen.
00_book/figures/report/diagrams/routing-ospf-lab/26.png,evidence.routing-ospf.vpc13-ping-verification,terminal-evidence,terminal-console,orphan-but-frozen,frozen,classify-only,false,no-action,a412334fc16be88e9703b6bfd4d23963609c59b3ace60b9d315566a73ddb38e1,980,720,vpc13-ping-verification,Presumed original experimental capture; chain of custody not independently verified.,medium,orphan,[],[],,Classification only. No move/rename/crop/replace/render/reconstruction/reference rewrite; original paths and bytes frozen.
00_book/figures/report/diagrams/routing-ospf-lab/27.png,evidence.routing-ospf.vpc15-ping-verification,terminal-evidence,terminal-console,orphan-but-frozen,frozen,classify-only,false,no-action,99b8ade3d63eab26aeb7a9db47c0147f5b40ba5d6a5c6732969af4f81fe2b587,992,726,vpc15-ping-verification,Presumed original experimental capture; chain of custody not independently verified.,medium,orphan,[],[],,Classification only. No move/rename/crop/replace/render/reconstruction/reference rewrite; original paths and bytes frozen.
00_book/figures/report/diagrams/switching-lab/1_27.png,evidence.switching.sw1-vtp-status,terminal-evidence,terminal-console,orphan-but-frozen,frozen,classify-only,false,no-action,1f79031317db8da9f975d4a0a998c21ffda69b94c268413d87bc80837ec8cb90,1483,1600,sw1-vtp-status,Presumed original experimental capture; chain of custody not independently verified.,medium,orphan,[],[],,Classification only. No move/rename/crop/replace/render/reconstruction/reference rewrite; original paths and bytes frozen.
00_book/figures/report/diagrams/switching-lab/1_28.png,evidence.switching.sw2-vtp-status,terminal-evidence,terminal-console,orphan-but-frozen,frozen,classify-only,false,no-action,463ed3e658fe587992fe294d4916b7d9d3f8c0e78341c0009733b1d9bf878b66,1408,1600,sw2-vtp-status,Presumed original experimental capture; chain of custody not independently verified.,medium,orphan,[],[],,Classification only. No move/rename/crop/replace/render/reconstruction/reference rewrite; original paths and bytes frozen.
00_book/figures/report/diagrams/switching-lab/1_29.png,evidence.switching.sw2-vtp-trunk-verification,terminal-evidence,terminal-console,orphan-but-frozen,frozen,classify-only,false,no-action,591d4f7cfae450a62e8be1a282982243b92d5253590df9ea41a61bb79a1054a7,982,1600,sw2-vtp-trunk-verification,Presumed original experimental capture; chain of custody not independently verified.,medium,orphan,[],[],,Classification only. No move/rename/crop/replace/render/reconstruction/reference rewrite; original paths and bytes frozen.
00_book/figures/report/diagrams/switching-lab/1_30.png,evidence.switching.multi-switch-etherchannel-verification,terminal-evidence,terminal-console,orphan-but-frozen,frozen,classify-only,false,no-action,45d6530be20d713fb6799e9d88774fa1c994b27b3a1fbe6be10b72832c7f7819,1092,1600,multi-switch-etherchannel-verification,Presumed original experimental capture; chain of custody not independently verified.,medium,orphan,[],[],,Classification only. No move/rename/crop/replace/render/reconstruction/reference rewrite; original paths and bytes frozen.
00_book/figures/report/diagrams/switching-lab/1_31.png,evidence.switching.sw2-vtp-trunk-alternate-capture,terminal-evidence,terminal-console,orphan-but-frozen,frozen,classify-only,false,no-action,1787137221051cd6e779ab1ec538d5cb41dd38c4f130273ad5b8dfeae335f523,980,1600,sw2-vtp-trunk-alternate-capture,Presumed original experimental capture; chain of custody not independently verified.,medium,orphan,[],[],,Classification only. No move/rename/crop/replace/render/reconstruction/reference rewrite; original paths and bytes frozen.
00_book/figures/report/diagrams/switching-lab/1_33.png,evidence.switching.sw5-port-security-verification,terminal-evidence,terminal-console,orphan-but-frozen,frozen,classify-only,false,no-action,82ab183bf8cdc3a9d10a5182bbbd731d33be8d1621f4d8ecdce504f186a72226,1481,809,sw5-port-security-verification,Presumed original experimental capture; chain of custody not independently verified.,medium,orphan,[],[],,Classification only. No move/rename/crop/replace/render/reconstruction/reference rewrite; original paths and bytes frozen.
00_book/figures/report/diagrams/syslog-lab/06-syslog-r1-verify.png,evidence.syslog.r1-verify,terminal-evidence,terminal-console,historical-terminal-capture,frozen,classify-only,false,no-action,e464fb805a52d0dff05099a045e896136ab1c49e58cd35f315996c08dc2ec795,1920,462,r1-verify,Presumed original experimental capture; chain of custody not independently verified.,medium,used,"[{""source_document"": ""00_report/contents/09_thu_nghiem_danh_gia.typ"", ""line"": 638, ""reference"": ""/00_book/figures/report/diagrams/syslog-lab/06-syslog-r1-verify.png""}]",[],,Classification only. No move/rename/crop/replace/render/reconstruction/reference rewrite; original paths and bytes frozen.
00_book/figures/report/diagrams/syslog-lab/07-syslog-r2-verify.png,evidence.syslog.r2-verify,terminal-evidence,terminal-console,historical-terminal-capture,frozen,classify-only,false,no-action,475b3a652fd8f872d89b053e40122b032d6aad4c2b6633432aca27b544feb44f,1920,462,r2-verify,Presumed original experimental capture; chain of custody not independently verified.,medium,used,"[{""source_document"": ""00_report/contents/09_thu_nghiem_danh_gia.typ"", ""line"": 643, ""reference"": ""/00_book/figures/report/diagrams/syslog-lab/07-syslog-r2-verify.png""}]",[],,Classification only. No move/rename/crop/replace/render/reconstruction/reference rewrite; original paths and bytes frozen.
00_book/figures/report/diagrams/syslog-lab/08-syslog-r3-verify.png,evidence.syslog.r3-verify,terminal-evidence,terminal-console,historical-terminal-capture,frozen,classify-only,false,no-action,50dc89bb8e87624ab477e260cfe93c4ff445208ebb04979818d51827fd854250,1920,462,r3-verify,Presumed original experimental capture; chain of custody not independently verified.,medium,used,"[{""source_document"": ""00_report/contents/09_thu_nghiem_danh_gia.typ"", ""line"": 648, ""reference"": ""/00_book/figures/report/diagrams/syslog-lab/08-syslog-r3-verify.png""}]",[],,Classification only. No move/rename/crop/replace/render/reconstruction/reference rewrite; original paths and bytes frozen.
00_book/figures/report/diagrams/syslog-lab/09-syslog-sw1-verify.png,evidence.syslog.sw1-verify,terminal-evidence,terminal-console,historical-terminal-capture,frozen,classify-only,false,no-action,bd0e98a6c516845e809b04173228114abc6450ed48dc7c5ef775739cf494311f,1920,462,sw1-verify,Presumed original experimental capture; chain of custody not independently verified.,medium,used,"[{""source_document"": ""00_report/contents/09_thu_nghiem_danh_gia.typ"", ""line"": 655, ""reference"": ""/00_book/figures/report/diagrams/syslog-lab/09-syslog-sw1-verify.png""}]",[],,Classification only. No move/rename/crop/replace/render/reconstruction/reference rewrite; original paths and bytes frozen.
00_book/figures/report/diagrams/syslog-lab/13-syslog-r1-device-logs.png,evidence.syslog.r1-device-logs,syslog-evidence,terminal-console;syslog-log-evidence,historical-terminal-capture,frozen,classify-only,false,no-action,e675147f607b1798c993af00025e8655f3822035d7f02c7bb085fbdb4e7a8acf,1920,1045,r1-device-logs,Presumed original experimental capture; chain of custody not independently verified.,medium,used,"[{""source_document"": ""00_report/contents/09_thu_nghiem_danh_gia.typ"", ""line"": 700, ""reference"": ""/00_book/figures/report/diagrams/syslog-lab/13-syslog-r1-device-logs.png""}]",[],,Classification only. No move/rename/crop/replace/render/reconstruction/reference rewrite; original paths and bytes frozen.
00_book/figures/report/diagrams/syslog-lab/14-syslog-r2-device-logs.png,evidence.syslog.r2-device-logs,syslog-evidence,terminal-console;syslog-log-evidence,historical-terminal-capture,frozen,classify-only,false,no-action,3f37e39c36cc4be8fc0c0b48a99a5e33a6e67243d6d6fada5bb416bcc527e572,1920,1045,r2-device-logs,Presumed original experimental capture; chain of custody not independently verified.,medium,used,"[{""source_document"": ""00_report/contents/09_thu_nghiem_danh_gia.typ"", ""line"": 705, ""reference"": ""/00_book/figures/report/diagrams/syslog-lab/14-syslog-r2-device-logs.png""}]",[],,Classification only. No move/rename/crop/replace/render/reconstruction/reference rewrite; original paths and bytes frozen.
00_book/figures/report/diagrams/syslog-lab/15-syslog-r3-device-logs.png,evidence.syslog.r3-device-logs,syslog-evidence,terminal-console;syslog-log-evidence,historical-terminal-capture,frozen,classify-only,false,no-action,7cdb3559149de2d91bd8a0392834a42a109a002a29433c79eedebb36d19f5ea4,1920,1045,r3-device-logs,Presumed original experimental capture; chain of custody not independently verified.,medium,used,"[{""source_document"": ""00_report/contents/09_thu_nghiem_danh_gia.typ"", ""line"": 710, ""reference"": ""/00_book/figures/report/diagrams/syslog-lab/15-syslog-r3-device-logs.png""}]",[],,Classification only. No move/rename/crop/replace/render/reconstruction/reference rewrite; original paths and bytes frozen.
00_book/figures/report/diagrams/syslog-lab/16-syslog-sw1-device-logs.png,evidence.syslog.sw1-device-logs,syslog-evidence,terminal-console;syslog-log-evidence,historical-terminal-capture,frozen,classify-only,false,no-action,b95109940a7f52aa47823daf57eb5b60c086c420ae83cb2ee6fd4c422c6d4e16,1920,1045,sw1-device-logs,Presumed original experimental capture; chain of custody not independently verified.,medium,used,"[{""source_document"": ""00_report/contents/09_thu_nghiem_danh_gia.typ"", ""line"": 715, ""reference"": ""/00_book/figures/report/diagrams/syslog-lab/16-syslog-sw1-device-logs.png""}]",[],,Classification only. No move/rename/crop/replace/render/reconstruction/reference rewrite; original paths and bytes frozen.
00_book/figures/report/misc/cams-screenshot-2026-09-13-18-17-17.png,evidence.project-format.project-package-json-inspection,terminal-evidence,terminal-console,orphan-but-frozen,frozen,classify-only,false,no-action,6959c9797d52630233fec989d45ddfe8f119e65b855675f6e8c6f50974163061,823,1049,project-package-json-inspection,Presumed original experimental capture; chain of custody not independently verified.,medium,orphan,[],[],,Classification only. No move/rename/crop/replace/render/reconstruction/reference rewrite; original paths and bytes frozen.
00_book/figures/report/misc/xxd-ntp.png,evidence.project-format.encrypted-package-hex-header,terminal-evidence,terminal-console,historical-terminal-capture,frozen,classify-only,false,no-action,c373623ed7f3f94e1896f6fe79885bb2b08a8d1bf8d9e4f834d42a849fa575b8,990,853,encrypted-package-hex-header,Presumed original experimental capture; chain of custody not independently verified.,medium,used,"[{""source_document"": ""00_report/contents/08_xay_dung_phan_mem.typ"", ""line"": 131, ""reference"": ""/00_book/figures/report/misc/xxd-ntp.png""}]",[],,Classification only. No move/rename/crop/replace/render/reconstruction/reference rewrite; original paths and bytes frozen.
00_report/Tai_lieu_lab/LAB1/ANH_CUA_LAB/image copy 10.png,evidence.lab1.r2-interface-ip-configuration,terminal-evidence,terminal-console,orphan-but-frozen,frozen,classify-only,false,no-action,d55b18190588ee09255251eedc63a7e1a99baf3021b0baa6846df8978b002376,1072,850,r2-interface-ip-configuration,Presumed original experimental capture; chain of custody not independently verified.,medium,orphan,[],[],,Classification only. No move/rename/crop/replace/render/reconstruction/reference rewrite; original paths and bytes frozen.
00_report/Tai_lieu_lab/LAB1/ANH_CUA_LAB/image copy 12.png,evidence.lab1.r2-interface-status,terminal-evidence,terminal-console,orphan-but-frozen,frozen,classify-only,false,no-action,ab8aded7672c08b97c0643bdd1791c26ed3fa64b01feb03a4ae3cc1c8a86371b,1066,244,r2-interface-status,Presumed original experimental capture; chain of custody not independently verified.,medium,orphan,[],[],,Classification only. No move/rename/crop/replace/render/reconstruction/reference rewrite; original paths and bytes frozen.
00_report/Tai_lieu_lab/LAB1/ANH_CUA_LAB/image copy 9.png,evidence.lab1.r1-interface-ip-configuration,terminal-evidence,terminal-console,orphan-but-frozen,frozen,classify-only,false,no-action,3171f3d24cd65e8f1cade8d7e6710be77c4c158d2c395cb1e112ff8bc29bbb94,1058,861,r1-interface-ip-configuration,Presumed original experimental capture; chain of custody not independently verified.,medium,orphan,[],[],,Classification only. No move/rename/crop/replace/render/reconstruction/reference rewrite; original paths and bytes frozen.
00_book/figures/report/diagrams/dhcp-snooping-lab/r2_dhcp_success.png,terminal.capture.dhcp-snooping-lab.r2-dhcp-interface-status,terminal-evidence,terminal-console,orphan-but-frozen,frozen,classify-only,false,no-action,ab8aded7672c08b97c0643bdd1791c26ed3fa64b01feb03a4ae3cc1c8a86371b,1066,244,r2-dhcp-interface-status,current-main addition; inspected content and surrounding ACL lab/report where present; exact capture/export lineage unknown,medium,orphan,[],[],,Classification only. No move/rename/crop/replace/render/reconstruction/reference rewrite; original paths and bytes frozen.
00_book/figures/report/terminal-generated/nat-config.png,terminal.current.nat-config,terminal-evidence,terminal-console,current-terminal-generated,frozen,classify-only,false,no-action,a13d450801edf31bcd155f56bd320059e0bf605aa5abb5be21a69d62171ba380,2813,854,nat-config,main commit 8c657f3 + term2png.py + terminal_sources; exact render invocation/chain of custody not established,medium,used,"[{""source_document"": ""00_report/contents/09_thu_nghiem_danh_gia.typ"", ""line"": 435, ""reference"": ""/00_book/figures/report/terminal-generated/nat-config.png""}]","[""00_report/terminal_sources/nat-config.txt""]",same-stem/current-main provenance; exact command not established,Classification only. No move/rename/crop/replace/render/reconstruction/reference rewrite; original paths and bytes frozen.
00_book/figures/report/terminal-generated/nat-interfaces.png,terminal.current.nat-interfaces,terminal-evidence,terminal-console,current-terminal-generated,frozen,classify-only,false,no-action,12b43b7024fa4b6f6d3418a3cbf6c6ceba3978db7ad15d12709d93253cf1c407,2254,2973,nat-interfaces,main commit 8c657f3 + term2png.py + terminal_sources; exact render invocation/chain of custody not established,medium,used,"[{""source_document"": ""00_report/contents/09_thu_nghiem_danh_gia.typ"", ""line"": 428, ""reference"": ""/00_book/figures/report/terminal-generated/nat-interfaces.png""}]","[""00_report/terminal_sources/nat-interfaces.txt""]",same-stem/current-main provenance; exact command not established,Classification only. No move/rename/crop/replace/render/reconstruction/reference rewrite; original paths and bytes frozen.
00_book/figures/report/terminal-generated/ospf-isp1.png,terminal.current.ospf-isp1,terminal-evidence,terminal-console,current-terminal-generated,frozen,classify-only,false,no-action,9e9e157e803a17dc3eb36bdd17d36f896a26a144a661a1346e39955f1e4af5d3,2251,932,ospf-isp1,main commit 8c657f3 + term2png.py + terminal_sources; exact render invocation/chain of custody not established,medium,possibly-used,[],"[""00_report/terminal_sources/ospf-isp1.txt""]",same-stem/current-main provenance; exact command not established,Classification only. No move/rename/crop/replace/render/reconstruction/reference rewrite; original paths and bytes frozen.
00_book/figures/report/terminal-generated/ospf-isp2.png,terminal.current.ospf-isp2,terminal-evidence,terminal-console,current-terminal-generated,frozen,classify-only,false,no-action,1494b2197db662992c8c879178cee59d9c42523902345df410dfe6816ef59178,2263,932,ospf-isp2,main commit 8c657f3 + term2png.py + terminal_sources; exact render invocation/chain of custody not established,medium,possibly-used,[],"[""00_report/terminal_sources/ospf-isp2.txt""]",same-stem/current-main provenance; exact command not established,Classification only. No move/rename/crop/replace/render/reconstruction/reference rewrite; original paths and bytes frozen.
00_book/figures/report/terminal-generated/ospf-r1.png,terminal.current.ospf-r1,terminal-evidence,terminal-console,current-terminal-generated,frozen,classify-only,false,no-action,2c1d830c0e2ab8478dad2a180cbb36a47a9fceb25e28091c2be11c2cca2fca74,2240,1011,ospf-r1,main commit 8c657f3 + term2png.py + terminal_sources; exact render invocation/chain of custody not established,medium,possibly-used,[],"[""00_report/terminal_sources/ospf-r1.txt""]",same-stem/current-main provenance; exact command not established,Classification only. No move/rename/crop/replace/render/reconstruction/reference rewrite; original paths and bytes frozen.
00_book/figures/report/terminal-generated/ospf-r2.png,terminal.current.ospf-r2,terminal-evidence,terminal-console,current-terminal-generated,frozen,classify-only,false,no-action,74202a8deac4961582963679c258ad3f7567439588183b9bdfbc0d83f2551f6f,2240,932,ospf-r2,main commit 8c657f3 + term2png.py + terminal_sources; exact render invocation/chain of custody not established,medium,possibly-used,[],"[""00_report/terminal_sources/ospf-r2.txt""]",same-stem/current-main provenance; exact command not established,Classification only. No move/rename/crop/replace/render/reconstruction/reference rewrite; original paths and bytes frozen.
00_book/figures/report/terminal-generated/ospf-r3.png,terminal.current.ospf-r3,terminal-evidence,terminal-console,current-terminal-generated,frozen,classify-only,false,no-action,69406be04fe0f5b50214ddcb39d8dde215036ef4fc3a5f779c464a7882213212,2240,932,ospf-r3,main commit 8c657f3 + term2png.py + terminal_sources; exact render invocation/chain of custody not established,medium,possibly-used,[],"[""00_report/terminal_sources/ospf-r3.txt""]",same-stem/current-main provenance; exact command not established,Classification only. No move/rename/crop/replace/render/reconstruction/reference rewrite; original paths and bytes frozen.
00_book/figures/report/terminal-generated/ospf-r6.png,terminal.current.ospf-r6,terminal-evidence,terminal-console,current-terminal-generated,frozen,classify-only,false,no-action,d0fe903fdc240b557fe79be6b09c4c2ee28587f7dac05a90bc973cdd3ff43a0f,2240,854,ospf-r6,main commit 8c657f3 + term2png.py + terminal_sources; exact render invocation/chain of custody not established,medium,possibly-used,[],"[""00_report/terminal_sources/ospf-r6.txt""]",same-stem/current-main provenance; exact command not established,Classification only. No move/rename/crop/replace/render/reconstruction/reference rewrite; original paths and bytes frozen.
00_book/figures/report/terminal-generated/ospf-six-routers.png,terminal.current.ospf-six-routers,terminal-evidence,terminal-console,current-terminal-generated,frozen,classify-only,false,no-action,42fb3867b4f214c92b82e19a51df9324f350b9993928f3618fb2ede4b7b0741b,4551,2947,ospf-six-routers,main commit 8c657f3 + term2png.py + terminal_sources; exact render invocation/chain of custody not established,medium,used,"[{""source_document"": ""00_report/contents/09_thu_nghiem_danh_gia.typ"", ""line"": 276, ""reference"": ""/00_book/figures/report/terminal-generated/ospf-six-routers.png""}]","[""00_report/terminal_sources/ospf-r1.txt"", ""00_report/terminal_sources/ospf-r2.txt"", ""00_report/terminal_sources/ospf-r3.txt"", ""00_report/terminal_sources/ospf-r6.txt"", ""00_report/terminal_sources/ospf-isp1.txt"", ""00_report/terminal_sources/ospf-isp2.txt""]",visually matching six-panel composite; composition command not established,Classification only. No move/rename/crop/replace/render/reconstruction/reference rewrite; original paths and bytes frozen.
00_book/figures/report/terminal-generated/pc1-dhcp-trace.png,terminal.current.pc1-dhcp-trace,terminal-evidence,terminal-console,current-terminal-generated,frozen,classify-only,false,no-action,57fc4eb2497c0fcd984985b64080393c2743b4a29a959bbd9bcea2f058516dd0,3173,2031,pc1-dhcp-trace,main commit 8c657f3 + term2png.py + terminal_sources; exact render invocation/chain of custody not established,medium,used,"[{""source_document"": ""00_report/contents/09_thu_nghiem_danh_gia.typ"", ""line"": 510, ""reference"": ""/00_book/figures/report/terminal-generated/pc1-dhcp-trace.png""}]","[""00_report/terminal_sources/pc1-dhcp-trace.txt""]",same-stem/current-main provenance; exact command not established,Classification only. No move/rename/crop/replace/render/reconstruction/reference rewrite; original paths and bytes frozen.
00_book/figures/report/terminal-generated/r1-dhcp-glbp.png,terminal.current.r1-dhcp-glbp,terminal-evidence,terminal-console,current-terminal-generated,frozen,classify-only,false,no-action,275b42dedb6fc9ef37f87afb2da413b87c8f532f93f24de7ecd8b211c05eefec,2489,2267,r1-dhcp-glbp,main commit 8c657f3 + term2png.py + terminal_sources; exact render invocation/chain of custody not established,medium,used,"[{""source_document"": ""00_report/contents/09_thu_nghiem_danh_gia.typ"", ""line"": 494, ""reference"": ""/00_book/figures/report/terminal-generated/r1-dhcp-glbp.png""}]","[""00_report/terminal_sources/r1-dhcp-glbp.txt""]",same-stem/current-main provenance; exact command not established,Classification only. No move/rename/crop/replace/render/reconstruction/reference rewrite; original paths and bytes frozen.
00_book/figures/report/terminal-generated/r1-ospf-routes.png,terminal.current.r1-ospf-routes,terminal-evidence,terminal-console,current-terminal-generated,frozen,classify-only,false,no-action,90e7a3f6abe6f839dcff3ff1eb31f971caafc16393f9b302765373e68df0c90f,2957,3915,r1-ospf-routes,main commit 8c657f3 + term2png.py + terminal_sources; exact render invocation/chain of custody not established,medium,used,"[{""source_document"": ""00_report/contents/09_thu_nghiem_danh_gia.typ"", ""line"": 286, ""reference"": ""/00_book/figures/report/terminal-generated/r1-ospf-routes.png""}]","[""00_report/terminal_sources/r1-ospf-routes.txt""]",same-stem/current-main provenance; exact command not established,Classification only. No move/rename/crop/replace/render/reconstruction/reference rewrite; original paths and bytes frozen.
00_book/figures/report/terminal-generated/r2-glbp.png,terminal.current.r2-glbp,terminal-evidence,terminal-console,current-terminal-generated,frozen,classify-only,false,no-action,d05c8699071a0c38a2268c60bae7329c5d1690ebbed6ea1182a75a7c071172a0,2240,1246,r2-glbp,main commit 8c657f3 + term2png.py + terminal_sources; exact render invocation/chain of custody not established,medium,used,"[{""source_document"": ""00_report/contents/09_thu_nghiem_danh_gia.typ"", ""line"": 501, ""reference"": ""/00_book/figures/report/terminal-generated/r2-glbp.png""}]","[""00_report/terminal_sources/r2-glbp.txt""]",same-stem/current-main provenance; exact command not established,Classification only. No move/rename/crop/replace/render/reconstruction/reference rewrite; original paths and bytes frozen.
00_book/figures/report/terminal-generated/sw3-vlan-vtp.png,terminal.current.sw3-vlan-vtp,terminal-evidence,terminal-console,current-terminal-generated,frozen,classify-only,false,no-action,71bd38a834bafec6943fa851dc47f89dc26f024348fcde61f6b262d40b43a81c,2993,2659,sw3-vlan-vtp,main commit 8c657f3 + term2png.py + terminal_sources; exact render invocation/chain of custody not established,medium,used,"[{""source_document"": ""00_report/contents/09_thu_nghiem_danh_gia.typ"", ""line"": 118, ""reference"": ""/00_book/figures/report/terminal-generated/sw3-vlan-vtp.png""}]","[""00_report/terminal_sources/sw3-vlan-vtp.txt""]",same-stem/current-main provenance; exact command not established,Classification only. No move/rename/crop/replace/render/reconstruction/reference rewrite; original paths and bytes frozen.
00_book/figures/report/terminal-generated/vpc11-ping.png,terminal.current.vpc11-ping,terminal-evidence,terminal-console,current-terminal-generated,frozen,classify-only,false,no-action,1dc5fb1ebed6c02cbcb26670704a0fa9cf645b2bc04993110958e36e3571a57d,2306,1089,vpc11-ping,main commit 8c657f3 + term2png.py + terminal_sources; exact render invocation/chain of custody not established,medium,used,"[{""source_document"": ""00_report/contents/09_thu_nghiem_danh_gia.typ"", ""line"": 302, ""reference"": ""/00_book/figures/report/terminal-generated/vpc11-ping.png""}]","[""00_report/terminal_sources/vpc11-ping.txt""]",same-stem/current-main provenance; exact command not established,Classification only. No move/rename/crop/replace/render/reconstruction/reference rewrite; original paths and bytes frozen.
00_report/Tai_lieu_lab/LAB5/ANH_CUA_LAB/1.png,terminal.capture.lab5.r1-acl-applied-verification,terminal-evidence,terminal-console,historical-terminal-capture,frozen,classify-only,false,no-action,d50a6b64f3b38501fe5080e3e29d2f9bf736cc3c91ebf6e9150b32b534865746,1545,908,r1-acl-applied-verification,current-main addition; inspected content and surrounding ACL lab/report where present; exact capture/export lineage unknown,medium,used,"[{""source_document"": ""00_report/contents/09_kich_ban_5_acl.typ"", ""line"": 60, ""reference"": ""/00_report/Tai_lieu_lab/LAB5/ANH_CUA_LAB/1.png""}, {""source_document"": ""00_report/contents/09_thu_nghiem_danh_gia.typ"", ""line"": 814, ""reference"": ""/00_report/Tai_lieu_lab/LAB5/ANH_CUA_LAB/1.png""}]",[],,Classification only. No move/rename/crop/replace/render/reconstruction/reference rewrite; original paths and bytes frozen.
00_report/Tai_lieu_lab/LAB5/ANH_CUA_LAB/10.png,terminal.capture.lab5.vpc8-icmp-permitted,terminal-evidence,terminal-console,orphan-but-frozen,frozen,classify-only,false,no-action,4cf6bd4b6ba0652860a334afdb86a80086a01fa874d3616f52a3e2d386b18d41,1413,364,vpc8-icmp-permitted,current-main addition; inspected content and surrounding ACL lab/report where present; exact capture/export lineage unknown,medium,orphan,[],[],,Classification only. No move/rename/crop/replace/render/reconstruction/reference rewrite; original paths and bytes frozen.
00_report/Tai_lieu_lab/LAB5/ANH_CUA_LAB/11.png,terminal.capture.lab5.vpc9-http-permitted,terminal-evidence,terminal-console,orphan-but-frozen,frozen,classify-only,false,no-action,c0626558fd6a7a3093439411674db515d2ae2f753ed86724446610df70fe7929,1416,596,vpc9-http-permitted,current-main addition; inspected content and surrounding ACL lab/report where present; exact capture/export lineage unknown,medium,orphan,[],[],,Classification only. No move/rename/crop/replace/render/reconstruction/reference rewrite; original paths and bytes frozen.
00_report/Tai_lieu_lab/LAB5/ANH_CUA_LAB/3.png,terminal.capture.lab5.vpc7-icmp-positive-control,terminal-evidence,terminal-console,historical-terminal-capture,frozen,classify-only,false,no-action,09e0dc4b339d66a9aa2ac5e320810ba87b0a7099bde57eff385b3f9e72dc3a08,817,498,vpc7-icmp-positive-control,current-main addition; inspected content and surrounding ACL lab/report where present; exact capture/export lineage unknown,medium,used,"[{""source_document"": ""00_report/contents/09_kich_ban_5_acl.typ"", ""line"": 72, ""reference"": ""/00_report/Tai_lieu_lab/LAB5/ANH_CUA_LAB/3.png""}, {""source_document"": ""00_report/contents/09_thu_nghiem_danh_gia.typ"", ""line"": 826, ""reference"": ""/00_report/Tai_lieu_lab/LAB5/ANH_CUA_LAB/3.png""}]",[],,Classification only. No move/rename/crop/replace/render/reconstruction/reference rewrite; original paths and bytes frozen.
00_report/Tai_lieu_lab/LAB5/ANH_CUA_LAB/4.png,terminal.capture.lab5.vpc7-http-positive-control,terminal-evidence,terminal-console,historical-terminal-capture,frozen,classify-only,false,no-action,cb4e00364e00c1e99a73466ece0db0c8fb3d407d24639eb013b48d5fc554cd86,804,648,vpc7-http-positive-control,current-main addition; inspected content and surrounding ACL lab/report where present; exact capture/export lineage unknown,medium,used,"[{""source_document"": ""00_report/contents/09_kich_ban_5_acl.typ"", ""line"": 73, ""reference"": ""/00_report/Tai_lieu_lab/LAB5/ANH_CUA_LAB/4.png""}, {""source_document"": ""00_report/contents/09_thu_nghiem_danh_gia.typ"", ""line"": 827, ""reference"": ""/00_report/Tai_lieu_lab/LAB5/ANH_CUA_LAB/4.png""}]",[],,Classification only. No move/rename/crop/replace/render/reconstruction/reference rewrite; original paths and bytes frozen.
00_report/Tai_lieu_lab/LAB5/ANH_CUA_LAB/5.png,terminal.capture.lab5.vpc7-telnet-denied,terminal-evidence,terminal-console,historical-terminal-capture,frozen,classify-only,false,no-action,70a2318309ed4689a02270c4e74e3b58fce7426cea8cd65569a9b784edbaa09e,1405,341,vpc7-telnet-denied,current-main addition; inspected content and surrounding ACL lab/report where present; exact capture/export lineage unknown,medium,used,"[{""source_document"": ""00_report/contents/09_kich_ban_5_acl.typ"", ""line"": 84, ""reference"": ""/00_report/Tai_lieu_lab/LAB5/ANH_CUA_LAB/5.png""}, {""source_document"": ""00_report/contents/09_thu_nghiem_danh_gia.typ"", ""line"": 838, ""reference"": ""/00_report/Tai_lieu_lab/LAB5/ANH_CUA_LAB/5.png""}]",[],,Classification only. No move/rename/crop/replace/render/reconstruction/reference rewrite; original paths and bytes frozen.
00_report/Tai_lieu_lab/LAB5/ANH_CUA_LAB/6.png,terminal.capture.lab5.vpc8-http-denied,terminal-evidence,terminal-console,historical-terminal-capture,frozen,classify-only,false,no-action,98ba94ce8a2883ca019cd9d718bc7d94183553cd99939fe77b612d9dbe922532,1409,265,vpc8-http-denied,current-main addition; inspected content and surrounding ACL lab/report where present; exact capture/export lineage unknown,medium,used,"[{""source_document"": ""00_report/contents/09_kich_ban_5_acl.typ"", ""line"": 85, ""reference"": ""/00_report/Tai_lieu_lab/LAB5/ANH_CUA_LAB/6.png""}, {""source_document"": ""00_report/contents/09_thu_nghiem_danh_gia.typ"", ""line"": 839, ""reference"": ""/00_report/Tai_lieu_lab/LAB5/ANH_CUA_LAB/6.png""}]",[],,Classification only. No move/rename/crop/replace/render/reconstruction/reference rewrite; original paths and bytes frozen.
00_report/Tai_lieu_lab/LAB5/ANH_CUA_LAB/7.png,terminal.capture.lab5.vpc9-icmp-denied,terminal-evidence,terminal-console,historical-terminal-capture,frozen,classify-only,false,no-action,ade7928fcaec2e1a212cffcaf522cd16c4f9069775f93c0baa495a7592b7482f,1413,448,vpc9-icmp-denied,current-main addition; inspected content and surrounding ACL lab/report where present; exact capture/export lineage unknown,medium,used,"[{""source_document"": ""00_report/contents/09_kich_ban_5_acl.typ"", ""line"": 91, ""reference"": ""/00_report/Tai_lieu_lab/LAB5/ANH_CUA_LAB/7.png""}, {""source_document"": ""00_report/contents/09_thu_nghiem_danh_gia.typ"", ""line"": 845, ""reference"": ""/00_report/Tai_lieu_lab/LAB5/ANH_CUA_LAB/7.png""}]",[],,Classification only. No move/rename/crop/replace/render/reconstruction/reference rewrite; original paths and bytes frozen.
00_report/Tai_lieu_lab/LAB5/ANH_CUA_LAB/8.png,terminal.capture.lab5.vpc8-telnet-permitted,terminal-evidence,terminal-console,orphan-but-frozen,frozen,classify-only,false,no-action,9c00d35eb5b27a6b1c612ae13037c946a878fe72826520e4eb43a7ac0934fade,1406,521,vpc8-telnet-permitted,current-main addition; inspected content and surrounding ACL lab/report where present; exact capture/export lineage unknown,medium,orphan,[],[],,Classification only. No move/rename/crop/replace/render/reconstruction/reference rewrite; original paths and bytes frozen.
00_report/Tai_lieu_lab/LAB5/ANH_CUA_LAB/9.png,terminal.capture.lab5.vpc9-telnet-permitted,terminal-evidence,terminal-console,orphan-but-frozen,frozen,classify-only,false,no-action,1f54d3fa9c74a6b8e3c0075a3a30e33a61b28b945e86d691aa7243ab1685e5b0,1402,629,vpc9-telnet-permitted,current-main addition; inspected content and surrounding ACL lab/report where present; exact capture/export lineage unknown,medium,orphan,[],[],,Classification only. No move/rename/crop/replace/render/reconstruction/reference rewrite; original paths and bytes frozen.
