svg_path,raster_path,relationship,canonical_choice,keep_both,future_paths,reason,review_required,svg_asset_id,raster_asset_id,batch_id
00_book/figures/icons/logo.svg,,no-related-raster-confirmed,svg-source-preferred,false,"[""documentation_assets/branding/logos/cams.svg""]",Existing source retained; no inferred raster derivative.,false,branding.logos.cams,,B02
00_book/figures/icons/ptit-logo.svg,,no-related-raster-confirmed,branding-wrapper-retain,false,"[""documentation_assets/branding/logos/ptit.svg""]",Existing source retained; no inferred raster derivative. Hybrid SVG embeds bitmap icons; preserve source and verify renderer compatibility.,true,branding.logos.ptit,,B02
00_book/figures/report/appendix/project-structure.svg,,no-related-raster-confirmed,svg-source-preferred,false,"[""documentation_assets/diagrams/architecture/application-source-tree.svg""]",Existing source retained; no inferred raster derivative.,false,diagrams.architecture.application-source-tree,,B02
00_book/figures/report/diagrams/01_pipeline_automation.svg,,no-related-raster-confirmed,svg-source-preferred,false,"[""documentation_assets/diagrams/workflow/configuration-automation.svg""]",Existing source retained; no inferred raster derivative.,false,diagrams.workflow.configuration-automation,,B02
00_book/figures/report/diagrams/02_state_flow.svg,,no-related-raster-confirmed,svg-source-preferred,false,"[""documentation_assets/diagrams/workflow/configuration-state-flow.svg""]",Existing source retained; no inferred raster derivative.,false,diagrams.workflow.configuration-state-flow,,B02
00_book/figures/report/diagrams/03_cli_modes.svg,,no-related-raster-confirmed,svg-source-preferred,false,"[""documentation_assets/diagrams/workflow/cisco-cli-modes.svg""]",Existing source retained; no inferred raster derivative.,false,diagrams.workflow.cisco-cli-modes,,B02
00_book/figures/report/diagrams/04_ssh_connection.svg,,no-related-raster-confirmed,svg-source-preferred,false,"[""documentation_assets/diagrams/architecture/ssh-session-connection.svg""]",Existing source retained; no inferred raster derivative.,false,diagrams.architecture.ssh-session-connection,,B02
00_book/figures/report/diagrams/05_session_lifecycle.svg,,no-related-raster-confirmed,svg-source-preferred,false,"[""documentation_assets/diagrams/workflow/device-session-lifecycle.svg""]",Existing source retained; no inferred raster derivative.,false,diagrams.workflow.device-session-lifecycle,,B02
00_book/figures/report/diagrams/06_dhcp_dora.svg,,no-related-raster-confirmed,svg-source-preferred,false,"[""documentation_assets/diagrams/workflow/dhcp-dora-sequence.svg""]",Existing source retained; no inferred raster derivative.,false,diagrams.workflow.dhcp-dora-sequence,,B02
00_book/figures/report/diagrams/07_ospf_area.svg,00_book/figures/report/diagrams/07_ospf_area.png,different-content,keep-independent-sources,true,"[""documentation_assets/diagrams/network/ospf-area-zero-router-chain.svg"", ""documentation_assets/diagrams/network/ospf-multi-area-backbone.png""]",Visual composition differs: original illustration vs simplified vector diagram,true,diagrams.network.ospf-area-zero-router-chain,diagrams.network.ospf-multi-area-backbone,B02
00_book/figures/report/diagrams/08_acl_packet_flow.svg,00_book/figures/report/diagrams/08_acl_packet_flow.jpg,different-content,keep-independent-sources,true,"[""documentation_assets/diagrams/workflow/acl-rule-evaluation.svg"", ""documentation_assets/diagrams/workflow/inbound-acl-tests.jpg""]",Visual composition differs: original illustration vs simplified vector diagram,true,diagrams.workflow.acl-rule-evaluation,diagrams.workflow.inbound-acl-tests,B02
00_book/figures/report/diagrams/09_nat_pat.svg,,no-related-raster-confirmed,svg-source-preferred,false,"[""documentation_assets/diagrams/network/nat-pat-internet-topology.svg""]",Existing source retained; no inferred raster derivative.,false,diagrams.network.nat-pat-internet-topology,,B02
00_book/figures/report/diagrams/10_fhrp_gateway.svg,,no-related-raster-confirmed,svg-source-preferred,false,"[""documentation_assets/diagrams/network/fhrp-virtual-gateway.svg""]",Existing source retained; no inferred raster derivative.,false,diagrams.network.fhrp-virtual-gateway,,B02
00_book/figures/report/diagrams/11_db_schema.svg,,no-related-raster-confirmed,svg-source-preferred,false,"[""documentation_assets/diagrams/database/device-entity-relations.svg""]",Existing source retained; no inferred raster derivative.,false,diagrams.database.device-entity-relations,,B02
00_book/figures/report/diagrams/12_netmiko_stack.svg,,no-related-raster-confirmed,svg-source-preferred,false,"[""documentation_assets/diagrams/architecture/netmiko-ssh-stack.svg""]",Existing source retained; no inferred raster derivative.,false,diagrams.architecture.netmiko-ssh-stack,,B02
00_book/figures/report/diagrams/13_qtquick_tree.svg,,no-related-raster-confirmed,svg-source-preferred,false,"[""documentation_assets/diagrams/architecture/qtquick-component-tree.svg""]",Existing source retained; no inferred raster derivative.,false,diagrams.architecture.qtquick-component-tree,,B02
00_book/figures/report/diagrams/14_qml_signal_slot.svg,,no-related-raster-confirmed,svg-source-preferred,false,"[""documentation_assets/diagrams/architecture/qml-python-signal-flow.svg""]",Existing source retained; no inferred raster derivative.,false,diagrams.architecture.qml-python-signal-flow,,B02
00_book/figures/report/diagrams/15_ui_thread_workers.svg,,no-related-raster-confirmed,svg-source-preferred,false,"[""documentation_assets/diagrams/architecture/ui-thread-worker-dispatch.svg""]",Existing source retained; no inferred raster derivative.,false,diagrams.architecture.ui-thread-worker-dispatch,,B02
00_book/figures/report/diagrams/16_host_lock.svg,,no-related-raster-confirmed,svg-source-preferred,false,"[""documentation_assets/diagrams/architecture/per-host-session-lock.svg""]",Existing source retained; no inferred raster derivative.,false,diagrams.architecture.per-host-session-lock,,B02
00_book/figures/report/diagrams/17_serialize_parallel.svg,,no-related-raster-confirmed,svg-source-preferred,false,"[""documentation_assets/diagrams/workflow/per-host-serial-cross-host-parallel.svg""]",Existing source retained; no inferred raster derivative.,false,diagrams.workflow.per-host-serial-cross-host-parallel,,B02
00_book/figures/report/diagrams/18_syslog_pipeline.svg,,no-related-raster-confirmed,svg-source-preferred,false,"[""documentation_assets/diagrams/workflow/syslog-processing-pipeline.svg""]",Existing source retained; no inferred raster derivative.,false,diagrams.workflow.syslog-processing-pipeline,,B02
00_book/figures/report/diagrams/19_testing_flow_a.svg,,no-related-raster-confirmed,svg-source-preferred,false,"[""documentation_assets/diagrams/workflow/service-repository-test.svg""]",Existing source retained; no inferred raster derivative.,false,diagrams.workflow.service-repository-test,,B02
00_book/figures/report/diagrams/20_testing_flow_b.svg,,no-related-raster-confirmed,svg-source-preferred,false,"[""documentation_assets/diagrams/workflow/worker-fake-connector-test.svg""]",Existing source retained; no inferred raster derivative.,false,diagrams.workflow.worker-fake-connector-test,,B02
00_book/figures/report/diagrams/21_lab_test_flow.svg,,no-related-raster-confirmed,svg-source-preferred,false,"[""documentation_assets/diagrams/workflow/network-lab-verification.svg""]",Existing source retained; no inferred raster derivative.,false,diagrams.workflow.network-lab-verification,,B02
00_book/figures/report/diagrams/22_architecture_overview.svg,,no-related-raster-confirmed,svg-source-preferred,false,"[""documentation_assets/diagrams/architecture/cams-layered-system.svg""]",Existing source retained; no inferred raster derivative.,false,diagrams.architecture.cams-layered-system,,B02
00_book/figures/report/diagrams/LAB_2.svg,00_book/figures/report/diagrams/LAB_2-report.png,uncertain,keep-independent-sources,true,"[""documentation_assets/diagrams/lab-topology/routing-ospf/multi-area-branches-vector.svg"", ""documentation_assets/diagrams/lab-topology/routing-ospf/multi-area-branches-raster.png""]","Same topology/labels by inspection; raster is plausible export, but no exporter/source provenance found and SVG previews differ in embedded icon rendering",true,diagrams.lab-topology.routing-ospf.multi-area-branches-vector,diagrams.lab-topology.routing-ospf.multi-area-branches-raster,B02
00_book/figures/report/diagrams/LAB_KICH_BAN_1.svg,,no-related-raster-confirmed,svg-source-preferred,false,"[""documentation_assets/diagrams/lab-topology/switching/layer-two-security.svg""]",Existing source retained; no inferred raster derivative.,false,diagrams.lab-topology.switching.layer-two-security,,B02
00_book/figures/report/diagrams/fhrp-nat-dhcp-lab/fhrp-nat-dhcp.svg,00_book/figures/report/diagrams/fhrp-nat-dhcp-lab/fhrp-nat-dhcp-report.png,uncertain,keep-independent-sources,true,"[""documentation_assets/diagrams/lab-topology/fhrp-nat-dhcp/glbp-dhcp-pat-vector.svg"", ""documentation_assets/diagrams/lab-topology/fhrp-nat-dhcp/glbp-dhcp-pat-raster.png""]","Same topology/labels by inspection; raster is plausible export, but no exporter/source provenance found and SVG previews differ in embedded icon rendering Hybrid SVG embeds bitmap icons; preserve source and verify renderer compatibility.",true,diagrams.lab-topology.fhrp-nat-dhcp.glbp-dhcp-pat-vector,diagrams.lab-topology.fhrp-nat-dhcp.glbp-dhcp-pat-raster,B13
00_book/figures/report/diagrams/lab_4.svg,,no-related-raster-confirmed,svg-source-preferred,false,"[""documentation_assets/diagrams/lab-topology/multi-router-branch-routing.svg""]",Existing source retained; no inferred raster derivative. Hybrid SVG embeds bitmap icons; preserve source and verify renderer compatibility.,true,diagrams.lab-topology.multi-router-branch-routing,,B02
00_book/figures/report/diagrams/syslog-lab/syslog-lab-topology.svg,00_book/figures/report/diagrams/syslog-lab/syslog-lab-topology-report.png,uncertain,keep-independent-sources,true,"[""documentation_assets/diagrams/lab-topology/syslog/centralized-logging-vector.svg"", ""documentation_assets/diagrams/lab-topology/syslog/centralized-logging-raster.png""]","Same topology/labels by inspection; raster is plausible export, but no exporter/source provenance found and SVG previews differ in embedded icon rendering Hybrid SVG embeds bitmap icons; preserve source and verify renderer compatibility.",true,diagrams.lab-topology.syslog.centralized-logging-vector,diagrams.lab-topology.syslog.centralized-logging-raster,B14
