asset_id,current_path,migration_state,before_used_by,after_used_by,before_targets,after_targets
terminal.capture.dhcp-snooping-lab.r2-dhcp-interface-status,00_book/figures/report/diagrams/dhcp-snooping-lab/r2_dhcp_success.png,frozen,[],"[{""source_document"": ""00_report/contents/09_kich_ban_1_snooping.typ"", ""line"": 101, ""referenced_path"": ""/00_book/figures/report/diagrams/dhcp-snooping-lab/r2_dhcp_success.png"", ""target_type"": ""report-typst""}]",[],"[""report-typst""]"
evidence.lab1.curated.dhcp-snooping.r1-pool,00_book/figures/report/diagrams/dhcp-snooping-lab/r1-pool.png,pending,"[{""source_document"": ""00_report/contents/09_kich_ban_1_snooping.typ"", ""line"": 32, ""referenced_path"": ""/00_book/figures/report/diagrams/dhcp-snooping-lab/r1-pool.png"", ""target_type"": ""report-typst""}]",[],"[""report-typst""]",[]
evidence.lab1.curated.dhcp-snooping.r2-address-fake,00_book/figures/report/diagrams/dhcp-snooping-lab/r2-address-fake.png,pending,"[{""source_document"": ""00_report/contents/09_kich_ban_1_snooping.typ"", ""line"": 67, ""referenced_path"": ""/00_book/figures/report/diagrams/dhcp-snooping-lab/r2-address-fake.png"", ""target_type"": ""report-typst""}]","[{""source_document"": ""00_report/contents/09_kich_ban_1_snooping.typ"", ""line"": 122, ""referenced_path"": ""/00_book/figures/report/diagrams/dhcp-snooping-lab/r2-address-fake.png"", ""target_type"": ""report-typst""}]","[""report-typst""]","[""report-typst""]"
evidence.lab1.curated.dhcp-snooping.r2-address-r1,00_book/figures/report/diagrams/dhcp-snooping-lab/r2-address-r1.png,pending,"[{""source_document"": ""00_report/contents/09_kich_ban_1_snooping.typ"", ""line"": 53, ""referenced_path"": ""/00_book/figures/report/diagrams/dhcp-snooping-lab/r2-address-r1.png"", ""target_type"": ""report-typst""}]",[],"[""report-typst""]",[]
evidence.lab1.curated.dhcp-snooping.r2-request-dhcp,00_book/figures/report/diagrams/dhcp-snooping-lab/r2-request-dhcp.png,pending,"[{""source_document"": ""00_report/contents/09_kich_ban_1_snooping.typ"", ""line"": 63, ""referenced_path"": ""/00_book/figures/report/diagrams/dhcp-snooping-lab/r2-request-dhcp.png"", ""target_type"": ""report-typst""}]",[],"[""report-typst""]",[]
evidence.lab1.curated.dhcp-snooping.topology,00_book/figures/report/diagrams/dhcp-snooping-lab/topology.png,pending,"[{""source_document"": ""00_report/contents/09_kich_ban_1_snooping.typ"", ""line"": 9, ""referenced_path"": ""/00_book/figures/report/diagrams/dhcp-snooping-lab/topology.png"", ""target_type"": ""report-typst""}]","[{""source_document"": ""00_report/contents/09_kich_ban_1_snooping.typ"", ""line"": 39, ""referenced_path"": ""/00_book/figures/report/diagrams/dhcp-snooping-lab/topology.png"", ""target_type"": ""report-typst""}]","[""report-typst""]","[""report-typst""]"
evidence.lab1.curated.dhcp-snooping.trust-gi01,00_book/figures/report/diagrams/dhcp-snooping-lab/trust-gi01.png,pending,"[{""source_document"": ""00_report/contents/09_kich_ban_1_snooping.typ"", ""line"": 49, ""referenced_path"": ""/00_book/figures/report/diagrams/dhcp-snooping-lab/trust-gi01.png"", ""target_type"": ""report-typst""}]",[],"[""report-typst""]",[]
evidence.lab1.curated.dhcp-snooping.trust-gi03,00_book/figures/report/diagrams/dhcp-snooping-lab/trust-gi03.png,pending,"[{""source_document"": ""00_report/contents/09_kich_ban_1_snooping.typ"", ""line"": 59, ""referenced_path"": ""/00_book/figures/report/diagrams/dhcp-snooping-lab/trust-gi03.png"", ""target_type"": ""report-typst""}]",[],"[""report-typst""]",[]
evidence.lab1.curated.dhcp-snooping.vlan10-snooping,00_book/figures/report/diagrams/dhcp-snooping-lab/vlan10-snooping.png,pending,"[{""source_document"": ""00_report/contents/09_kich_ban_1_snooping.typ"", ""line"": 28, ""referenced_path"": ""/00_book/figures/report/diagrams/dhcp-snooping-lab/vlan10-snooping.png"", ""target_type"": ""report-typst""}]",[],"[""report-typst""]",[]
evidence.lab1.curated.dhcp-snooping.show-snooping-state,00_book/figures/report/diagrams/dhcp-snooping-lab/show-snooping-state.png,frozen,[],"[{""source_document"": ""00_report/contents/09_kich_ban_1_snooping.typ"", ""line"": 13, ""referenced_path"": ""/00_book/figures/report/diagrams/dhcp-snooping-lab/show-snooping-state.png"", ""target_type"": ""report-typst""}]",[],"[""report-typst""]"
