ma_ca,noi_dung,ket_qua_ky_vong,ket_qua_thuc_te,so_gui,so_nhan,trang_thai,tep_bang_chung,ghi_chu
OSPF-01,Preview loai mang quan tri,Khong co network khop Gi0/0,,,,,,
OSPF-02,Push nhom ba router,Ket qua tung host ro rang,,,,,,
OSPF-03,Neighbor R1,R2 FULL tren Gi0/2,,,,,,
OSPF-04,Neighbor R2,R1 va R3 FULL tren Gi0/2 va Gi0/3,,,,,,
OSPF-05,Neighbor R3,R2 FULL tren Gi0/3,,,,,,
OSPF-06,Tuyen R1,Co tuyen O toi LAN R3,,,,,,
OSPF-07,Tuyen R3,Co tuyen O toi ba LAN R1,,,,,,
PING-01,VPC7 den VPC10,10 phan hoi,,,,,,
PING-02,VPC8 den VPC10,10 phan hoi,,,,,,
PING-03,VPC9 den VPC10,10 phan hoi,,,,,,
PING-04,VPC10 den VPC7,10 phan hoi,,,,,,
PING-05,VPC10 den VPC8,10 phan hoi,,,,,,
PING-06,VPC10 den VPC9,10 phan hoi,,,,,,
ERR-01,Router ID sai,Tu choi truoc khi gui lenh,,,,,,
ERR-02,Mat ket noi R3 giua Push,Bao loi theo host va doi chieu trang thai sau loi,,,,,,
