ma_luot,phuong_phap,so_router,baseline,quy_tac_phien,bat_dau,cau_hinh_xong,xac_minh_xong,thoi_gian_cau_hinh_s,thoi_gian_thuc_thi_push_s,thoi_gian_xac_minh_s,tong_thoi_gian_s,so_click_chon,so_truong_nhap,so_lan_gui_lenh_cli,so_dong_cau_hinh,so_loi_can_sua,so_router_thanh_cong,tep_bang_chung,ghi_chu
CLI-01,CLI,3,,,,,,,,,,,,,,,,,
CLI-02,CLI,3,,,,,,,,,,,,,,,,,
CLI-03,CLI,3,,,,,,,,,,,,,,,,,
CLI-04,CLI,3,,,,,,,,,,,,,,,,,
CLI-05,CLI,3,,,,,,,,,,,,,,,,,
CAMS-01,CAMS,3,,,,,,,,,,,,,,,,,
CAMS-02,CAMS,3,,,,,,,,,,,,,,,,,
CAMS-03,CAMS,3,,,,,,,,,,,,,,,,,
CAMS-04,CAMS,3,,,,,,,,,,,,,,,,,
CAMS-05,CAMS,3,,,,,,,,,,,,,,,,,
