source_document,line,referenced_path,intended_asset,target_type,reference_kind,resolution_status
00_book/DOC/02_cai_dat_su_dung.md,188,../../figures/gui/chapter-02/01-welcome-window.png,00_book/figures/gui/chapter-02/01-welcome-window.png,book-mkdocs,html-img,broken-local
00_book/DOC/02_cai_dat_su_dung.md,245,../../figures/gui/chapter-02/02-create-project.png,00_book/figures/gui/chapter-02/02-create-project.png,book-mkdocs,html-img,broken-local
00_book/DOC/02_cai_dat_su_dung.md,260,../../figures/gui/chapter-02/03-project-details.png,00_book/figures/gui/chapter-02/03-project-details.png,book-mkdocs,html-img,broken-local
00_book/DOC/02_cai_dat_su_dung.md,274,../../figures/gui/chapter-02/04-workspace-opened.png,00_book/figures/gui/chapter-02/04-workspace-opened.png,book-mkdocs,html-img,broken-local
00_book/DOC/02_cai_dat_su_dung.md,316,../../figures/gui/chapter-02/05-open-project-choice.png,00_book/figures/gui/chapter-02/05-open-project-choice.png,book-mkdocs,html-img,broken-local
00_book/DOC/02_cai_dat_su_dung.md,330,../../figures/gui/chapter-02/06-open-existing-project.png,00_book/figures/gui/chapter-02/06-open-existing-project.png,book-mkdocs,html-img,broken-local
00_book/DOC/02_cai_dat_su_dung.md,351,../../figures/gui/chapter-02/07-recent-projects.png,00_book/figures/gui/chapter-02/07-recent-projects.png,book-mkdocs,html-img,broken-local
00_book/DOC/02_cai_dat_su_dung.md,367,../../figures/gui/chapter-02/08-save-project.png,00_book/figures/gui/chapter-02/08-save-project.png,book-mkdocs,html-img,broken-local
00_book/DOC/02_cai_dat_su_dung.md,404,../../figures/gui/chapter-02/09-snapshot-history.png,00_book/figures/gui/chapter-02/09-snapshot-history.png,book-mkdocs,html-img,broken-local
00_book/DOC/02_cai_dat_su_dung.md,461,../../figures/gui/chapter-02/10-ready-workspace.png,00_book/figures/gui/chapter-02/10-ready-workspace.png,book-mkdocs,html-img,broken-local
00_book/DOC/03_giao_dien_dieu_huong.md,22,../../figures/gui/chapter-03/01-workspace-overview.png,00_book/figures/gui/chapter-03/01-workspace-overview.png,book-mkdocs,html-img,broken-local
00_book/DOC/03_giao_dien_dieu_huong.md,72,../../figures/gui/chapter-03/02-menu-bar.png,00_book/figures/gui/chapter-03/02-menu-bar.png,book-mkdocs,html-img,broken-local
00_book/DOC/03_giao_dien_dieu_huong.md,92,../../figures/gui/chapter-03/03-activity-bar.png,00_book/figures/gui/chapter-03/03-activity-bar.png,book-mkdocs,html-img,broken-local
00_book/DOC/03_giao_dien_dieu_huong.md,127,../../figures/gui/chapter-03/04-devices-sidebar.png,00_book/figures/gui/chapter-03/04-devices-sidebar.png,book-mkdocs,html-img,broken-local
00_book/DOC/03_giao_dien_dieu_huong.md,165,../../figures/gui/chapter-03/05-device-tabs.png,00_book/figures/gui/chapter-03/05-device-tabs.png,book-mkdocs,html-img,broken-local
00_book/DOC/03_giao_dien_dieu_huong.md,215,../../figures/gui/chapter-03/06-feature-bar-router.png,00_book/figures/gui/chapter-03/06-feature-bar-router.png,book-mkdocs,html-img,broken-local
00_book/DOC/03_giao_dien_dieu_huong.md,223,../../figures/gui/chapter-03/07-feature-bar-switch.png,00_book/figures/gui/chapter-03/07-feature-bar-switch.png,book-mkdocs,html-img,broken-local
00_book/DOC/03_giao_dien_dieu_huong.md,258,../../figures/gui/chapter-03/08-content-area.png,00_book/figures/gui/chapter-03/08-content-area.png,book-mkdocs,html-img,broken-local
00_book/DOC/03_giao_dien_dieu_huong.md,285,../../figures/gui/chapter-03/09-status-bar.png,00_book/figures/gui/chapter-03/09-status-bar.png,book-mkdocs,html-img,broken-local
00_book/DOC/03_giao_dien_dieu_huong.md,300,../../figures/gui/chapter-03/09-status-details.png,00_book/figures/gui/chapter-03/09-status-details.png,book-mkdocs,html-img,broken-local
00_book/DOC/03_giao_dien_dieu_huong.md,326,../../figures/gui/chapter-03/10-sidebar-collapsed.png,00_book/figures/gui/chapter-03/10-sidebar-collapsed.png,book-mkdocs,html-img,broken-local
00_book/DOC/04_quan_ly_thiet_bi.md,23,../../figures/gui/chapter-04/01-devices-inventory.png,00_book/figures/gui/chapter-04/01-devices-inventory.png,book-mkdocs,html-img,broken-local
00_book/DOC/04_quan_ly_thiet_bi.md,70,../../figures/gui/chapter-04/02-add-device-empty.png,00_book/figures/gui/chapter-04/02-add-device-empty.png,book-mkdocs,html-img,broken-local
00_book/DOC/04_quan_ly_thiet_bi.md,145,../../figures/gui/chapter-04/03-add-device-filled.png,00_book/figures/gui/chapter-04/03-add-device-filled.png,book-mkdocs,html-img,broken-local
00_book/DOC/04_quan_ly_thiet_bi.md,160,../../figures/gui/chapter-04/05-ssh-compatibility.png,00_book/figures/gui/chapter-04/05-ssh-compatibility.png,book-mkdocs,html-img,broken-local
00_book/DOC/04_quan_ly_thiet_bi.md,196,../../figures/gui/chapter-04/04-device-added-waiting.png,00_book/figures/gui/chapter-04/04-device-added-waiting.png,book-mkdocs,html-img,broken-local
00_book/DOC/04_quan_ly_thiet_bi.md,213,../../figures/gui/chapter-04/06-add-multiple-devices.png,00_book/figures/gui/chapter-04/06-add-multiple-devices.png,book-mkdocs,html-img,broken-local
00_book/DOC/04_quan_ly_thiet_bi.md,241,../../figures/gui/chapter-04/07-batch-devices-filled.png,00_book/figures/gui/chapter-04/07-batch-devices-filled.png,book-mkdocs,html-img,broken-local
00_book/DOC/04_quan_ly_thiet_bi.md,254,../../figures/gui/chapter-04/19-batch-table-detail.png,00_book/figures/gui/chapter-04/19-batch-table-detail.png,book-mkdocs,html-img,broken-local
00_book/DOC/04_quan_ly_thiet_bi.md,307,../../figures/gui/chapter-04/18-import-result.png,00_book/figures/gui/chapter-04/18-import-result.png,book-mkdocs,html-img,broken-local
00_book/DOC/04_quan_ly_thiet_bi.md,332,../../figures/gui/chapter-04/08-search-filter.png,00_book/figures/gui/chapter-04/08-search-filter.png,book-mkdocs,html-img,broken-local
00_book/DOC/04_quan_ly_thiet_bi.md,358,../../figures/gui/chapter-04/13-multi-select.png,00_book/figures/gui/chapter-04/13-multi-select.png,book-mkdocs,html-img,broken-local
00_book/DOC/04_quan_ly_thiet_bi.md,400,../../figures/gui/chapter-04/09-device-context-waiting.png,00_book/figures/gui/chapter-04/09-device-context-waiting.png,book-mkdocs,html-img,broken-local
00_book/DOC/04_quan_ly_thiet_bi.md,409,../../figures/gui/chapter-04/11-device-context-connected.png,00_book/figures/gui/chapter-04/11-device-context-connected.png,book-mkdocs,html-img,broken-local
00_book/DOC/04_quan_ly_thiet_bi.md,427,../../figures/gui/chapter-04/10-device-connected.png,00_book/figures/gui/chapter-04/10-device-connected.png,book-mkdocs,html-img,broken-local
00_book/DOC/04_quan_ly_thiet_bi.md,454,../../figures/gui/chapter-04/12-device-context-disconnected.png,00_book/figures/gui/chapter-04/12-device-context-disconnected.png,book-mkdocs,html-img,broken-local
00_book/DOC/04_quan_ly_thiet_bi.md,499,../../figures/gui/chapter-04/17-running-config-result.png,00_book/figures/gui/chapter-04/17-running-config-result.png,book-mkdocs,html-img,broken-local
00_book/DOC/04_quan_ly_thiet_bi.md,552,../../figures/gui/chapter-04/14-multi-select-actions.png,00_book/figures/gui/chapter-04/14-multi-select-actions.png,book-mkdocs,html-img,broken-local
00_book/DOC/04_quan_ly_thiet_bi.md,585,../../figures/gui/chapter-04/15-edit-device.png,00_book/figures/gui/chapter-04/15-edit-device.png,book-mkdocs,html-img,broken-local
00_book/DOC/04_quan_ly_thiet_bi.md,619,../../figures/gui/chapter-04/16-delete-device-confirmation.png,00_book/figures/gui/chapter-04/16-delete-device-confirmation.png,book-mkdocs,html-img,broken-local
00_book/DOC/05_cau_hinh_interface_router.md,19,../../figures/gui/chapter-05/01-router-interface-overview.png,00_book/figures/gui/chapter-05/01-router-interface-overview.png,book-mkdocs,html-img,broken-local
00_book/DOC/05_cau_hinh_interface_router.md,43,../../figures/gui/chapter-05/02-edit-physical-interface.png,00_book/figures/gui/chapter-05/02-edit-physical-interface.png,book-mkdocs,html-img,broken-local
00_book/DOC/05_cau_hinh_interface_router.md,60,../../figures/gui/chapter-05/03-physical-interface-configured.png,00_book/figures/gui/chapter-05/03-physical-interface-configured.png,book-mkdocs,html-img,broken-local
00_book/DOC/05_cau_hinh_interface_router.md,86,../../figures/gui/chapter-05/04-loopback-interface.png,00_book/figures/gui/chapter-05/04-loopback-interface.png,book-mkdocs,html-img,broken-local
00_book/DOC/05_cau_hinh_interface_router.md,103,../../figures/gui/chapter-05/05-tunnel-interface.png,00_book/figures/gui/chapter-05/05-tunnel-interface.png,book-mkdocs,html-img,broken-local
00_book/DOC/05_cau_hinh_interface_router.md,120,../../figures/gui/chapter-05/06-subinterface.png,00_book/figures/gui/chapter-05/06-subinterface.png,book-mkdocs,html-img,broken-local
00_book/DOC/05_cau_hinh_interface_router.md,135,../../figures/gui/chapter-05/07-view-push-preview.png,00_book/figures/gui/chapter-05/07-view-push-preview.png,book-mkdocs,html-img,broken-local
00_book/DOC/06_cau_hinh_routing.md,24,../../figures/gui/chapter-06/01-static-routes.png,00_book/figures/gui/chapter-06/01-static-routes.png,book-mkdocs,html-img,broken-local
00_book/DOC/06_cau_hinh_routing.md,46,../../figures/gui/chapter-06/02-default-routes.png,00_book/figures/gui/chapter-06/02-default-routes.png,book-mkdocs,html-img,broken-local
00_book/DOC/06_cau_hinh_routing.md,68,../../figures/gui/chapter-06/03-ospf-process.png,00_book/figures/gui/chapter-06/03-ospf-process.png,book-mkdocs,html-img,broken-local
00_book/DOC/06_cau_hinh_routing.md,87,../../figures/gui/chapter-06/04-ospf-networks.png,00_book/figures/gui/chapter-06/04-ospf-networks.png,book-mkdocs,html-img,broken-local
00_book/DOC/06_cau_hinh_routing.md,102,../../figures/gui/chapter-06/05-ospf-areas.png,00_book/figures/gui/chapter-06/05-ospf-areas.png,book-mkdocs,html-img,broken-local
00_book/DOC/06_cau_hinh_routing.md,117,../../figures/gui/chapter-06/06-ospf-distance.png,00_book/figures/gui/chapter-06/06-ospf-distance.png,book-mkdocs,html-img,broken-local
00_book/DOC/06_cau_hinh_routing.md,130,../../figures/gui/chapter-06/07-ospf-redistribute.png,00_book/figures/gui/chapter-06/07-ospf-redistribute.png,book-mkdocs,html-img,broken-local
00_book/DOC/06_cau_hinh_routing.md,145,../../figures/gui/chapter-06/08-ospf-interfaces.png,00_book/figures/gui/chapter-06/08-ospf-interfaces.png,book-mkdocs,html-img,broken-local
00_book/DOC/06_cau_hinh_routing.md,161,../../figures/gui/chapter-06/09-ospf-passive-interface.png,00_book/figures/gui/chapter-06/09-ospf-passive-interface.png,book-mkdocs,html-img,broken-local
00_book/DOC/06_cau_hinh_routing.md,171,../../figures/gui/chapter-06/10-ospf-tuning.png,00_book/figures/gui/chapter-06/10-ospf-tuning.png,book-mkdocs,html-img,broken-local
00_book/DOC/06_cau_hinh_routing.md,190,../../figures/gui/chapter-06/11-eigrp-process.png,00_book/figures/gui/chapter-06/11-eigrp-process.png,book-mkdocs,html-img,broken-local
00_book/DOC/06_cau_hinh_routing.md,206,../../figures/gui/chapter-06/12-eigrp-networks.png,00_book/figures/gui/chapter-06/12-eigrp-networks.png,book-mkdocs,html-img,broken-local
00_book/DOC/06_cau_hinh_routing.md,217,../../figures/gui/chapter-06/13-eigrp-interfaces.png,00_book/figures/gui/chapter-06/13-eigrp-interfaces.png,book-mkdocs,html-img,broken-local
00_book/DOC/06_cau_hinh_routing.md,232,../../figures/gui/chapter-06/14-eigrp-passive-interface.png,00_book/figures/gui/chapter-06/14-eigrp-passive-interface.png,book-mkdocs,html-img,broken-local
00_book/DOC/06_cau_hinh_routing.md,243,../../figures/gui/chapter-06/15-eigrp-redistribute.png,00_book/figures/gui/chapter-06/15-eigrp-redistribute.png,book-mkdocs,html-img,broken-local
00_book/DOC/06_cau_hinh_routing.md,254,../../figures/gui/chapter-06/16-eigrp-distribute-list.png,00_book/figures/gui/chapter-06/16-eigrp-distribute-list.png,book-mkdocs,html-img,broken-local
00_book/DOC/06_cau_hinh_routing.md,265,../../figures/gui/chapter-06/17-eigrp-offset-list.png,00_book/figures/gui/chapter-06/17-eigrp-offset-list.png,book-mkdocs,html-img,broken-local
00_book/DOC/06_cau_hinh_routing.md,279,../../figures/gui/chapter-06/18-eigrp-key-chains.png,00_book/figures/gui/chapter-06/18-eigrp-key-chains.png,book-mkdocs,html-img,broken-local
00_book/DOC/06_cau_hinh_routing.md,301,../../figures/gui/chapter-06/19-routing-group-hosts.png,00_book/figures/gui/chapter-06/19-routing-group-hosts.png,book-mkdocs,html-img,broken-local
00_book/DOC/06_cau_hinh_routing.md,312,../../figures/gui/chapter-06/20-routing-group-identity.png,00_book/figures/gui/chapter-06/20-routing-group-identity.png,book-mkdocs,html-img,broken-local
00_book/DOC/06_cau_hinh_routing.md,323,../../figures/gui/chapter-06/21-routing-group-common.png,00_book/figures/gui/chapter-06/21-routing-group-common.png,book-mkdocs,html-img,broken-local
00_book/DOC/06_cau_hinh_routing.md,334,../../figures/gui/chapter-06/22-routing-group-networks.png,00_book/figures/gui/chapter-06/22-routing-group-networks.png,book-mkdocs,html-img,broken-local
00_book/DOC/06_cau_hinh_routing.md,347,../../figures/gui/chapter-06/26-routing-group-view-push.png,00_book/figures/gui/chapter-06/26-routing-group-view-push.png,book-mkdocs,html-img,broken-local
00_book/DOC/06_cau_hinh_routing.md,369,../../figures/gui/chapter-06/23-static-view-push.png,00_book/figures/gui/chapter-06/23-static-view-push.png,book-mkdocs,html-img,broken-local
00_book/DOC/06_cau_hinh_routing.md,379,../../figures/gui/chapter-06/24-ospf-view-push.png,00_book/figures/gui/chapter-06/24-ospf-view-push.png,book-mkdocs,html-img,broken-local
00_book/DOC/06_cau_hinh_routing.md,385,../../figures/gui/chapter-06/25-eigrp-view-push.png,00_book/figures/gui/chapter-06/25-eigrp-view-push.png,book-mkdocs,html-img,broken-local
00_book/DOC/07_cau_hinh_dhcp.md,21,../../figures/gui/chapter-07/01-dhcp-pools.png,00_book/figures/gui/chapter-07/01-dhcp-pools.png,book-mkdocs,html-img,broken-local
00_book/DOC/07_cau_hinh_dhcp.md,49,../../figures/gui/chapter-07/02-dhcp-excluded-addresses.png,00_book/figures/gui/chapter-07/02-dhcp-excluded-addresses.png,book-mkdocs,html-img,broken-local
00_book/DOC/07_cau_hinh_dhcp.md,64,../../figures/gui/chapter-07/03-dhcp-helper-addresses.png,00_book/figures/gui/chapter-07/03-dhcp-helper-addresses.png,book-mkdocs,html-img,broken-local
00_book/DOC/07_cau_hinh_dhcp.md,79,../../figures/gui/chapter-07/04-dhcp-view-push.png,00_book/figures/gui/chapter-07/04-dhcp-view-push.png,book-mkdocs,html-img,broken-local
00_book/DOC/08_cau_hinh_acl.md,24,../../figures/gui/chapter-08/01-acl-standard.png,00_book/figures/gui/chapter-08/01-acl-standard.png,book-mkdocs,html-img,broken-local
00_book/DOC/08_cau_hinh_acl.md,38,../../figures/gui/chapter-08/02-acl-extended.png,00_book/figures/gui/chapter-08/02-acl-extended.png,book-mkdocs,html-img,broken-local
00_book/DOC/08_cau_hinh_acl.md,53,../../figures/gui/chapter-08/03-acl-dynamic.png,00_book/figures/gui/chapter-08/03-acl-dynamic.png,book-mkdocs,html-img,broken-local
00_book/DOC/08_cau_hinh_acl.md,68,../../figures/gui/chapter-08/04-acl-reflexive.png,00_book/figures/gui/chapter-08/04-acl-reflexive.png,book-mkdocs,html-img,broken-local
00_book/DOC/08_cau_hinh_acl.md,82,../../figures/gui/chapter-08/05-acl-mac.png,00_book/figures/gui/chapter-08/05-acl-mac.png,book-mkdocs,html-img,broken-local
00_book/DOC/08_cau_hinh_acl.md,96,../../figures/gui/chapter-08/06-acl-bindings.png,00_book/figures/gui/chapter-08/06-acl-bindings.png,book-mkdocs,html-img,broken-local
00_book/DOC/08_cau_hinh_acl.md,112,../../figures/gui/chapter-08/07-acl-view-push.png,00_book/figures/gui/chapter-08/07-acl-view-push.png,book-mkdocs,html-img,broken-local
00_book/DOC/09_cau_hinh_fhrp.md,39,../../figures/gui/chapter-09/09-hsrp-gateway-form-zoom.png,00_book/figures/gui/chapter-09/09-hsrp-gateway-form-zoom.png,book-mkdocs,html-img,broken-local
00_book/DOC/09_cau_hinh_fhrp.md,49,../../figures/gui/chapter-09/01-hsrp-gateway-members.png,00_book/figures/gui/chapter-09/01-hsrp-gateway-members.png,book-mkdocs,html-img,broken-local
00_book/DOC/09_cau_hinh_fhrp.md,59,../../figures/gui/chapter-09/15-hsrp-auth-protocol-detail.png,00_book/figures/gui/chapter-09/15-hsrp-auth-protocol-detail.png,book-mkdocs,html-img,broken-local
00_book/DOC/09_cau_hinh_fhrp.md,78,../../figures/gui/chapter-09/11-hsrp-primary-member-zoom.png,00_book/figures/gui/chapter-09/11-hsrp-primary-member-zoom.png,book-mkdocs,html-img,broken-local
00_book/DOC/09_cau_hinh_fhrp.md,89,../../figures/gui/chapter-09/12-hsrp-secondary-member-zoom.png,00_book/figures/gui/chapter-09/12-hsrp-secondary-member-zoom.png,book-mkdocs,html-img,broken-local
00_book/DOC/09_cau_hinh_fhrp.md,100,../../figures/gui/chapter-09/03-hsrp-member-policy.png,00_book/figures/gui/chapter-09/03-hsrp-member-policy.png,book-mkdocs,html-img,broken-local
00_book/DOC/09_cau_hinh_fhrp.md,122,../../figures/gui/chapter-09/13-vrrp-options-member-zoom.png,00_book/figures/gui/chapter-09/13-vrrp-options-member-zoom.png,book-mkdocs,html-img,broken-local
00_book/DOC/09_cau_hinh_fhrp.md,132,../../figures/gui/chapter-09/04-vrrp-configuration.png,00_book/figures/gui/chapter-09/04-vrrp-configuration.png,book-mkdocs,html-img,broken-local
00_book/DOC/09_cau_hinh_fhrp.md,155,../../figures/gui/chapter-09/14-glbp-weighting-zoom.png,00_book/figures/gui/chapter-09/14-glbp-weighting-zoom.png,book-mkdocs,html-img,broken-local
00_book/DOC/09_cau_hinh_fhrp.md,166,../../figures/gui/chapter-09/05-glbp-configuration.png,00_book/figures/gui/chapter-09/05-glbp-configuration.png,book-mkdocs,html-img,broken-local
00_book/DOC/09_cau_hinh_fhrp.md,193,../../figures/gui/chapter-09/06-hsrp-view-push.png,00_book/figures/gui/chapter-09/06-hsrp-view-push.png,book-mkdocs,html-img,broken-local
00_book/DOC/09_cau_hinh_fhrp.md,199,../../figures/gui/chapter-09/07-vrrp-view-push.png,00_book/figures/gui/chapter-09/07-vrrp-view-push.png,book-mkdocs,html-img,broken-local
00_book/DOC/09_cau_hinh_fhrp.md,205,../../figures/gui/chapter-09/08-glbp-view-push.png,00_book/figures/gui/chapter-09/08-glbp-view-push.png,book-mkdocs,html-img,broken-local
00_book/DOC/10_cau_hinh_syslog_server.md,18,../../figures/gui/chapter-10/01-syslog-destinations.png,00_book/figures/gui/chapter-10/01-syslog-destinations.png,book-mkdocs,html-img,broken-local
00_book/DOC/10_cau_hinh_syslog_server.md,31,../../figures/gui/chapter-10/02-syslog-server-editor.png,00_book/figures/gui/chapter-10/02-syslog-server-editor.png,book-mkdocs,html-img,broken-local
00_book/DOC/10_cau_hinh_syslog_server.md,58,../../figures/gui/chapter-10/03-syslog-group-hosts.png,00_book/figures/gui/chapter-10/03-syslog-group-hosts.png,book-mkdocs,html-img,broken-local
00_book/DOC/10_cau_hinh_syslog_server.md,70,../../figures/gui/chapter-10/04-syslog-group-interfaces.png,00_book/figures/gui/chapter-10/04-syslog-group-interfaces.png,book-mkdocs,html-img,broken-local
00_book/DOC/10_cau_hinh_syslog_server.md,82,../../figures/gui/chapter-10/05-syslog-group-policy.png,00_book/figures/gui/chapter-10/05-syslog-group-policy.png,book-mkdocs,html-img,broken-local
00_book/DOC/10_cau_hinh_syslog_server.md,97,../../figures/gui/chapter-10/06-syslog-view-push.png,00_book/figures/gui/chapter-10/06-syslog-view-push.png,book-mkdocs,html-img,broken-local
00_book/DOC/11_cau_hinh_nat.md,18,../../figures/gui/chapter-11/01-quick-pat-setup.png,00_book/figures/gui/chapter-11/01-quick-pat-setup.png,book-mkdocs,html-img,broken-local
00_book/DOC/11_cau_hinh_nat.md,41,../../figures/gui/chapter-11/02-interfaces-form-zoom.png,00_book/figures/gui/chapter-11/02-interfaces-form-zoom.png,book-mkdocs,html-img,broken-local
00_book/DOC/11_cau_hinh_nat.md,52,../../figures/gui/chapter-11/03-interfaces-overview.png,00_book/figures/gui/chapter-11/03-interfaces-overview.png,book-mkdocs,html-img,broken-local
00_book/DOC/11_cau_hinh_nat.md,62,../../figures/gui/chapter-11/04-acl-form-zoom.png,00_book/figures/gui/chapter-11/04-acl-form-zoom.png,book-mkdocs,html-img,broken-local
00_book/DOC/11_cau_hinh_nat.md,80,../../figures/gui/chapter-11/05-acl-overview.png,00_book/figures/gui/chapter-11/05-acl-overview.png,book-mkdocs,html-img,broken-local
00_book/DOC/11_cau_hinh_nat.md,91,../../figures/gui/chapter-11/06-static-form-zoom.png,00_book/figures/gui/chapter-11/06-static-form-zoom.png,book-mkdocs,html-img,broken-local
00_book/DOC/11_cau_hinh_nat.md,103,../../figures/gui/chapter-11/07-static-overview.png,00_book/figures/gui/chapter-11/07-static-overview.png,book-mkdocs,html-img,broken-local
00_book/DOC/11_cau_hinh_nat.md,114,../../figures/gui/chapter-11/08-dynamic-form-zoom.png,00_book/figures/gui/chapter-11/08-dynamic-form-zoom.png,book-mkdocs,html-img,broken-local
00_book/DOC/11_cau_hinh_nat.md,125,../../figures/gui/chapter-11/09-dynamic-overview.png,00_book/figures/gui/chapter-11/09-dynamic-overview.png,book-mkdocs,html-img,broken-local
00_book/DOC/11_cau_hinh_nat.md,136,../../figures/gui/chapter-11/10-pat-form-zoom.png,00_book/figures/gui/chapter-11/10-pat-form-zoom.png,book-mkdocs,html-img,broken-local
00_book/DOC/11_cau_hinh_nat.md,148,../../figures/gui/chapter-11/11-pat-overview.png,00_book/figures/gui/chapter-11/11-pat-overview.png,book-mkdocs,html-img,broken-local
00_book/DOC/11_cau_hinh_nat.md,159,../../figures/gui/chapter-11/12-route-map-form-zoom.png,00_book/figures/gui/chapter-11/12-route-map-form-zoom.png,book-mkdocs,html-img,broken-local
00_book/DOC/11_cau_hinh_nat.md,173,../../figures/gui/chapter-11/13-route-map-overview.png,00_book/figures/gui/chapter-11/13-route-map-overview.png,book-mkdocs,html-img,broken-local
00_book/DOC/11_cau_hinh_nat.md,185,../../figures/gui/chapter-11/14-nat-view-push.png,00_book/figures/gui/chapter-11/14-nat-view-push.png,book-mkdocs,html-img,broken-local
00_book/DOC/12_truyen_tep_sftp.md,27,../../figures/gui/chapter-12/01-sftp-connection-form.png,00_book/figures/gui/chapter-12/01-sftp-connection-form.png,book-mkdocs,html-img,broken-local
00_book/DOC/12_truyen_tep_sftp.md,49,../../figures/gui/chapter-12/08-sftp-connection-paths.png,00_book/figures/gui/chapter-12/08-sftp-connection-paths.png,book-mkdocs,html-img,broken-local
00_book/DOC/12_truyen_tep_sftp.md,72,../../figures/gui/chapter-12/03-sftp-connection-bar.png,00_book/figures/gui/chapter-12/03-sftp-connection-bar.png,book-mkdocs,html-img,broken-local
00_book/DOC/12_truyen_tep_sftp.md,89,../../figures/gui/chapter-12/07-sftp-host-key-confirmation.png,00_book/figures/gui/chapter-12/07-sftp-host-key-confirmation.png,book-mkdocs,html-img,broken-local
00_book/DOC/12_truyen_tep_sftp.md,107,../../figures/gui/chapter-12/04-sftp-local-files.png,00_book/figures/gui/chapter-12/04-sftp-local-files.png,book-mkdocs,html-img,broken-local
00_book/DOC/12_truyen_tep_sftp.md,124,../../figures/gui/chapter-12/05-sftp-remote-files.png,00_book/figures/gui/chapter-12/05-sftp-remote-files.png,book-mkdocs,html-img,broken-local
00_book/DOC/12_truyen_tep_sftp.md,143,../../figures/gui/chapter-12/09-scp-workspace.png,00_book/figures/gui/chapter-12/09-scp-workspace.png,book-mkdocs,html-img,broken-local
00_book/DOC/12_truyen_tep_sftp.md,164,../../figures/gui/chapter-12/02-sftp-workspace-overview.png,00_book/figures/gui/chapter-12/02-sftp-workspace-overview.png,book-mkdocs,html-img,broken-local
00_book/DOC/12_truyen_tep_sftp.md,173,../../figures/gui/chapter-12/06-sftp-transfer-queue.png,00_book/figures/gui/chapter-12/06-sftp-transfer-queue.png,book-mkdocs,html-img,broken-local
00_book/DOC/12_truyen_tep_sftp.md,196,../../figures/gui/chapter-04/11-device-context-connected.png,00_book/figures/gui/chapter-04/11-device-context-connected.png,book-mkdocs,html-img,broken-local
00_book/DOC/12_truyen_tep_sftp.md,206,../../figures/gui/chapter-12/10-sync-notifications.png,00_book/figures/gui/chapter-12/10-sync-notifications.png,book-mkdocs,html-img,broken-local
00_book/DOC/12_truyen_tep_sftp.md,228,../../figures/gui/chapter-12/11-running-config-history.png,00_book/figures/gui/chapter-12/11-running-config-history.png,book-mkdocs,html-img,broken-local
00_book/DOC/12_truyen_tep_sftp.md,244,../../figures/gui/chapter-12/12-running-config-diff.png,00_book/figures/gui/chapter-12/12-running-config-diff.png,book-mkdocs,html-img,broken-local
00_book/DOC/13_xem_system_logs.md,13,../../figures/gui/chapter-13/02-listener-status.png,00_book/figures/gui/chapter-13/02-listener-status.png,book-mkdocs,html-img,broken-local
00_book/DOC/13_xem_system_logs.md,37,../../figures/gui/chapter-13/01-system-logs-overview.png,00_book/figures/gui/chapter-13/01-system-logs-overview.png,book-mkdocs,html-img,broken-local
00_book/DOC/13_xem_system_logs.md,66,../../figures/gui/chapter-13/04-severity-levels.png,00_book/figures/gui/chapter-13/04-severity-levels.png,book-mkdocs,html-img,broken-local
00_book/DOC/13_xem_system_logs.md,79,../../figures/gui/chapter-13/05-critical-filter-result.png,00_book/figures/gui/chapter-13/05-critical-filter-result.png,book-mkdocs,html-img,broken-local
00_book/DOC/13_xem_system_logs.md,87,../../figures/gui/chapter-13/03-log-filter-bar.png,00_book/figures/gui/chapter-13/03-log-filter-bar.png,book-mkdocs,html-img,broken-local
00_book/DOC/13_xem_system_logs.md,112,../../figures/gui/chapter-13/06-smart-filter-builder.png,00_book/figures/gui/chapter-13/06-smart-filter-builder.png,book-mkdocs,html-img,broken-local
00_book/DOC/13_xem_system_logs.md,141,../../figures/gui/chapter-13/07-log-message-details.png,00_book/figures/gui/chapter-13/07-log-message-details.png,book-mkdocs,html-img,broken-local
00_book/DOC/14_interface_switch_l2.md,17,../../figures/gui/chapter-14/02-access-port-form.png,00_book/figures/gui/chapter-14/02-access-port-form.png,book-mkdocs,html-img,broken-local
00_book/DOC/14_interface_switch_l2.md,38,../../figures/gui/chapter-14/03-access-loop-protection.png,00_book/figures/gui/chapter-14/03-access-loop-protection.png,book-mkdocs,html-img,broken-local
00_book/DOC/14_interface_switch_l2.md,62,../../figures/gui/chapter-14/04-trunk-port-form.png,00_book/figures/gui/chapter-14/04-trunk-port-form.png,book-mkdocs,html-img,broken-local
00_book/DOC/14_interface_switch_l2.md,81,../../figures/gui/chapter-14/05-trunk-loop-protection.png,00_book/figures/gui/chapter-14/05-trunk-loop-protection.png,book-mkdocs,html-img,broken-local
00_book/DOC/14_interface_switch_l2.md,99,../../figures/gui/chapter-14/01-switch-ports-overview.png,00_book/figures/gui/chapter-14/01-switch-ports-overview.png,book-mkdocs,html-img,broken-local
00_book/DOC/14_interface_switch_l2.md,113,../../figures/gui/chapter-14/06-interfaces-view-push.png,00_book/figures/gui/chapter-14/06-interfaces-view-push.png,book-mkdocs,html-img,broken-local
00_book/DOC/15_vlan_etherchannel_stp_vtp.md,16,../../figures/gui/chapter-15/01-vlan-form.png,00_book/figures/gui/chapter-15/01-vlan-form.png,book-mkdocs,html-img,broken-local
00_book/DOC/15_vlan_etherchannel_stp_vtp.md,31,../../figures/gui/chapter-15/02-vlan-overview.png,00_book/figures/gui/chapter-15/02-vlan-overview.png,book-mkdocs,html-img,broken-local
00_book/DOC/15_vlan_etherchannel_stp_vtp.md,40,../../figures/gui/chapter-15/03-vlan-view-push.png,00_book/figures/gui/chapter-15/03-vlan-view-push.png,book-mkdocs,html-img,broken-local
00_book/DOC/15_vlan_etherchannel_stp_vtp.md,51,../../figures/gui/chapter-15/04-etherchannel-form.png,00_book/figures/gui/chapter-15/04-etherchannel-form.png,book-mkdocs,html-img,broken-local
00_book/DOC/15_vlan_etherchannel_stp_vtp.md,68,../../figures/gui/chapter-15/06-etherchannel-view-push.png,00_book/figures/gui/chapter-15/06-etherchannel-view-push.png,book-mkdocs,html-img,broken-local
00_book/DOC/15_vlan_etherchannel_stp_vtp.md,85,../../figures/gui/chapter-15/05-quick-etherchannel.png,00_book/figures/gui/chapter-15/05-quick-etherchannel.png,book-mkdocs,html-img,broken-local
00_book/DOC/15_vlan_etherchannel_stp_vtp.md,97,../../figures/gui/chapter-15/12-quick-etherchannel-peer.png,00_book/figures/gui/chapter-15/12-quick-etherchannel-peer.png,book-mkdocs,html-img,broken-local
00_book/DOC/15_vlan_etherchannel_stp_vtp.md,109,../../figures/gui/chapter-15/13-quick-etherchannel-link-mode.png,00_book/figures/gui/chapter-15/13-quick-etherchannel-link-mode.png,book-mkdocs,html-img,broken-local
00_book/DOC/15_vlan_etherchannel_stp_vtp.md,129,../../figures/gui/chapter-15/07-stp-form.png,00_book/figures/gui/chapter-15/07-stp-form.png,book-mkdocs,html-img,broken-local
00_book/DOC/15_vlan_etherchannel_stp_vtp.md,146,../../figures/gui/chapter-15/08-stp-view-push.png,00_book/figures/gui/chapter-15/08-stp-view-push.png,book-mkdocs,html-img,broken-local
00_book/DOC/15_vlan_etherchannel_stp_vtp.md,161,../../figures/gui/chapter-15/09-vtp-group-top.png,00_book/figures/gui/chapter-15/09-vtp-group-top.png,book-mkdocs,html-img,broken-local
00_book/DOC/15_vlan_etherchannel_stp_vtp.md,177,../../figures/gui/chapter-15/10-vtp-member-policy.png,00_book/figures/gui/chapter-15/10-vtp-member-policy.png,book-mkdocs,html-img,broken-local
00_book/DOC/15_vlan_etherchannel_stp_vtp.md,194,../../figures/gui/chapter-15/11-vtp-view-push.png,00_book/figures/gui/chapter-15/11-vtp-view-push.png,book-mkdocs,html-img,broken-local
00_book/DOC/16_bao_mat_switch_l2.md,16,../../figures/gui/chapter-16/01-vlan-protection.png,00_book/figures/gui/chapter-16/01-vlan-protection.png,book-mkdocs,html-img,broken-local
00_book/DOC/16_bao_mat_switch_l2.md,39,../../figures/gui/chapter-16/02-trusted-uplinks.png,00_book/figures/gui/chapter-16/02-trusted-uplinks.png,book-mkdocs,html-img,broken-local
00_book/DOC/16_bao_mat_switch_l2.md,59,../../figures/gui/chapter-16/03-static-mac-form.png,00_book/figures/gui/chapter-16/03-static-mac-form.png,book-mkdocs,html-img,broken-local
00_book/DOC/16_bao_mat_switch_l2.md,79,../../figures/gui/chapter-16/04-l2-security-view-push.png,00_book/figures/gui/chapter-16/04-l2-security-view-push.png,book-mkdocs,html-img,broken-local
00_book/DOC/16_bao_mat_switch_l2.md,100,../../figures/gui/chapter-16/05-port-security-form.png,00_book/figures/gui/chapter-16/05-port-security-form.png,book-mkdocs,html-img,broken-local
00_book/DOC/16_bao_mat_switch_l2.md,131,../../figures/gui/chapter-16/07-port-security-view-push.png,00_book/figures/gui/chapter-16/07-port-security-view-push.png,book-mkdocs,html-img,broken-local
00_book/DOC/17_giam_sat_switch_l2.md,10,../../figures/gui/chapter-17/01-port-counters.png,00_book/figures/gui/chapter-17/01-port-counters.png,book-mkdocs,html-img,broken-local
00_book/DOC/17_giam_sat_switch_l2.md,31,../../figures/gui/chapter-17/02-mac-address-table.png,00_book/figures/gui/chapter-17/02-mac-address-table.png,book-mkdocs,html-img,broken-local
00_book/DOC/18_interface_switch_l3.md,26,../../figures/gui/chapter-18/01-routed-port-form.png,00_book/figures/gui/chapter-18/01-routed-port-form.png,book-mkdocs,html-img,broken-local
00_book/DOC/18_interface_switch_l3.md,48,../../figures/gui/chapter-18/02-routed-ports-overview.png,00_book/figures/gui/chapter-18/02-routed-ports-overview.png,book-mkdocs,html-img,broken-local
00_book/DOC/18_interface_switch_l3.md,64,../../figures/gui/chapter-18/03-interfaces-view-push-routed.png,00_book/figures/gui/chapter-18/03-interfaces-view-push-routed.png,book-mkdocs,html-img,broken-local
00_book/DOC/18_interface_switch_l3.md,80,../../figures/gui/chapter-18/04-svi-form.png,00_book/figures/gui/chapter-18/04-svi-form.png,book-mkdocs,html-img,broken-local
00_book/DOC/18_interface_switch_l3.md,107,../../figures/gui/chapter-18/05-svi-overview-ip-routing.png,00_book/figures/gui/chapter-18/05-svi-overview-ip-routing.png,book-mkdocs,html-img,broken-local
00_book/DOC/18_interface_switch_l3.md,122,../../figures/gui/chapter-18/06-svi-view-push.png,00_book/figures/gui/chapter-18/06-svi-view-push.png,book-mkdocs,html-img,broken-local
00_book/DOC/19_dhcp_acl_switch_l3.md,17,../../figures/gui/chapter-19/01-dhcp-pool-form.png,00_book/figures/gui/chapter-19/01-dhcp-pool-form.png,book-mkdocs,html-img,broken-local
00_book/DOC/19_dhcp_acl_switch_l3.md,36,../../figures/gui/chapter-19/02-dhcp-server-overview.png,00_book/figures/gui/chapter-19/02-dhcp-server-overview.png,book-mkdocs,html-img,broken-local
00_book/DOC/19_dhcp_acl_switch_l3.md,53,../../figures/gui/chapter-19/03-dhcp-server-view-push.png,00_book/figures/gui/chapter-19/03-dhcp-server-view-push.png,book-mkdocs,html-img,broken-local
00_book/DOC/19_dhcp_acl_switch_l3.md,69,../../figures/gui/chapter-19/04-dhcp-relay-form.png,00_book/figures/gui/chapter-19/04-dhcp-relay-form.png,book-mkdocs,html-img,broken-local
00_book/DOC/19_dhcp_acl_switch_l3.md,86,../../figures/gui/chapter-19/05-dhcp-relay-view-push.png,00_book/figures/gui/chapter-19/05-dhcp-relay-view-push.png,book-mkdocs,html-img,broken-local
00_book/DOC/19_dhcp_acl_switch_l3.md,103,../../figures/gui/chapter-19/06-acl-extended-form.png,00_book/figures/gui/chapter-19/06-acl-extended-form.png,book-mkdocs,html-img,broken-local
00_book/DOC/19_dhcp_acl_switch_l3.md,128,../../figures/gui/chapter-19/07-acl-bindings.png,00_book/figures/gui/chapter-19/07-acl-bindings.png,book-mkdocs,html-img,broken-local
00_book/DOC/19_dhcp_acl_switch_l3.md,145,../../figures/gui/chapter-19/08-acl-view-push.png,00_book/figures/gui/chapter-19/08-acl-view-push.png,book-mkdocs,html-img,broken-local
