file,line,current_behavior,inconsistency,recommended_future_fix
docshots/cli.py,20,REPOSITORY_ROOT = APP_DIR.parent; DEFAULT_OUTPUT_DIR under parent/docs/research/book/figures/gui,"APP_DIR is CAMS root; default resolves outside repository, not documented repo-root",Use explicit canonical/staging destination model in later phase; correct root definition and destination contracts together
docshots/cli.py,81,chapter-03/04 force APP_DIR/book/figures/gui/<shot>; ignore --output-dir,Current assets live under 00_book; standard command cannot regenerate current asset location,Update both forced destinations and tests after architecture decision; retain independent renderer output support
docs/DOCSHOTS.md,32,Documented default <repo-root>/docs/research/book/figures/gui,Legacy layout; also disagrees with actual parent-root behavior,Document canonical source vs MkDocs staging and real CLI output after migration
docs/DOCSHOTS.md,68,VLAN output documented in legacy docs/research/book tree,Current inventory is 00_book/figures/gui/vlan,Update documentation plus default destination contract
tests/test_docshots_chapter03.py,19,Asserts APP_DIR/book/figures/gui/chapter-03,Test locks obsolete book destination,"Update destination assertions with CLI, preserving isolation/repeatability tests"
tests/test_docshots_chapter04.py,16,Asserts APP_DIR/book/figures/gui/chapter-04,Test locks obsolete book destination,Update destination assertions with CLI
tests/test_docshots_chapter03.py,59,Loads book/fixtures/chapter-03/build_fixture.py,Neither book/fixtures nor 00_book/fixtures/chapter-03 exists in checked-out repository,Recover/locate intended training fixture source; investigate before claiming full test reproducibility
tests/test_docshots.py,45,Default test compares parser output only to DEFAULT_OUTPUT_DIR constant; rendering tests use temporary override,Does not detect wrong repository-root calculation or current asset-tree mismatch,Add future destination contract checks once approved architecture exists
docs/DOCSHOTS.md,99,Says add-device unregistered and describes future capture work,"Standalone add-device token remains unregistered, but chapter04 already renders Add Device/Multiple/Edit windows",Clarify supported workflow vs standalone shot; document chapter03/04/dialogs commands and crop geometry
