duplicate_type,asset_a,asset_b,metric,distance,confidence,notes
duplicate_visual_candidate,00_book/figures/gui/chapter-02/04-workspace-opened.png,00_book/figures/gui/chapter-02/06-open-existing-project.png,256-bit-dhash + RGB thumbnail MAE,0,low,RGB MAE=0.012; similar UI layout can match different states. Not exact; review original pair.
duplicate_visual_candidate,00_book/figures/gui/chapter-02/04-workspace-opened.png,00_book/figures/gui/chapter-02/10-ready-workspace.png,256-bit-dhash + RGB thumbnail MAE,0,low,RGB MAE=0.000; similar UI layout can match different states. Not exact; review original pair.
duplicate_visual_candidate,00_book/figures/gui/chapter-02/04-workspace-opened.png,00_book/figures/gui/workspace.png,256-bit-dhash + RGB thumbnail MAE,4,low,RGB MAE=0.101; similar UI layout can match different states. Not exact; review original pair.
duplicate_visual_candidate,00_book/figures/gui/chapter-02/06-open-existing-project.png,00_book/figures/gui/chapter-02/10-ready-workspace.png,256-bit-dhash + RGB thumbnail MAE,0,low,RGB MAE=0.012; similar UI layout can match different states. Not exact; review original pair.
duplicate_visual_candidate,00_book/figures/gui/chapter-02/06-open-existing-project.png,00_book/figures/gui/workspace.png,256-bit-dhash + RGB thumbnail MAE,4,low,RGB MAE=0.091; similar UI layout can match different states. Not exact; review original pair.
duplicate_visual_candidate,00_book/figures/gui/chapter-02/10-ready-workspace.png,00_book/figures/gui/workspace.png,256-bit-dhash + RGB thumbnail MAE,4,low,RGB MAE=0.101; similar UI layout can match different states. Not exact; review original pair.
duplicate_visual_candidate,00_book/figures/gui/chapter-05/02-edit-physical-interface.png,00_book/figures/gui/chapter-05/03-physical-interface-configured.png,256-bit-dhash + RGB thumbnail MAE,1,low,RGB MAE=0.087; similar UI layout can match different states. Not exact; review original pair.
duplicate_visual_candidate,00_book/figures/gui/chapter-06/23-static-view-push.png,00_book/figures/gui/chapter-19/05-dhcp-relay-view-push.png,256-bit-dhash + RGB thumbnail MAE,7,low,RGB MAE=0.570; similar UI layout can match different states. Not exact; review original pair.
duplicate_visual_candidate,00_book/figures/gui/chapter-15/03-vlan-view-push.png,00_book/figures/gui/chapter-19/05-dhcp-relay-view-push.png,256-bit-dhash + RGB thumbnail MAE,6,low,RGB MAE=0.308; similar UI layout can match different states. Not exact; review original pair.
duplicate_visual_candidate,00_book/figures/gui/devices.png,00_book/figures/gui/vlan/01-select-switch.png,256-bit-dhash + RGB thumbnail MAE,3,low,RGB MAE=0.280; similar UI layout can match different states. Not exact; review original pair.
duplicate_visual_candidate,00_book/figures/gui/vlan/03-add-vlan.png,00_book/figures/gui/vlan/04-vlan-id.png,256-bit-dhash + RGB thumbnail MAE,0,low,RGB MAE=0.298; similar UI layout can match different states. Not exact; review original pair.
duplicate_visual_candidate,00_book/figures/gui/vlan/03-add-vlan.png,00_book/figures/gui/vlan/05-vlan-name.png,256-bit-dhash + RGB thumbnail MAE,3,low,RGB MAE=0.328; similar UI layout can match different states. Not exact; review original pair.
duplicate_visual_candidate,00_book/figures/gui/vlan/03-add-vlan.png,00_book/figures/gui/vlan/07-ready-to-save.png,256-bit-dhash + RGB thumbnail MAE,4,low,RGB MAE=0.341; similar UI layout can match different states. Not exact; review original pair.
duplicate_visual_candidate,00_book/figures/gui/vlan/04-vlan-id.png,00_book/figures/gui/vlan/05-vlan-name.png,256-bit-dhash + RGB thumbnail MAE,3,low,RGB MAE=0.130; similar UI layout can match different states. Not exact; review original pair.
duplicate_visual_candidate,00_book/figures/gui/vlan/04-vlan-id.png,00_book/figures/gui/vlan/07-ready-to-save.png,256-bit-dhash + RGB thumbnail MAE,4,low,RGB MAE=0.144; similar UI layout can match different states. Not exact; review original pair.
duplicate_visual_candidate,00_book/figures/gui/vlan/05-vlan-name.png,00_book/figures/gui/vlan/06-vlan-state.png,256-bit-dhash + RGB thumbnail MAE,7,low,RGB MAE=0.426; similar UI layout can match different states. Not exact; review original pair.
duplicate_visual_candidate,00_book/figures/gui/vlan/05-vlan-name.png,00_book/figures/gui/vlan/07-ready-to-save.png,256-bit-dhash + RGB thumbnail MAE,1,low,RGB MAE=0.105; similar UI layout can match different states. Not exact; review original pair.
duplicate_visual_candidate,00_book/figures/gui/vlan/06-vlan-state.png,00_book/figures/gui/vlan/07-ready-to-save.png,256-bit-dhash + RGB thumbnail MAE,8,low,RGB MAE=0.328; similar UI layout can match different states. Not exact; review original pair.
duplicate_visual_candidate,00_book/figures/report/diagrams/routing-ospf-lab/19.png,00_book/figures/report/diagrams/routing-ospf-lab/20.png,256-bit-dhash + RGB thumbnail MAE,8,low,RGB MAE=1.233; similar UI layout can match different states. Not exact; review original pair.
duplicate_visual_candidate,00_book/figures/report/diagrams/routing-ospf-lab/2.png,00_book/figures/report/diagrams/routing-ospf-lab/3.png,256-bit-dhash + RGB thumbnail MAE,1,low,RGB MAE=0.260; similar UI layout can match different states. Not exact; review original pair.
duplicate_visual_candidate,00_book/figures/report/diagrams/routing-ospf-lab/2.png,00_book/figures/report/diagrams/routing-ospf-lab/4.png,256-bit-dhash + RGB thumbnail MAE,4,low,RGB MAE=0.709; similar UI layout can match different states. Not exact; review original pair.
duplicate_visual_candidate,00_book/figures/report/diagrams/routing-ospf-lab/3.png,00_book/figures/report/diagrams/routing-ospf-lab/4.png,256-bit-dhash + RGB thumbnail MAE,3,low,RGB MAE=0.660; similar UI layout can match different states. Not exact; review original pair.
duplicate_visual_candidate,00_book/figures/report/diagrams/routing-ospf-lab/5.png,00_book/figures/report/diagrams/routing-ospf-lab/6.png,256-bit-dhash + RGB thumbnail MAE,7,low,RGB MAE=0.542; similar UI layout can match different states. Not exact; review original pair.
duplicate_visual_candidate,00_book/figures/report/diagrams/routing-ospf-lab/5.png,00_book/figures/report/diagrams/routing-ospf-lab/7.png,256-bit-dhash + RGB thumbnail MAE,7,low,RGB MAE=0.389; similar UI layout can match different states. Not exact; review original pair.
duplicate_visual_candidate,00_book/figures/report/diagrams/routing-ospf-lab/6.png,00_book/figures/report/diagrams/routing-ospf-lab/7.png,256-bit-dhash + RGB thumbnail MAE,4,low,RGB MAE=0.426; similar UI layout can match different states. Not exact; review original pair.
duplicate_visual_candidate,00_book/figures/report/diagrams/switching-lab/1_1.png,00_book/figures/report/diagrams/switching-lab/1_18.png,256-bit-dhash + RGB thumbnail MAE,1,low,RGB MAE=0.087; similar UI layout can match different states. Not exact; review original pair.
duplicate_visual_candidate,00_book/figures/report/diagrams/switching-lab/1_11.png,00_book/figures/report/diagrams/switching-lab/1_13.png,256-bit-dhash + RGB thumbnail MAE,5,low,RGB MAE=0.356; similar UI layout can match different states. Not exact; review original pair.
duplicate_visual_candidate,00_book/figures/report/diagrams/switching-lab/1_12.png,00_book/figures/report/diagrams/switching-lab/1_13.png,256-bit-dhash + RGB thumbnail MAE,6,low,RGB MAE=0.386; similar UI layout can match different states. Not exact; review original pair.
duplicate_visual_candidate,00_book/figures/report/diagrams/switching-lab/1_14.png,00_book/figures/report/diagrams/switching-lab/1_15.png,256-bit-dhash + RGB thumbnail MAE,0,low,RGB MAE=0.157; similar UI layout can match different states. Not exact; review original pair.
duplicate_visual_candidate,00_book/figures/report/diagrams/switching-lab/1_29.png,00_book/figures/report/diagrams/switching-lab/1_31.png,256-bit-dhash + RGB thumbnail MAE,0,low,RGB MAE=0.160; similar UI layout can match different states. Not exact; review original pair.
duplicate_visual_candidate,00_book/figures/report/diagrams/switching-lab/1_4.png,00_book/figures/report/diagrams/switching-lab/1_5.png,256-bit-dhash + RGB thumbnail MAE,2,low,RGB MAE=0.212; similar UI layout can match different states. Not exact; review original pair.
duplicate_visual_candidate,00_book/figures/report/diagrams/switching-lab/1_4.png,00_book/figures/report/diagrams/switching-lab/1_6.png,256-bit-dhash + RGB thumbnail MAE,1,low,RGB MAE=0.030; similar UI layout can match different states. Not exact; review original pair.
duplicate_visual_candidate,00_book/figures/report/diagrams/switching-lab/1_4.png,00_book/figures/report/diagrams/switching-lab/1_7.png,256-bit-dhash + RGB thumbnail MAE,2,low,RGB MAE=0.248; similar UI layout can match different states. Not exact; review original pair.
duplicate_visual_candidate,00_book/figures/report/diagrams/switching-lab/1_4.png,00_book/figures/report/diagrams/switching-lab/1_8.png,256-bit-dhash + RGB thumbnail MAE,3,low,RGB MAE=0.268; similar UI layout can match different states. Not exact; review original pair.
duplicate_visual_candidate,00_book/figures/report/diagrams/switching-lab/1_5.png,00_book/figures/report/diagrams/switching-lab/1_6.png,256-bit-dhash + RGB thumbnail MAE,1,low,RGB MAE=0.192; similar UI layout can match different states. Not exact; review original pair.
duplicate_visual_candidate,00_book/figures/report/diagrams/switching-lab/1_5.png,00_book/figures/report/diagrams/switching-lab/1_7.png,256-bit-dhash + RGB thumbnail MAE,2,low,RGB MAE=0.266; similar UI layout can match different states. Not exact; review original pair.
duplicate_visual_candidate,00_book/figures/report/diagrams/switching-lab/1_5.png,00_book/figures/report/diagrams/switching-lab/1_8.png,256-bit-dhash + RGB thumbnail MAE,3,low,RGB MAE=0.268; similar UI layout can match different states. Not exact; review original pair.
duplicate_visual_candidate,00_book/figures/report/diagrams/switching-lab/1_6.png,00_book/figures/report/diagrams/switching-lab/1_7.png,256-bit-dhash + RGB thumbnail MAE,3,low,RGB MAE=0.231; similar UI layout can match different states. Not exact; review original pair.
duplicate_visual_candidate,00_book/figures/report/diagrams/switching-lab/1_6.png,00_book/figures/report/diagrams/switching-lab/1_8.png,256-bit-dhash + RGB thumbnail MAE,4,low,RGB MAE=0.247; similar UI layout can match different states. Not exact; review original pair.
duplicate_visual_candidate,00_book/figures/report/diagrams/switching-lab/1_7.png,00_book/figures/report/diagrams/switching-lab/1_8.png,256-bit-dhash + RGB thumbnail MAE,1,low,RGB MAE=0.178; similar UI layout can match different states. Not exact; review original pair.
duplicate_visual_candidate,00_report/Tai_lieu_lab/LAB1/ANH_CUA_LAB/image copy 2.png,00_report/Tai_lieu_lab/LAB1/ANH_CUA_LAB/image copy.png,256-bit-dhash + RGB thumbnail MAE,6,low,RGB MAE=0.903; similar UI layout can match different states. Not exact; review original pair.
