asset_path,current_document_references,reason,suggested_staged_path
00_book/figures/gui/chapter-02/01-welcome-window.png,1,Markdown/HTML image intended target; current links are broken,figures/gui/chapter-02/01-welcome-window.png
00_book/figures/gui/chapter-02/02-create-project.png,1,Markdown/HTML image intended target; current links are broken,figures/gui/chapter-02/02-create-project.png
00_book/figures/gui/chapter-02/03-project-details.png,1,Markdown/HTML image intended target; current links are broken,figures/gui/chapter-02/03-project-details.png
00_book/figures/gui/chapter-02/04-workspace-opened.png,1,Markdown/HTML image intended target; current links are broken,figures/gui/chapter-02/04-workspace-opened.png
00_book/figures/gui/chapter-02/05-open-project-choice.png,1,Markdown/HTML image intended target; current links are broken,figures/gui/chapter-02/05-open-project-choice.png
00_book/figures/gui/chapter-02/06-open-existing-project.png,1,Markdown/HTML image intended target; current links are broken,figures/gui/chapter-02/06-open-existing-project.png
00_book/figures/gui/chapter-02/07-recent-projects.png,1,Markdown/HTML image intended target; current links are broken,figures/gui/chapter-02/07-recent-projects.png
00_book/figures/gui/chapter-02/08-save-project.png,1,Markdown/HTML image intended target; current links are broken,figures/gui/chapter-02/08-save-project.png
00_book/figures/gui/chapter-02/09-snapshot-history.png,1,Markdown/HTML image intended target; current links are broken,figures/gui/chapter-02/09-snapshot-history.png
00_book/figures/gui/chapter-02/10-ready-workspace.png,1,Markdown/HTML image intended target; current links are broken,figures/gui/chapter-02/10-ready-workspace.png
00_book/figures/gui/chapter-03/01-workspace-overview.png,1,Markdown/HTML image intended target; current links are broken,figures/gui/chapter-03/01-workspace-overview.png
00_book/figures/gui/chapter-03/02-menu-bar.png,1,Markdown/HTML image intended target; current links are broken,figures/gui/chapter-03/02-menu-bar.png
00_book/figures/gui/chapter-03/03-activity-bar.png,1,Markdown/HTML image intended target; current links are broken,figures/gui/chapter-03/03-activity-bar.png
00_book/figures/gui/chapter-03/04-devices-sidebar.png,1,Markdown/HTML image intended target; current links are broken,figures/gui/chapter-03/04-devices-sidebar.png
00_book/figures/gui/chapter-03/05-device-tabs.png,1,Markdown/HTML image intended target; current links are broken,figures/gui/chapter-03/05-device-tabs.png
00_book/figures/gui/chapter-03/06-feature-bar-router.png,1,Markdown/HTML image intended target; current links are broken,figures/gui/chapter-03/06-feature-bar-router.png
00_book/figures/gui/chapter-03/07-feature-bar-switch.png,1,Markdown/HTML image intended target; current links are broken,figures/gui/chapter-03/07-feature-bar-switch.png
00_book/figures/gui/chapter-03/08-content-area.png,1,Markdown/HTML image intended target; current links are broken,figures/gui/chapter-03/08-content-area.png
00_book/figures/gui/chapter-03/09-status-bar.png,1,Markdown/HTML image intended target; current links are broken,figures/gui/chapter-03/09-status-bar.png
00_book/figures/gui/chapter-03/09-status-details.png,1,Markdown/HTML image intended target; current links are broken,figures/gui/chapter-03/09-status-details.png
00_book/figures/gui/chapter-03/10-sidebar-collapsed.png,1,Markdown/HTML image intended target; current links are broken,figures/gui/chapter-03/10-sidebar-collapsed.png
00_book/figures/gui/chapter-04/01-devices-inventory.png,1,Markdown/HTML image intended target; current links are broken,figures/gui/chapter-04/01-devices-inventory.png
00_book/figures/gui/chapter-04/02-add-device-empty.png,1,Markdown/HTML image intended target; current links are broken,figures/gui/chapter-04/02-add-device-empty.png
00_book/figures/gui/chapter-04/03-add-device-filled.png,1,Markdown/HTML image intended target; current links are broken,figures/gui/chapter-04/03-add-device-filled.png
00_book/figures/gui/chapter-04/04-device-added-waiting.png,1,Markdown/HTML image intended target; current links are broken,figures/gui/chapter-04/04-device-added-waiting.png
00_book/figures/gui/chapter-04/05-ssh-compatibility.png,1,Markdown/HTML image intended target; current links are broken,figures/gui/chapter-04/05-ssh-compatibility.png
00_book/figures/gui/chapter-04/06-add-multiple-devices.png,1,Markdown/HTML image intended target; current links are broken,figures/gui/chapter-04/06-add-multiple-devices.png
00_book/figures/gui/chapter-04/07-batch-devices-filled.png,1,Markdown/HTML image intended target; current links are broken,figures/gui/chapter-04/07-batch-devices-filled.png
00_book/figures/gui/chapter-04/08-search-filter.png,1,Markdown/HTML image intended target; current links are broken,figures/gui/chapter-04/08-search-filter.png
00_book/figures/gui/chapter-04/09-device-context-waiting.png,1,Markdown/HTML image intended target; current links are broken,figures/gui/chapter-04/09-device-context-waiting.png
00_book/figures/gui/chapter-04/10-device-connected.png,1,Markdown/HTML image intended target; current links are broken,figures/gui/chapter-04/10-device-connected.png
00_book/figures/gui/chapter-04/11-device-context-connected.png,2,Markdown/HTML image intended target; current links are broken,figures/gui/chapter-04/11-device-context-connected.png
00_book/figures/gui/chapter-04/12-device-context-disconnected.png,1,Markdown/HTML image intended target; current links are broken,figures/gui/chapter-04/12-device-context-disconnected.png
00_book/figures/gui/chapter-04/13-multi-select.png,1,Markdown/HTML image intended target; current links are broken,figures/gui/chapter-04/13-multi-select.png
00_book/figures/gui/chapter-04/14-multi-select-actions.png,1,Markdown/HTML image intended target; current links are broken,figures/gui/chapter-04/14-multi-select-actions.png
00_book/figures/gui/chapter-04/15-edit-device.png,1,Markdown/HTML image intended target; current links are broken,figures/gui/chapter-04/15-edit-device.png
00_book/figures/gui/chapter-04/16-delete-device-confirmation.png,1,Markdown/HTML image intended target; current links are broken,figures/gui/chapter-04/16-delete-device-confirmation.png
00_book/figures/gui/chapter-04/17-running-config-result.png,1,Markdown/HTML image intended target; current links are broken,figures/gui/chapter-04/17-running-config-result.png
00_book/figures/gui/chapter-04/18-import-result.png,1,Markdown/HTML image intended target; current links are broken,figures/gui/chapter-04/18-import-result.png
00_book/figures/gui/chapter-04/19-batch-table-detail.png,1,Markdown/HTML image intended target; current links are broken,figures/gui/chapter-04/19-batch-table-detail.png
00_book/figures/gui/chapter-05/01-router-interface-overview.png,1,Markdown/HTML image intended target; current links are broken,figures/gui/chapter-05/01-router-interface-overview.png
00_book/figures/gui/chapter-05/02-edit-physical-interface.png,1,Markdown/HTML image intended target; current links are broken,figures/gui/chapter-05/02-edit-physical-interface.png
00_book/figures/gui/chapter-05/03-physical-interface-configured.png,1,Markdown/HTML image intended target; current links are broken,figures/gui/chapter-05/03-physical-interface-configured.png
00_book/figures/gui/chapter-05/04-loopback-interface.png,1,Markdown/HTML image intended target; current links are broken,figures/gui/chapter-05/04-loopback-interface.png
00_book/figures/gui/chapter-05/05-tunnel-interface.png,1,Markdown/HTML image intended target; current links are broken,figures/gui/chapter-05/05-tunnel-interface.png
00_book/figures/gui/chapter-05/06-subinterface.png,1,Markdown/HTML image intended target; current links are broken,figures/gui/chapter-05/06-subinterface.png
00_book/figures/gui/chapter-05/07-view-push-preview.png,1,Markdown/HTML image intended target; current links are broken,figures/gui/chapter-05/07-view-push-preview.png
00_book/figures/gui/chapter-06/01-static-routes.png,1,Markdown/HTML image intended target; current links are broken,figures/gui/chapter-06/01-static-routes.png
00_book/figures/gui/chapter-06/02-default-routes.png,1,Markdown/HTML image intended target; current links are broken,figures/gui/chapter-06/02-default-routes.png
00_book/figures/gui/chapter-06/03-ospf-process.png,1,Markdown/HTML image intended target; current links are broken,figures/gui/chapter-06/03-ospf-process.png
00_book/figures/gui/chapter-06/04-ospf-networks.png,1,Markdown/HTML image intended target; current links are broken,figures/gui/chapter-06/04-ospf-networks.png
00_book/figures/gui/chapter-06/05-ospf-areas.png,1,Markdown/HTML image intended target; current links are broken,figures/gui/chapter-06/05-ospf-areas.png
00_book/figures/gui/chapter-06/06-ospf-distance.png,1,Markdown/HTML image intended target; current links are broken,figures/gui/chapter-06/06-ospf-distance.png
00_book/figures/gui/chapter-06/07-ospf-redistribute.png,1,Markdown/HTML image intended target; current links are broken,figures/gui/chapter-06/07-ospf-redistribute.png
00_book/figures/gui/chapter-06/08-ospf-interfaces.png,1,Markdown/HTML image intended target; current links are broken,figures/gui/chapter-06/08-ospf-interfaces.png
00_book/figures/gui/chapter-06/09-ospf-passive-interface.png,1,Markdown/HTML image intended target; current links are broken,figures/gui/chapter-06/09-ospf-passive-interface.png
00_book/figures/gui/chapter-06/10-ospf-tuning.png,1,Markdown/HTML image intended target; current links are broken,figures/gui/chapter-06/10-ospf-tuning.png
00_book/figures/gui/chapter-06/11-eigrp-process.png,1,Markdown/HTML image intended target; current links are broken,figures/gui/chapter-06/11-eigrp-process.png
00_book/figures/gui/chapter-06/12-eigrp-networks.png,1,Markdown/HTML image intended target; current links are broken,figures/gui/chapter-06/12-eigrp-networks.png
00_book/figures/gui/chapter-06/13-eigrp-interfaces.png,1,Markdown/HTML image intended target; current links are broken,figures/gui/chapter-06/13-eigrp-interfaces.png
00_book/figures/gui/chapter-06/14-eigrp-passive-interface.png,1,Markdown/HTML image intended target; current links are broken,figures/gui/chapter-06/14-eigrp-passive-interface.png
00_book/figures/gui/chapter-06/15-eigrp-redistribute.png,1,Markdown/HTML image intended target; current links are broken,figures/gui/chapter-06/15-eigrp-redistribute.png
00_book/figures/gui/chapter-06/16-eigrp-distribute-list.png,1,Markdown/HTML image intended target; current links are broken,figures/gui/chapter-06/16-eigrp-distribute-list.png
00_book/figures/gui/chapter-06/17-eigrp-offset-list.png,1,Markdown/HTML image intended target; current links are broken,figures/gui/chapter-06/17-eigrp-offset-list.png
00_book/figures/gui/chapter-06/18-eigrp-key-chains.png,1,Markdown/HTML image intended target; current links are broken,figures/gui/chapter-06/18-eigrp-key-chains.png
00_book/figures/gui/chapter-06/19-routing-group-hosts.png,1,Markdown/HTML image intended target; current links are broken,figures/gui/chapter-06/19-routing-group-hosts.png
00_book/figures/gui/chapter-06/20-routing-group-identity.png,1,Markdown/HTML image intended target; current links are broken,figures/gui/chapter-06/20-routing-group-identity.png
00_book/figures/gui/chapter-06/21-routing-group-common.png,1,Markdown/HTML image intended target; current links are broken,figures/gui/chapter-06/21-routing-group-common.png
00_book/figures/gui/chapter-06/22-routing-group-networks.png,1,Markdown/HTML image intended target; current links are broken,figures/gui/chapter-06/22-routing-group-networks.png
00_book/figures/gui/chapter-06/23-static-view-push.png,1,Markdown/HTML image intended target; current links are broken,figures/gui/chapter-06/23-static-view-push.png
00_book/figures/gui/chapter-06/24-ospf-view-push.png,1,Markdown/HTML image intended target; current links are broken,figures/gui/chapter-06/24-ospf-view-push.png
00_book/figures/gui/chapter-06/25-eigrp-view-push.png,1,Markdown/HTML image intended target; current links are broken,figures/gui/chapter-06/25-eigrp-view-push.png
00_book/figures/gui/chapter-06/26-routing-group-view-push.png,1,Markdown/HTML image intended target; current links are broken,figures/gui/chapter-06/26-routing-group-view-push.png
00_book/figures/gui/chapter-07/01-dhcp-pools.png,1,Markdown/HTML image intended target; current links are broken,figures/gui/chapter-07/01-dhcp-pools.png
00_book/figures/gui/chapter-07/02-dhcp-excluded-addresses.png,1,Markdown/HTML image intended target; current links are broken,figures/gui/chapter-07/02-dhcp-excluded-addresses.png
00_book/figures/gui/chapter-07/03-dhcp-helper-addresses.png,1,Markdown/HTML image intended target; current links are broken,figures/gui/chapter-07/03-dhcp-helper-addresses.png
00_book/figures/gui/chapter-07/04-dhcp-view-push.png,1,Markdown/HTML image intended target; current links are broken,figures/gui/chapter-07/04-dhcp-view-push.png
00_book/figures/gui/chapter-08/01-acl-standard.png,1,Markdown/HTML image intended target; current links are broken,figures/gui/chapter-08/01-acl-standard.png
00_book/figures/gui/chapter-08/02-acl-extended.png,1,Markdown/HTML image intended target; current links are broken,figures/gui/chapter-08/02-acl-extended.png
00_book/figures/gui/chapter-08/03-acl-dynamic.png,1,Markdown/HTML image intended target; current links are broken,figures/gui/chapter-08/03-acl-dynamic.png
00_book/figures/gui/chapter-08/04-acl-reflexive.png,1,Markdown/HTML image intended target; current links are broken,figures/gui/chapter-08/04-acl-reflexive.png
00_book/figures/gui/chapter-08/05-acl-mac.png,1,Markdown/HTML image intended target; current links are broken,figures/gui/chapter-08/05-acl-mac.png
00_book/figures/gui/chapter-08/06-acl-bindings.png,1,Markdown/HTML image intended target; current links are broken,figures/gui/chapter-08/06-acl-bindings.png
00_book/figures/gui/chapter-08/07-acl-view-push.png,1,Markdown/HTML image intended target; current links are broken,figures/gui/chapter-08/07-acl-view-push.png
00_book/figures/gui/chapter-09/01-hsrp-gateway-members.png,1,Markdown/HTML image intended target; current links are broken,figures/gui/chapter-09/01-hsrp-gateway-members.png
00_book/figures/gui/chapter-09/03-hsrp-member-policy.png,1,Markdown/HTML image intended target; current links are broken,figures/gui/chapter-09/03-hsrp-member-policy.png
00_book/figures/gui/chapter-09/04-vrrp-configuration.png,1,Markdown/HTML image intended target; current links are broken,figures/gui/chapter-09/04-vrrp-configuration.png
00_book/figures/gui/chapter-09/05-glbp-configuration.png,1,Markdown/HTML image intended target; current links are broken,figures/gui/chapter-09/05-glbp-configuration.png
00_book/figures/gui/chapter-09/06-hsrp-view-push.png,1,Markdown/HTML image intended target; current links are broken,figures/gui/chapter-09/06-hsrp-view-push.png
00_book/figures/gui/chapter-09/07-vrrp-view-push.png,1,Markdown/HTML image intended target; current links are broken,figures/gui/chapter-09/07-vrrp-view-push.png
00_book/figures/gui/chapter-09/08-glbp-view-push.png,1,Markdown/HTML image intended target; current links are broken,figures/gui/chapter-09/08-glbp-view-push.png
00_book/figures/gui/chapter-09/09-hsrp-gateway-form-zoom.png,1,Markdown/HTML image intended target; current links are broken,figures/gui/chapter-09/09-hsrp-gateway-form-zoom.png
00_book/figures/gui/chapter-09/11-hsrp-primary-member-zoom.png,1,Markdown/HTML image intended target; current links are broken,figures/gui/chapter-09/11-hsrp-primary-member-zoom.png
00_book/figures/gui/chapter-09/12-hsrp-secondary-member-zoom.png,1,Markdown/HTML image intended target; current links are broken,figures/gui/chapter-09/12-hsrp-secondary-member-zoom.png
00_book/figures/gui/chapter-09/13-vrrp-options-member-zoom.png,1,Markdown/HTML image intended target; current links are broken,figures/gui/chapter-09/13-vrrp-options-member-zoom.png
00_book/figures/gui/chapter-09/14-glbp-weighting-zoom.png,1,Markdown/HTML image intended target; current links are broken,figures/gui/chapter-09/14-glbp-weighting-zoom.png
00_book/figures/gui/chapter-09/15-hsrp-auth-protocol-detail.png,1,Markdown/HTML image intended target; current links are broken,figures/gui/chapter-09/15-hsrp-auth-protocol-detail.png
00_book/figures/gui/chapter-10/01-syslog-destinations.png,1,Markdown/HTML image intended target; current links are broken,figures/gui/chapter-10/01-syslog-destinations.png
00_book/figures/gui/chapter-10/02-syslog-server-editor.png,1,Markdown/HTML image intended target; current links are broken,figures/gui/chapter-10/02-syslog-server-editor.png
00_book/figures/gui/chapter-10/03-syslog-group-hosts.png,1,Markdown/HTML image intended target; current links are broken,figures/gui/chapter-10/03-syslog-group-hosts.png
00_book/figures/gui/chapter-10/04-syslog-group-interfaces.png,1,Markdown/HTML image intended target; current links are broken,figures/gui/chapter-10/04-syslog-group-interfaces.png
00_book/figures/gui/chapter-10/05-syslog-group-policy.png,1,Markdown/HTML image intended target; current links are broken,figures/gui/chapter-10/05-syslog-group-policy.png
00_book/figures/gui/chapter-10/06-syslog-view-push.png,1,Markdown/HTML image intended target; current links are broken,figures/gui/chapter-10/06-syslog-view-push.png
00_book/figures/gui/chapter-11/01-quick-pat-setup.png,1,Markdown/HTML image intended target; current links are broken,figures/gui/chapter-11/01-quick-pat-setup.png
00_book/figures/gui/chapter-11/02-interfaces-form-zoom.png,1,Markdown/HTML image intended target; current links are broken,figures/gui/chapter-11/02-interfaces-form-zoom.png
00_book/figures/gui/chapter-11/03-interfaces-overview.png,1,Markdown/HTML image intended target; current links are broken,figures/gui/chapter-11/03-interfaces-overview.png
00_book/figures/gui/chapter-11/04-acl-form-zoom.png,1,Markdown/HTML image intended target; current links are broken,figures/gui/chapter-11/04-acl-form-zoom.png
00_book/figures/gui/chapter-11/05-acl-overview.png,1,Markdown/HTML image intended target; current links are broken,figures/gui/chapter-11/05-acl-overview.png
00_book/figures/gui/chapter-11/06-static-form-zoom.png,1,Markdown/HTML image intended target; current links are broken,figures/gui/chapter-11/06-static-form-zoom.png
00_book/figures/gui/chapter-11/07-static-overview.png,1,Markdown/HTML image intended target; current links are broken,figures/gui/chapter-11/07-static-overview.png
00_book/figures/gui/chapter-11/08-dynamic-form-zoom.png,1,Markdown/HTML image intended target; current links are broken,figures/gui/chapter-11/08-dynamic-form-zoom.png
00_book/figures/gui/chapter-11/09-dynamic-overview.png,1,Markdown/HTML image intended target; current links are broken,figures/gui/chapter-11/09-dynamic-overview.png
00_book/figures/gui/chapter-11/10-pat-form-zoom.png,1,Markdown/HTML image intended target; current links are broken,figures/gui/chapter-11/10-pat-form-zoom.png
00_book/figures/gui/chapter-11/11-pat-overview.png,1,Markdown/HTML image intended target; current links are broken,figures/gui/chapter-11/11-pat-overview.png
00_book/figures/gui/chapter-11/12-route-map-form-zoom.png,1,Markdown/HTML image intended target; current links are broken,figures/gui/chapter-11/12-route-map-form-zoom.png
00_book/figures/gui/chapter-11/13-route-map-overview.png,1,Markdown/HTML image intended target; current links are broken,figures/gui/chapter-11/13-route-map-overview.png
00_book/figures/gui/chapter-11/14-nat-view-push.png,1,Markdown/HTML image intended target; current links are broken,figures/gui/chapter-11/14-nat-view-push.png
00_book/figures/gui/chapter-12/01-sftp-connection-form.png,1,Markdown/HTML image intended target; current links are broken,figures/gui/chapter-12/01-sftp-connection-form.png
00_book/figures/gui/chapter-12/02-sftp-workspace-overview.png,1,Markdown/HTML image intended target; current links are broken,figures/gui/chapter-12/02-sftp-workspace-overview.png
00_book/figures/gui/chapter-12/03-sftp-connection-bar.png,1,Markdown/HTML image intended target; current links are broken,figures/gui/chapter-12/03-sftp-connection-bar.png
00_book/figures/gui/chapter-12/04-sftp-local-files.png,1,Markdown/HTML image intended target; current links are broken,figures/gui/chapter-12/04-sftp-local-files.png
00_book/figures/gui/chapter-12/05-sftp-remote-files.png,1,Markdown/HTML image intended target; current links are broken,figures/gui/chapter-12/05-sftp-remote-files.png
00_book/figures/gui/chapter-12/06-sftp-transfer-queue.png,1,Markdown/HTML image intended target; current links are broken,figures/gui/chapter-12/06-sftp-transfer-queue.png
00_book/figures/gui/chapter-12/07-sftp-host-key-confirmation.png,1,Markdown/HTML image intended target; current links are broken,figures/gui/chapter-12/07-sftp-host-key-confirmation.png
00_book/figures/gui/chapter-12/08-sftp-connection-paths.png,1,Markdown/HTML image intended target; current links are broken,figures/gui/chapter-12/08-sftp-connection-paths.png
00_book/figures/gui/chapter-12/09-scp-workspace.png,1,Markdown/HTML image intended target; current links are broken,figures/gui/chapter-12/09-scp-workspace.png
00_book/figures/gui/chapter-12/10-sync-notifications.png,1,Markdown/HTML image intended target; current links are broken,figures/gui/chapter-12/10-sync-notifications.png
00_book/figures/gui/chapter-12/11-running-config-history.png,1,Markdown/HTML image intended target; current links are broken,figures/gui/chapter-12/11-running-config-history.png
00_book/figures/gui/chapter-12/12-running-config-diff.png,1,Markdown/HTML image intended target; current links are broken,figures/gui/chapter-12/12-running-config-diff.png
00_book/figures/gui/chapter-13/01-system-logs-overview.png,1,Markdown/HTML image intended target; current links are broken,figures/gui/chapter-13/01-system-logs-overview.png
00_book/figures/gui/chapter-13/02-listener-status.png,1,Markdown/HTML image intended target; current links are broken,figures/gui/chapter-13/02-listener-status.png
00_book/figures/gui/chapter-13/03-log-filter-bar.png,1,Markdown/HTML image intended target; current links are broken,figures/gui/chapter-13/03-log-filter-bar.png
00_book/figures/gui/chapter-13/04-severity-levels.png,1,Markdown/HTML image intended target; current links are broken,figures/gui/chapter-13/04-severity-levels.png
00_book/figures/gui/chapter-13/05-critical-filter-result.png,1,Markdown/HTML image intended target; current links are broken,figures/gui/chapter-13/05-critical-filter-result.png
00_book/figures/gui/chapter-13/06-smart-filter-builder.png,1,Markdown/HTML image intended target; current links are broken,figures/gui/chapter-13/06-smart-filter-builder.png
00_book/figures/gui/chapter-13/07-log-message-details.png,1,Markdown/HTML image intended target; current links are broken,figures/gui/chapter-13/07-log-message-details.png
00_book/figures/gui/chapter-14/01-switch-ports-overview.png,1,Markdown/HTML image intended target; current links are broken,figures/gui/chapter-14/01-switch-ports-overview.png
00_book/figures/gui/chapter-14/02-access-port-form.png,1,Markdown/HTML image intended target; current links are broken,figures/gui/chapter-14/02-access-port-form.png
00_book/figures/gui/chapter-14/03-access-loop-protection.png,1,Markdown/HTML image intended target; current links are broken,figures/gui/chapter-14/03-access-loop-protection.png
00_book/figures/gui/chapter-14/04-trunk-port-form.png,1,Markdown/HTML image intended target; current links are broken,figures/gui/chapter-14/04-trunk-port-form.png
00_book/figures/gui/chapter-14/05-trunk-loop-protection.png,1,Markdown/HTML image intended target; current links are broken,figures/gui/chapter-14/05-trunk-loop-protection.png
00_book/figures/gui/chapter-14/06-interfaces-view-push.png,1,Markdown/HTML image intended target; current links are broken,figures/gui/chapter-14/06-interfaces-view-push.png
00_book/figures/gui/chapter-15/01-vlan-form.png,1,Markdown/HTML image intended target; current links are broken,figures/gui/chapter-15/01-vlan-form.png
00_book/figures/gui/chapter-15/02-vlan-overview.png,1,Markdown/HTML image intended target; current links are broken,figures/gui/chapter-15/02-vlan-overview.png
00_book/figures/gui/chapter-15/03-vlan-view-push.png,1,Markdown/HTML image intended target; current links are broken,figures/gui/chapter-15/03-vlan-view-push.png
00_book/figures/gui/chapter-15/04-etherchannel-form.png,1,Markdown/HTML image intended target; current links are broken,figures/gui/chapter-15/04-etherchannel-form.png
00_book/figures/gui/chapter-15/05-quick-etherchannel.png,1,Markdown/HTML image intended target; current links are broken,figures/gui/chapter-15/05-quick-etherchannel.png
00_book/figures/gui/chapter-15/06-etherchannel-view-push.png,1,Markdown/HTML image intended target; current links are broken,figures/gui/chapter-15/06-etherchannel-view-push.png
00_book/figures/gui/chapter-15/07-stp-form.png,1,Markdown/HTML image intended target; current links are broken,figures/gui/chapter-15/07-stp-form.png
00_book/figures/gui/chapter-15/08-stp-view-push.png,1,Markdown/HTML image intended target; current links are broken,figures/gui/chapter-15/08-stp-view-push.png
00_book/figures/gui/chapter-15/09-vtp-group-top.png,1,Markdown/HTML image intended target; current links are broken,figures/gui/chapter-15/09-vtp-group-top.png
00_book/figures/gui/chapter-15/10-vtp-member-policy.png,1,Markdown/HTML image intended target; current links are broken,figures/gui/chapter-15/10-vtp-member-policy.png
00_book/figures/gui/chapter-15/11-vtp-view-push.png,1,Markdown/HTML image intended target; current links are broken,figures/gui/chapter-15/11-vtp-view-push.png
00_book/figures/gui/chapter-15/12-quick-etherchannel-peer.png,1,Markdown/HTML image intended target; current links are broken,figures/gui/chapter-15/12-quick-etherchannel-peer.png
00_book/figures/gui/chapter-15/13-quick-etherchannel-link-mode.png,1,Markdown/HTML image intended target; current links are broken,figures/gui/chapter-15/13-quick-etherchannel-link-mode.png
00_book/figures/gui/chapter-16/01-vlan-protection.png,1,Markdown/HTML image intended target; current links are broken,figures/gui/chapter-16/01-vlan-protection.png
00_book/figures/gui/chapter-16/02-trusted-uplinks.png,1,Markdown/HTML image intended target; current links are broken,figures/gui/chapter-16/02-trusted-uplinks.png
00_book/figures/gui/chapter-16/03-static-mac-form.png,1,Markdown/HTML image intended target; current links are broken,figures/gui/chapter-16/03-static-mac-form.png
00_book/figures/gui/chapter-16/04-l2-security-view-push.png,1,Markdown/HTML image intended target; current links are broken,figures/gui/chapter-16/04-l2-security-view-push.png
00_book/figures/gui/chapter-16/05-port-security-form.png,1,Markdown/HTML image intended target; current links are broken,figures/gui/chapter-16/05-port-security-form.png
00_book/figures/gui/chapter-16/07-port-security-view-push.png,1,Markdown/HTML image intended target; current links are broken,figures/gui/chapter-16/07-port-security-view-push.png
00_book/figures/gui/chapter-17/01-port-counters.png,1,Markdown/HTML image intended target; current links are broken,figures/gui/chapter-17/01-port-counters.png
00_book/figures/gui/chapter-17/02-mac-address-table.png,1,Markdown/HTML image intended target; current links are broken,figures/gui/chapter-17/02-mac-address-table.png
00_book/figures/gui/chapter-18/01-routed-port-form.png,1,Markdown/HTML image intended target; current links are broken,figures/gui/chapter-18/01-routed-port-form.png
00_book/figures/gui/chapter-18/02-routed-ports-overview.png,1,Markdown/HTML image intended target; current links are broken,figures/gui/chapter-18/02-routed-ports-overview.png
00_book/figures/gui/chapter-18/03-interfaces-view-push-routed.png,1,Markdown/HTML image intended target; current links are broken,figures/gui/chapter-18/03-interfaces-view-push-routed.png
00_book/figures/gui/chapter-18/04-svi-form.png,1,Markdown/HTML image intended target; current links are broken,figures/gui/chapter-18/04-svi-form.png
00_book/figures/gui/chapter-18/05-svi-overview-ip-routing.png,1,Markdown/HTML image intended target; current links are broken,figures/gui/chapter-18/05-svi-overview-ip-routing.png
00_book/figures/gui/chapter-18/06-svi-view-push.png,1,Markdown/HTML image intended target; current links are broken,figures/gui/chapter-18/06-svi-view-push.png
00_book/figures/gui/chapter-19/01-dhcp-pool-form.png,1,Markdown/HTML image intended target; current links are broken,figures/gui/chapter-19/01-dhcp-pool-form.png
00_book/figures/gui/chapter-19/02-dhcp-server-overview.png,1,Markdown/HTML image intended target; current links are broken,figures/gui/chapter-19/02-dhcp-server-overview.png
00_book/figures/gui/chapter-19/03-dhcp-server-view-push.png,1,Markdown/HTML image intended target; current links are broken,figures/gui/chapter-19/03-dhcp-server-view-push.png
00_book/figures/gui/chapter-19/04-dhcp-relay-form.png,1,Markdown/HTML image intended target; current links are broken,figures/gui/chapter-19/04-dhcp-relay-form.png
00_book/figures/gui/chapter-19/05-dhcp-relay-view-push.png,1,Markdown/HTML image intended target; current links are broken,figures/gui/chapter-19/05-dhcp-relay-view-push.png
00_book/figures/gui/chapter-19/06-acl-extended-form.png,1,Markdown/HTML image intended target; current links are broken,figures/gui/chapter-19/06-acl-extended-form.png
00_book/figures/gui/chapter-19/07-acl-bindings.png,1,Markdown/HTML image intended target; current links are broken,figures/gui/chapter-19/07-acl-bindings.png
00_book/figures/gui/chapter-19/08-acl-view-push.png,1,Markdown/HTML image intended target; current links are broken,figures/gui/chapter-19/08-acl-view-push.png
00_book/figures/icons/logo.svg,0,theme logo/favicon,figures/icons/logo.svg
