path,asset_class,naming_quality,usage_status,notes
00_book/figures/gui/chapter-09/02-hsrp-authentication-timers.png,ui,partially-semantic,orphan,"Visual inspection of full inventory contact sheets; source/caption context cross-checked. Reproducibility is static source capability, not a successful rendering test."
00_book/figures/icons/ptit-logo.svg,logo-icon,semantic,orphan,Visual inspection of full inventory contact sheets; source/caption context cross-checked. SVG contains 1 raster image elements; Qt SVG preview may omit some embedded icons; hybrid source is not pure vector.
00_book/figures/report/diagrams/01_pipeline_automation.svg,workflow-diagram,partially-semantic,orphan,Visual inspection of full inventory contact sheets; source/caption context cross-checked.
00_book/figures/report/diagrams/03_cli_modes.svg,workflow-diagram,partially-semantic,orphan,Visual inspection of full inventory contact sheets; source/caption context cross-checked.
00_book/figures/report/diagrams/04_ssh_connection.svg,architecture-diagram,partially-semantic,orphan,Visual inspection of full inventory contact sheets; source/caption context cross-checked.
00_book/figures/report/diagrams/05_session_lifecycle.svg,workflow-diagram,partially-semantic,orphan,Visual inspection of full inventory contact sheets; source/caption context cross-checked.
00_book/figures/report/diagrams/06_dhcp_dora.svg,workflow-diagram,partially-semantic,orphan,Visual inspection of full inventory contact sheets; source/caption context cross-checked.
00_book/figures/report/diagrams/07_ospf_area.png,network-diagram,partially-semantic,orphan,Visual inspection of full inventory contact sheets; source/caption context cross-checked. Same subject/name vector comparison: different-content. No exporter provenance found; not classified derivative-raster.
00_book/figures/report/diagrams/07_ospf_area.svg,network-diagram,partially-semantic,orphan,Visual inspection of full inventory contact sheets; source/caption context cross-checked.
00_book/figures/report/diagrams/08_acl_packet_flow.jpg,workflow-diagram,partially-semantic,orphan,Visual inspection of full inventory contact sheets; source/caption context cross-checked. Same subject/name vector comparison: different-content. No exporter provenance found; not classified derivative-raster.
00_book/figures/report/diagrams/08_acl_packet_flow.svg,workflow-diagram,partially-semantic,orphan,Visual inspection of full inventory contact sheets; source/caption context cross-checked.
00_book/figures/report/diagrams/09_nat_pat.svg,network-diagram,partially-semantic,orphan,Visual inspection of full inventory contact sheets; source/caption context cross-checked.
00_book/figures/report/diagrams/10_fhrp_gateway.svg,network-diagram,partially-semantic,orphan,Visual inspection of full inventory contact sheets; source/caption context cross-checked.
00_book/figures/report/diagrams/11_db_schema.svg,database-diagram,partially-semantic,orphan,Visual inspection of full inventory contact sheets; source/caption context cross-checked.
00_book/figures/report/diagrams/12_netmiko_stack.svg,architecture-diagram,partially-semantic,orphan,Visual inspection of full inventory contact sheets; source/caption context cross-checked.
00_book/figures/report/diagrams/13_qtquick_tree.svg,architecture-diagram,partially-semantic,orphan,Visual inspection of full inventory contact sheets; source/caption context cross-checked.
00_book/figures/report/diagrams/14_qml_signal_slot.svg,architecture-diagram,partially-semantic,orphan,Visual inspection of full inventory contact sheets; source/caption context cross-checked.
00_book/figures/report/diagrams/15_ui_thread_workers.svg,architecture-diagram,partially-semantic,orphan,Visual inspection of full inventory contact sheets; source/caption context cross-checked.
00_book/figures/report/diagrams/16_host_lock.svg,architecture-diagram,partially-semantic,orphan,Visual inspection of full inventory contact sheets; source/caption context cross-checked.
00_book/figures/report/diagrams/17_serialize_parallel.svg,workflow-diagram,partially-semantic,orphan,Visual inspection of full inventory contact sheets; source/caption context cross-checked.
00_book/figures/report/diagrams/18_syslog_pipeline.svg,workflow-diagram,partially-semantic,orphan,Visual inspection of full inventory contact sheets; source/caption context cross-checked.
00_book/figures/report/diagrams/19_testing_flow_a.svg,workflow-diagram,partially-semantic,orphan,Visual inspection of full inventory contact sheets; source/caption context cross-checked.
00_book/figures/report/diagrams/20_testing_flow_b.svg,workflow-diagram,partially-semantic,orphan,Visual inspection of full inventory contact sheets; source/caption context cross-checked.
00_book/figures/report/diagrams/21_lab_test_flow.svg,workflow-diagram,partially-semantic,orphan,Visual inspection of full inventory contact sheets; source/caption context cross-checked.
00_book/figures/report/diagrams/Etherchannel.jpg,network-diagram,partially-semantic,orphan,Visual inspection of full inventory contact sheets; source/caption context cross-checked.
00_book/figures/report/diagrams/LAB_2.svg,network-diagram,partially-semantic,orphan,Visual inspection of full inventory contact sheets; source/caption context cross-checked.
00_book/figures/report/diagrams/STP.jpg,network-diagram,partially-semantic,orphan,Visual inspection of full inventory contact sheets; source/caption context cross-checked.
00_book/figures/report/diagrams/VTP.jpg,network-diagram,partially-semantic,orphan,Visual inspection of full inventory contact sheets; source/caption context cross-checked.
00_book/figures/report/diagrams/dhcp-snooping.jpg,network-diagram,semantic,orphan,Visual inspection of full inventory contact sheets; source/caption context cross-checked.
00_book/figures/report/diagrams/dhcp_dora.png,workflow-diagram,partially-semantic,orphan,Visual inspection of full inventory contact sheets; source/caption context cross-checked.
00_book/figures/report/diagrams/fhrp-nat-dhcp-lab/fhrp-nat-dhcp.svg,network-diagram,semantic,orphan,Visual inspection of full inventory contact sheets; source/caption context cross-checked. SVG contains 30 raster image elements; Qt SVG preview may omit some embedded icons; hybrid source is not pure vector.
00_book/figures/report/diagrams/jenkins_pipeline_stages.png,device-verification,partially-semantic,orphan,Visual inspection of full inventory contact sheets; source/caption context cross-checked. External Jenkins UI: device-verification is closest available evidence bucket; secondary CI evidence tag; not CAMS UI.
00_book/figures/report/diagrams/lab_4.svg,network-diagram,partially-semantic,orphan,Visual inspection of full inventory contact sheets; source/caption context cross-checked. SVG contains 5 raster image elements; Qt SVG preview may omit some embedded icons; hybrid source is not pure vector.
00_book/figures/report/diagrams/routing-ospf-lab/13.png,ui,opaque,orphan,"Visual inspection of full inventory contact sheets; source/caption context cross-checked. Reproducibility is static source capability, not a successful rendering test."
00_book/figures/report/diagrams/routing-ospf-lab/15.png,ui,opaque,orphan,"Visual inspection of full inventory contact sheets; source/caption context cross-checked. Reproducibility is static source capability, not a successful rendering test."
00_book/figures/report/diagrams/routing-ospf-lab/17.png,terminal-evidence,opaque,orphan,Visual inspection of full inventory contact sheets; source/caption context cross-checked. Dense output; inspect original at full resolution before reconstruction.
00_book/figures/report/diagrams/routing-ospf-lab/19.png,terminal-evidence,opaque,orphan,Visual inspection of full inventory contact sheets; source/caption context cross-checked. Dense output; inspect original at full resolution before reconstruction.
00_book/figures/report/diagrams/routing-ospf-lab/2.png,ui,opaque,orphan,"Visual inspection of full inventory contact sheets; source/caption context cross-checked. Reproducibility is static source capability, not a successful rendering test."
00_book/figures/report/diagrams/routing-ospf-lab/20.png,terminal-evidence,opaque,orphan,Visual inspection of full inventory contact sheets; source/caption context cross-checked. Dense output; inspect original at full resolution before reconstruction.
00_book/figures/report/diagrams/routing-ospf-lab/21.png,terminal-evidence,opaque,orphan,Visual inspection of full inventory contact sheets; source/caption context cross-checked.
00_book/figures/report/diagrams/routing-ospf-lab/22.png,terminal-evidence,opaque,orphan,Visual inspection of full inventory contact sheets; source/caption context cross-checked.
00_book/figures/report/diagrams/routing-ospf-lab/23.png,terminal-evidence,opaque,orphan,Visual inspection of full inventory contact sheets; source/caption context cross-checked.
00_book/figures/report/diagrams/routing-ospf-lab/24.png,terminal-evidence,opaque,orphan,Visual inspection of full inventory contact sheets; source/caption context cross-checked.
00_book/figures/report/diagrams/routing-ospf-lab/26.png,terminal-evidence,opaque,orphan,Visual inspection of full inventory contact sheets; source/caption context cross-checked.
00_book/figures/report/diagrams/routing-ospf-lab/27.png,terminal-evidence,opaque,orphan,Visual inspection of full inventory contact sheets; source/caption context cross-checked.
00_book/figures/report/diagrams/routing-ospf-lab/3.png,ui,opaque,orphan,"Visual inspection of full inventory contact sheets; source/caption context cross-checked. Reproducibility is static source capability, not a successful rendering test."
00_book/figures/report/diagrams/routing-ospf-lab/4.png,ui,opaque,orphan,"Visual inspection of full inventory contact sheets; source/caption context cross-checked. Reproducibility is static source capability, not a successful rendering test."
00_book/figures/report/diagrams/routing-ospf-lab/5.png,ui,opaque,orphan,"Visual inspection of full inventory contact sheets; source/caption context cross-checked. Reproducibility is static source capability, not a successful rendering test."
00_book/figures/report/diagrams/routing-ospf-lab/6.png,ui,opaque,orphan,"Visual inspection of full inventory contact sheets; source/caption context cross-checked. Reproducibility is static source capability, not a successful rendering test."
00_book/figures/report/diagrams/routing-ospf-lab/7.png,ui,opaque,orphan,"Visual inspection of full inventory contact sheets; source/caption context cross-checked. Reproducibility is static source capability, not a successful rendering test."
00_book/figures/report/diagrams/routing-ospf-lab/8.png,ui,opaque,orphan,"Visual inspection of full inventory contact sheets; source/caption context cross-checked. Reproducibility is static source capability, not a successful rendering test."
00_book/figures/report/diagrams/routing-ospf-lab/9.png,ui,opaque,orphan,"Visual inspection of full inventory contact sheets; source/caption context cross-checked. Reproducibility is static source capability, not a successful rendering test."
00_book/figures/report/diagrams/switching-lab/1_1.png,ui,opaque,orphan,"Visual inspection of full inventory contact sheets; source/caption context cross-checked. Reproducibility is static source capability, not a successful rendering test."
00_book/figures/report/diagrams/switching-lab/1_10.png,ui,opaque,orphan,"Visual inspection of full inventory contact sheets; source/caption context cross-checked. Reproducibility is static source capability, not a successful rendering test."
00_book/figures/report/diagrams/switching-lab/1_11.png,ui,opaque,orphan,"Visual inspection of full inventory contact sheets; source/caption context cross-checked. Reproducibility is static source capability, not a successful rendering test."
00_book/figures/report/diagrams/switching-lab/1_12.png,ui,opaque,orphan,"Visual inspection of full inventory contact sheets; source/caption context cross-checked. Reproducibility is static source capability, not a successful rendering test."
00_book/figures/report/diagrams/switching-lab/1_13.png,ui,opaque,orphan,"Visual inspection of full inventory contact sheets; source/caption context cross-checked. Reproducibility is static source capability, not a successful rendering test."
00_book/figures/report/diagrams/switching-lab/1_14.png,ui,opaque,orphan,"Visual inspection of full inventory contact sheets; source/caption context cross-checked. Reproducibility is static source capability, not a successful rendering test."
00_book/figures/report/diagrams/switching-lab/1_15.png,ui,opaque,orphan,"Visual inspection of full inventory contact sheets; source/caption context cross-checked. Reproducibility is static source capability, not a successful rendering test."
00_book/figures/report/diagrams/switching-lab/1_17.png,ui,opaque,orphan,"Visual inspection of full inventory contact sheets; source/caption context cross-checked. Reproducibility is static source capability, not a successful rendering test."
00_book/figures/report/diagrams/switching-lab/1_18.png,ui,opaque,orphan,"Visual inspection of full inventory contact sheets; source/caption context cross-checked. Reproducibility is static source capability, not a successful rendering test."
00_book/figures/report/diagrams/switching-lab/1_19.png,ui,opaque,orphan,"Visual inspection of full inventory contact sheets; source/caption context cross-checked. Reproducibility is static source capability, not a successful rendering test."
00_book/figures/report/diagrams/switching-lab/1_2.png,ui,opaque,orphan,"Visual inspection of full inventory contact sheets; source/caption context cross-checked. Reproducibility is static source capability, not a successful rendering test."
00_book/figures/report/diagrams/switching-lab/1_22.png,ui,opaque,orphan,"Visual inspection of full inventory contact sheets; source/caption context cross-checked. Reproducibility is static source capability, not a successful rendering test."
00_book/figures/report/diagrams/switching-lab/1_23.png,ui,opaque,orphan,"Visual inspection of full inventory contact sheets; source/caption context cross-checked. Reproducibility is static source capability, not a successful rendering test."
00_book/figures/report/diagrams/switching-lab/1_24.png,ui,opaque,orphan,"Visual inspection of full inventory contact sheets; source/caption context cross-checked. Reproducibility is static source capability, not a successful rendering test."
00_book/figures/report/diagrams/switching-lab/1_26.png,ui,opaque,orphan,"Visual inspection of full inventory contact sheets; source/caption context cross-checked. Reproducibility is static source capability, not a successful rendering test."
00_book/figures/report/diagrams/switching-lab/1_27.png,terminal-evidence,opaque,orphan,Visual inspection of full inventory contact sheets; source/caption context cross-checked. Dense output; inspect original at full resolution before reconstruction.
00_book/figures/report/diagrams/switching-lab/1_28.png,terminal-evidence,opaque,orphan,Visual inspection of full inventory contact sheets; source/caption context cross-checked. Dense output; inspect original at full resolution before reconstruction.
00_book/figures/report/diagrams/switching-lab/1_29.png,terminal-evidence,opaque,orphan,Visual inspection of full inventory contact sheets; source/caption context cross-checked.
00_book/figures/report/diagrams/switching-lab/1_31.png,terminal-evidence,opaque,orphan,Visual inspection of full inventory contact sheets; source/caption context cross-checked. Dense output; inspect original at full resolution before reconstruction.
00_book/figures/report/diagrams/switching-lab/1_32.png,ui,opaque,orphan,"Visual inspection of full inventory contact sheets; source/caption context cross-checked. Reproducibility is static source capability, not a successful rendering test."
00_book/figures/report/diagrams/switching-lab/1_33.png,terminal-evidence,opaque,orphan,Visual inspection of full inventory contact sheets; source/caption context cross-checked.
00_book/figures/report/diagrams/switching-lab/1_4.png,ui,opaque,orphan,"Visual inspection of full inventory contact sheets; source/caption context cross-checked. Reproducibility is static source capability, not a successful rendering test."
00_book/figures/report/diagrams/switching-lab/1_5.png,ui,opaque,orphan,"Visual inspection of full inventory contact sheets; source/caption context cross-checked. Reproducibility is static source capability, not a successful rendering test."
00_book/figures/report/diagrams/switching-lab/1_6.png,ui,opaque,orphan,"Visual inspection of full inventory contact sheets; source/caption context cross-checked. Reproducibility is static source capability, not a successful rendering test."
00_book/figures/report/diagrams/switching-lab/1_7.png,ui,opaque,orphan,"Visual inspection of full inventory contact sheets; source/caption context cross-checked. Reproducibility is static source capability, not a successful rendering test."
00_book/figures/report/diagrams/switching-lab/1_8.png,ui,opaque,orphan,"Visual inspection of full inventory contact sheets; source/caption context cross-checked. Reproducibility is static source capability, not a successful rendering test."
00_book/figures/report/diagrams/switching-lab/1_9.png,ui,opaque,orphan,"Visual inspection of full inventory contact sheets; source/caption context cross-checked. Reproducibility is static source capability, not a successful rendering test."
00_book/figures/report/diagrams/syslog-lab/syslog-lab-topology.svg,network-diagram,semantic,orphan,Visual inspection of full inventory contact sheets; source/caption context cross-checked. SVG contains 13 raster image elements; Qt SVG preview may omit some embedded icons; hybrid source is not pure vector.
00_book/figures/report/diagrams/vlan.png,network-diagram,semantic,orphan,Visual inspection of full inventory contact sheets; source/caption context cross-checked.
00_book/figures/report/misc/cams-screenshot-2026-09-13-18-17-17.png,terminal-evidence,semantic,orphan,Visual inspection of full inventory contact sheets; source/caption context cross-checked.
00_report/Tai_lieu_lab/LAB1/1.png,misc,opaque,orphan,"Visual inspection of full inventory contact sheets; source/caption context cross-checked. Raw lab source document page, not terminal screenshot; retain even without runtime document reference."
00_report/Tai_lieu_lab/LAB1/10.png,misc,opaque,orphan,"Visual inspection of full inventory contact sheets; source/caption context cross-checked. Raw lab source document page, not terminal screenshot; retain even without runtime document reference."
00_report/Tai_lieu_lab/LAB1/11.png,misc,opaque,orphan,"Visual inspection of full inventory contact sheets; source/caption context cross-checked. Raw lab source document page, not terminal screenshot; retain even without runtime document reference."
00_report/Tai_lieu_lab/LAB1/12.png,misc,opaque,orphan,"Visual inspection of full inventory contact sheets; source/caption context cross-checked. Raw lab source document page, not terminal screenshot; retain even without runtime document reference."
00_report/Tai_lieu_lab/LAB1/2.png,misc,opaque,orphan,"Visual inspection of full inventory contact sheets; source/caption context cross-checked. Raw lab source document page, not terminal screenshot; retain even without runtime document reference."
00_report/Tai_lieu_lab/LAB1/3.png,misc,opaque,orphan,"Visual inspection of full inventory contact sheets; source/caption context cross-checked. Raw lab source document page, not terminal screenshot; retain even without runtime document reference."
00_report/Tai_lieu_lab/LAB1/4.png,misc,opaque,orphan,"Visual inspection of full inventory contact sheets; source/caption context cross-checked. Raw lab source document page, not terminal screenshot; retain even without runtime document reference."
00_report/Tai_lieu_lab/LAB1/5.png,misc,opaque,orphan,"Visual inspection of full inventory contact sheets; source/caption context cross-checked. Raw lab source document page, not terminal screenshot; retain even without runtime document reference."
00_report/Tai_lieu_lab/LAB1/6.png,misc,opaque,orphan,"Visual inspection of full inventory contact sheets; source/caption context cross-checked. Raw lab source document page, not terminal screenshot; retain even without runtime document reference."
00_report/Tai_lieu_lab/LAB1/7.png,misc,opaque,orphan,"Visual inspection of full inventory contact sheets; source/caption context cross-checked. Raw lab source document page, not terminal screenshot; retain even without runtime document reference."
00_report/Tai_lieu_lab/LAB1/8.png,misc,opaque,orphan,"Visual inspection of full inventory contact sheets; source/caption context cross-checked. Raw lab source document page, not terminal screenshot; retain even without runtime document reference."
00_report/Tai_lieu_lab/LAB1/9.png,misc,opaque,orphan,"Visual inspection of full inventory contact sheets; source/caption context cross-checked. Raw lab source document page, not terminal screenshot; retain even without runtime document reference."
00_report/Tai_lieu_lab/LAB1/ANH_CUA_LAB/1.png,network-diagram,opaque,orphan,Visual inspection of full inventory contact sheets; source/caption context cross-checked.
00_report/Tai_lieu_lab/LAB1/ANH_CUA_LAB/image copy 10.png,terminal-evidence,problematic,orphan,Visual inspection of full inventory contact sheets; source/caption context cross-checked.
00_report/Tai_lieu_lab/LAB1/ANH_CUA_LAB/image copy 11.png,ui,problematic,orphan,"Visual inspection of full inventory contact sheets; source/caption context cross-checked. Reproducibility is static source capability, not a successful rendering test."
00_report/Tai_lieu_lab/LAB1/ANH_CUA_LAB/image copy 12.png,terminal-evidence,problematic,orphan,Visual inspection of full inventory contact sheets; source/caption context cross-checked.
00_report/Tai_lieu_lab/LAB1/ANH_CUA_LAB/image copy 13.png,ui,problematic,orphan,"Visual inspection of full inventory contact sheets; source/caption context cross-checked. Reproducibility is static source capability, not a successful rendering test."
00_report/Tai_lieu_lab/LAB1/ANH_CUA_LAB/image copy 14.png,ui,problematic,orphan,"Visual inspection of full inventory contact sheets; source/caption context cross-checked. Reproducibility is static source capability, not a successful rendering test."
00_report/Tai_lieu_lab/LAB1/ANH_CUA_LAB/image copy 2.png,ui,problematic,orphan,"Visual inspection of full inventory contact sheets; source/caption context cross-checked. Reproducibility is static source capability, not a successful rendering test."
00_report/Tai_lieu_lab/LAB1/ANH_CUA_LAB/image copy 3.png,ui,problematic,orphan,"Visual inspection of full inventory contact sheets; source/caption context cross-checked. Reproducibility is static source capability, not a successful rendering test."
00_report/Tai_lieu_lab/LAB1/ANH_CUA_LAB/image copy 4.png,ui,problematic,orphan,"Visual inspection of full inventory contact sheets; source/caption context cross-checked. Reproducibility is static source capability, not a successful rendering test."
00_report/Tai_lieu_lab/LAB1/ANH_CUA_LAB/image copy 5.png,ui,problematic,orphan,"Visual inspection of full inventory contact sheets; source/caption context cross-checked. Reproducibility is static source capability, not a successful rendering test."
00_report/Tai_lieu_lab/LAB1/ANH_CUA_LAB/image copy 6.png,ui,problematic,orphan,"Visual inspection of full inventory contact sheets; source/caption context cross-checked. Reproducibility is static source capability, not a successful rendering test."
00_report/Tai_lieu_lab/LAB1/ANH_CUA_LAB/image copy 7.png,ui,problematic,orphan,"Visual inspection of full inventory contact sheets; source/caption context cross-checked. Reproducibility is static source capability, not a successful rendering test."
00_report/Tai_lieu_lab/LAB1/ANH_CUA_LAB/image copy 8.png,ui,problematic,orphan,"Visual inspection of full inventory contact sheets; source/caption context cross-checked. Reproducibility is static source capability, not a successful rendering test."
00_report/Tai_lieu_lab/LAB1/ANH_CUA_LAB/image copy 9.png,terminal-evidence,problematic,orphan,Visual inspection of full inventory contact sheets; source/caption context cross-checked.
00_report/Tai_lieu_lab/LAB1/ANH_CUA_LAB/image copy.png,ui,problematic,orphan,"Visual inspection of full inventory contact sheets; source/caption context cross-checked. Reproducibility is static source capability, not a successful rendering test."
00_report/Tai_lieu_lab/LAB1/ANH_CUA_LAB/image.png,ui,problematic,orphan,"Visual inspection of full inventory contact sheets; source/caption context cross-checked. Reproducibility is static source capability, not a successful rendering test."
